grade	module	section	term	pos	translation	note
11	Module 1	1a	accommodate	v	предоставлять жилье	
11	Module 1	1a	affect	v	влиять на, воздействовать на	
11	Module 1	1a	alien to	adj	чуждый, несвойственный	
11	Module 1	1a	ancestor	n	предок	
11	Module 1	1a	authority	n	власть, авторитет	
11	Module 1	1a	behaviour	n	поведение	
11	Module 1	1a	birth rate	n	уровень рождаемости, коэффициент рождаемости	
11	Module 1	1a	brother-in-law	n	зять (муж сестры), шурин (брат жены), деверь (брат мужа)	
11	Module 1	1a	concept	n	идея, понятие	
11	Module 1	1a	control	v	сдерживать, управлять, контролировать	
11	Module 1	1a	cradle	n	исток, начало	
11	Module 1	1a	cultural traditions	n	культурные традиции	
11	Module 1	1a	divorced	adj	разведенный	
11	Module 1	1a	drop	v	понижать, снижать	
11	Module 1	1a	dull	adj	скучный, унылый	
11	Module 1	1a	elderly	adj	пожилой, преклонного возраста	
11	Module 1	1a	elder	n	старший, старшие	
11	Module 1	1a	engaged	adj	помолвленный	
11	Module 1	1a	ex-husband	n	бывший муж	
11	Module 1	1a	extended	adj	большой, огромный	(о семье)
11	Module 1	1a	foster	v	воспитывать, передавать на воспитание	
11	Module 1	1a	generation	n	поколение	
11	Module 1	1a	grandson	n	внук	
11	Module 1	1a	great-grandfather	n	прадед	
11	Module 1	1a	half sister	n	сводная сестра	(по одному из родителей)
11	Module 1	1a	hierarchy	n	иерархия	
11	Module 1	1a	honour	n	честь	
11	Module 1	1a	immediate	adj	ближайший	
11	Module 1	1a	in-laws	n	родня со стороны жены или мужа	
11	Module 1	1a	marriage	n	свадьба, бракосочетание	
11	Module 1	1a	married	adj	женатый, замужем	
11	Module 1	1a	maternal	adj	по материнской линии	
11	Module 1	1a	mother-in-law	n	теща, свекровь	
11	Module 1	1a	nephew	n	племянник	
11	Module 1	1a	nuclear	adj	семья, состоящая из родителей и детей	
11	Module 1	1a	nucleus	n	центр, ядро	
11	Module 1	1a	obey	v	подчиняться, повиноваться	
11	Module 1	1a	old	adj	старый	
11	Module 1	1a	only child	n	единственный ребенок в семье	
11	Module 1	1a	policy	n	политика	
11	Module 1	1a	ranking	n	ранг, положение в обществе	
11	Module 1	1a	regard	v	уважать, считаться с	
11	Module 1	1a	relation	n	родство	
11	Module 1	1a	relative	n	родственник	
11	Module 1	1a	remain	v	оставаться	
11	Module 1	1a	reputation	n	репутация	
11	Module 1	1a	role	n	роль, обязанность, назначение	
11	Module 1	1a	senior	n	старшекурсник, старшеклассник, старший по званию или возрасту	
11	Module 1	1a	separated	adj	проживающий отдельно от супруга(и)	
11	Module 1	1a	sibling	n	родной брат, сестра	
11	Module 1	1a	single	adj	неженатый, незамужем	
11	Module 1	1a	single parent family	n	семья, в которой только один из родителей	(мать или отец)
11	Module 1	1a	stepfather	n	отчим	
11	Module 1	1a	stepmother	n	мачеха	
11	Module 1	1a	stroll	v	неспешно прогуливаться	
11	Module 1	1a	structure	n	структура	
11	Module 1	1a	support	n	поддержка	
11	Module 1	1a	twin sister	n	сестра-близнец	
11	Module 1	1a	unique	adj	уникальный, единственный	
11	Module 1	1a	wedding	n	свадьба, венчание	
11	Module 1	1a	widow	n	вдова	
11	Module 1	1a Phrasal verbs	care for	phr v	заботиться (о ком-либо), позаботиться	
11	Module 1	1a Phrasal verbs	comply with	phr v	соответствовать, подчиняться правилам	
11	Module 1	1a Phrasal verbs	dress up	phr v	изысканно одеваться, одеться для особого случая, наряжаться	
11	Module 1	1a Phrasal verbs	get on (well/badly)	phr v	ладить	
11	Module 1	1a Phrasal verbs	pass away	phr v	умереть, скончаться	
11	Module 1	1a Phrasal verbs	reflect on	phr v	отражаться на, бросать тень на	
11	Module 1	1a Phrases	take priority	phr	пользоваться преимуществом, приоритетом	
11	Module 1	1a Phrases	under one roof	phr	под одной крышей	
11	Module 1	1b	apology	n	извинение	
11	Module 1	1b	appreciate	v	быть признательным, ценить	
11	Module 1	1b	argue (with)	v	спорить	
11	Module 1	1b	bark	v	лаять	
11	Module 1	1b	bighead	n	хвастун	
11	Module 1	1b	busybody	n	сплетник; человек, ввязывающийся не в свое дело	
11	Module 1	1b	chatterbox	n	болтун	
11	Module 1	1b	complaint	n	недовольство	
11	Module 1	1b	concern	v	иметь отношение (к чему-либо), касаться	
11	Module 1	1b	connection	n	связь, отношения	
11	Module 1	1b	damage	n	вред, урон	
11	Module 1	1b	famous	adj	известный	
11	Module 1	1b	fault	n	вина	
11	Module 1	1b	glance	v	взглянуть	
11	Module 1	1b	interfere	v	вмешиваться	
11	Module 1	1b	involve	v	вовлекать	(кого-либо во что-либо)
11	Module 1	1b	litter	n	мусор	
11	Module 1	1b	near	adj	близкий	
11	Module 1	1b	noisy	adj	шумный	
11	Module 1	1b	nosy parker	n	человек, всюду сующий свой нос	
11	Module 1	1b	peep	v	заглядывать украдкой, подглядывать	
11	Module 1	1b	pleased with	adj	быть довольным	
11	Module 1	1b	popular	adj	популярный, известный	
11	Module 1	1b	property	n	собственность	
11	Module 1	1b	recognise	v	узнавать	
11	Module 1	1b	refuse	v	отказываться	
11	Module 1	1b	relationship	n	отношение	
11	Module 1	1b	smart alec	n	умник	
11	Module 1	1b	troublemaker	n	нарушитель порядка, проказник	
11	Module 1	1b	typical	adj	типичный	
11	Module 1	1b	usual	adj	обычный	
11	Module 1	1b	wonder	v	интересоваться	
11	Module 1	1b	worry	v	беспокоиться	
11	Module 1	1b Phrasal verbs	agree to sth	phr v	соглашаться	(с чем-либо)
11	Module 1	1b Phrasal verbs	approve of sb/sth	phr v	одобрять, утверждать	
11	Module 1	1b Phrasal verbs	depend on	phr v	зависеть от	
11	Module 1	1b Phrasal verbs	dig up	phr v	выкапывать	
11	Module 1	1b Phrasal verbs	get away from	phr v	отделаться, удрать, ускользнуть	
11	Module 1	1b Phrasal verbs	go ahead	phr v	продолжать	
11	Module 1	1b Phrasal verbs	go on	phr v	случаться	
11	Module 1	1b Phrasal verbs	keep sth down	phr v	не увеличивать	(звук)
11	Module 1	1b Phrasal verbs	object to sth	phr v	возражать	
11	Module 1	1b Phrasal verbs	rely on	phr v	полагаться	(на кого-либо)
11	Module 1	1b Phrasal verbs	show off	phr v	хвастаться, красоваться	
11	Module 1	1b Phrasal verbs	take care of	phr v	заботиться	(о ком-либо)
11	Module 1	1b Phrasal verbs	tell off	phr v	отчитывать, бранить	
11	Module 1	1b Phrases	be close to sb	phr	быть близким к кому-либо	(в отношениях)
11	Module 1	1b Phrases	be sb's own flesh and blood	phr	быть плотью и кровью	
11	Module 1	1b Phrases	black sheep	phr	белая ворона, отщепенец	
11	Module 1	1b Phrases	break a promise	phr	нарушать обещание, не сдерживать слово	
11	Module 1	1b Phrases	get on like a house on fire	phr	быть в хороших отношениях	
11	Module 1	1b Phrases	get on one's nerves	phr	действовать на нервы, раздражать	
11	Module 1	1b Phrases	have a quick word	phr	перекинуться парой слов	
11	Module 1	1b Phrases	have an argument	phr	спорить	
11	Module 1	1b Phrases	have sth in common	phr	иметь что-то общее	
11	Module 1	1b Phrases	keep yourself to yourself	phr	быть не очень общительным человеком	
11	Module 1	1b Phrases	make a promise	phr	давать обещание, обещать	
11	Module 1	1b Phrases	make friends with sb	phr	становиться друзьями	
11	Module 1	1b Phrases	on one's way	phr	по пути, по дороге	
11	Module 1	1b Phrases	pick a fight	phr	ввязываться	(во что-либо)
11	Module 1	1b Phrases	put the blame on sb	phr	возлагать вину, сваливать вину	
11	Module 1	1b Phrases	say hello to sb	phr	здороваться	(с кем-либо)
11	Module 1	1b Phrases	see eye to eye	phr	полностью соглашаться, сходиться во взглядах	
11	Module 1	1b Phrases	see sth in sb	phr	видеть схожие черты, узнавать	
11	Module 1	1b Phrases	the apple of sb's eye	phr	зеница ока, очень любимый	
11	Module 1	1b Phrases	ups and downs	phr	превратности судьбы, взлеты и падения	
11	Module 1	1b Phrases	wear the pants	phr	верховодить, руководить, командовать	
11	Module 1	1c	argue	v	спорить	
11	Module 1	1c	ashamed of	adj	пристыженный, стыдиться, стесняться	
11	Module 1	1c	attached to	adj	привязанный к кому-либо	(морально или эмоционально)
11	Module 1	1c	bound	adj	непременный, готовый	
11	Module 1	1c	certain	adj	определенный, неизменный, постоянный	
11	Module 1	1c	crowded	adj	переполненный	(людьми)
11	Module 1	1c	due	adj	должный, ожидаемый	
11	Module 1	1c	elderly	n	пожилой	(человек)
11	Module 1	1c	hurried	adj	спешащий	
11	Module 1	1c	lose	v	терять	
11	Module 1	1c	move	v	передвигать, переезжать	
11	Module 1	1c	painkiller	n	болеутоляющее, обезболивающее средство	
11	Module 1	1c	promotion	n	продвижение	(по службе)
11	Module 1	1c	raise	v	растить, взращивать	
11	Module 1	1c	realise	v	осознавать	
11	Module 1	1c	respect	v	уважать	
11	Module 1	1c	rush	v	торопиться, спешить	
11	Module 1	1c	steal	v	украсть, стащить	
11	Module 1	1c	sure	adj	уверенный	
11	Module 1	1c	washing powder	n	стиральный порошок	
11	Module 1	1c Phrasal verbs	trip over sth	phr v	споткнуться	
11	Module 1	1c Phrases	on the point of	phr	быть готовым что-либо сделать	
11	Module 1	1d	betrayal	n	измена, предательство	
11	Module 1	1d	bothered	adj	беспокойный	
11	Module 1	1d	bunch	n	букет	
11	Module 1	1d	charming	adj	очаровательный	
11	Module 1	1d	clergyman	n	священник	
11	Module 1	1d	devoted	adj	преданный	
11	Module 1	1d	drowsy	adj	сонный	
11	Module 1	1d	envious	adj	завистливый, завидующий	
11	Module 1	1d	flock	n	стая (птиц), стадо	
11	Module 1	1d	gang	n	банда	
11	Module 1	1d	generosity	n	щедрость, великодушие	
11	Module 1	1d	handful	n	горсть, пригоршня	
11	Module 1	1d	herd	n	стадо	(животных)
11	Module 1	1d	hunger	n	голод	
11	Module 1	1d	hypocrisy	n	лицемерие	
11	Module 1	1d	irony	n	ирония	
11	Module 1	1d	last	v	длиться	
11	Module 1	1d	noble	adj	благородный	
11	Module 1	1d	novelist	n	романист	(автор романов)
11	Module 1	1d	pack	n	стая	(собак или волков)
11	Module 1	1d	pluck	v	срывать	
11	Module 1	1d	pour	v	наливать	
11	Module 1	1d	rush	v	спешить, торопиться	
11	Module 1	1d	sack	n	большая сумка, саквояж	
11	Module 1	1d	scarlet	adj	алый	
11	Module 1	1d	set	n	набор, комплект	
11	Module 1	1d	spoil	v	портить	
11	Module 1	1d	sternly	adv	строго, сурово	
11	Module 1	1d	swarm	n	рой	(насекомых)
11	Module 1	1d	temptation	n	соблазн, искушение, приманка	
11	Module 1	1d	unselfishness	n	бескорыстие	
11	Module 1	1d	water rat	n	водяная крыса	
11	Module 1	1d	wit	n	остроумие	
11	Module 1	1d Phrases	be in trouble	phr	быть в беде, иметь неприятности	
11	Module 1	1d Phrases	in return	phr	взамен, в обмен	
11	Module 1	1d Phrases	on credit	phr	в долг, взаймы	
11	Module 1	1e	accentuate	v	делать ударение, подчеркивать важность	
11	Module 1	1e	aggressive	adj	агрессивный	
11	Module 1	1e	almond-shaped	adj	миндалевидный	
11	Module 1	1e	blush	v	краснеть	(от стыда или гнева)
11	Module 1	1e	bun	n	пучок	(прическа)
11	Module 1	1e	cheekbone	n	скула	
11	Module 1	1e	cheerful	adj	веселый, жизнерадостный	
11	Module 1	1e	clean-shaven	adj	чисто выбритый	
11	Module 1	1e	complexion	n	цвет лица	
11	Module 1	1e	constantly	adv	постоянно	
11	Module 1	1e	dark-skinned	adj	темнокожий	
11	Module 1	1e	desire	n	желание	
11	Module 1	1e	determined	adj	решительный, непреклонный, твердый	
11	Module 1	1e	down-to-earth	adj	практичный, приземленный	
11	Module 1	1e	dyed	adj	крашеный	(о волосах)
11	Module 1	1e	expertly	adv	умело, мастерски, со знанием дела	
11	Module 1	1e	expressive	adj	выразительный	
11	Module 1	1e	fidget	v	ерзать, нервничать	
11	Module 1	1e	freckled	adj	веснушчатый, конопатый	
11	Module 1	1e	grumpy	adj	сердитый, сварливый	
11	Module 1	1e	hooked	adj	крючковатый	(о форме носа)
11	Module 1	1e	hot-tempered	adj	вспыльчивый	
11	Module 1	1e	hug	v	обнимать	
11	Module 1	1e	hum	v	напевать	(без слов)
11	Module 1	1e	immature	adj	молодой, незрелый	
11	Module 1	1e	incredibly	adv	невероятно, неслыханно, неправдоподобно	
11	Module 1	1e	marvellous	adj	изумительный	
11	Module 1	1e	moody	adj	угрюмый, унылый	
11	Module 1	1e	neatly-combed	adj	аккуратно причесанный	
11	Module 1	1e	occasionally	adv	изредка, временами	
11	Module 1	1e	optimistic	adj	оптимистичный	
11	Module 1	1e	outgoing	adj	общительный, отзывчивый	
11	Module 1	1e	pale-skinned	adj	белокожий	
11	Module 1	1e	permed	adj	кудрявый, завитой	
11	Module 1	1e	pessimistic	adj	пессимистичный	
11	Module 1	1e	petite	adj	маленький, крошечный	
11	Module 1	1e	piercing	adj	пронизывающий, пронзительный	
11	Module 1	1e	ponytail	n	хвост	(прическа)
11	Module 1	1e	rosy	adj	румяный	
11	Module 1	1e	shoulder-length	adj	до плеч	(о длине волос)
11	Module 1	1e	sparkling	adj	сверкающий	
11	Module 1	1e	spiky	adj	стиль укладки волос с острыми прядями	
11	Module 1	1e	stubborn	adj	упрямый	
11	Module 1	1e	supportive	adj	поддерживающий	
11	Module 1	1e	tanned	adj	загорелый	
11	Module 1	1e	tear-filled	adj	наполненный слезами	
11	Module 1	1e	trustworthy	adj	надежный, заслуживающий доверия	
11	Module 1	1e	upturned	adj	вздернутый	(о форме носа)
11	Module 1	1e	wrinkled	adj	морщинистый	
11	Module 1	1e Phrasal verbs	care about	phr v	заботиться	
11	Module 1	1e Phrasal verbs	light up	phr v	засиять от счастья	
11	Module 1	1e Phrases	be on the go	phr	быть занятым	
11	Module 1	1e Phrases	feel down	phr	быть расстроенным, унылым	
11	Module 1	1e Phrases	fold one's arms	phr	скрестить руки на груди	
11	Module 1	1e Phrases	make up one's mind	phr	надумать, решить	
11	Module 1	Culture Corner 1	community	n	сообщество, община	
11	Module 1	Culture Corner 1	diverse	adj	различный, разнообразный	
11	Module 1	Culture Corner 1	generation	n	поколение	
11	Module 1	Culture Corner 1	household name	n	широко известная личность	
11	Module 1	Culture Corner 1	integrated	adj	комплексный	
11	Module 1	Culture Corner 1	migrant	n	переселенец, мигрант	
11	Module 1	Culture Corner 1	mixed-race	adj	люди смешанной расы	
11	Module 1	Culture Corner 1	origin	n	происхождение	
11	Module 1	Culture Corner 1	racism	n	расизм	
11	Module 1	Culture Corner 1 Phrasal verbs	bring sb up	phr v	растить, воспитывать	
11	Module 1	Culture Corner 1 Phrasal verbs	pick on	phr v	дразнить	
11	Module 1	Culture Corner 1 Phrases	be unheard of	phr	быть неизвестным	
11	Module 1	Culture Corner 1 Phrases	make up the majority	phr	составлять большинство	
11	Module 1	Across the Curriculum: History	average	adj	средний	
11	Module 1	Across the Curriculum: History	chimney sweep	n	трубочист	
11	Module 1	Across the Curriculum: History	coal mine	n	угольная шахта	
11	Module 1	Across the Curriculum: History	cotton mill	n	хлопкопрядильная фабрика	
11	Module 1	Across the Curriculum: History	fairground	n	ярмарочная площадь	
11	Module 1	Across the Curriculum: History	firework display	n	показ фейерверка	
11	Module 1	Across the Curriculum: History	household	n	семья, домочадцы, домашние	
11	Module 1	Across the Curriculum: History	nursery	n	детская комната	
11	Module 1	Across the Curriculum: History	pump	n	помпа, насос	(для откачки воды)
11	Module 1	Across the Curriculum: History	running water	n	водопровод	
11	Module 1	Across the Curriculum: History	servant	n	слуга	
11	Module 1	Across the Curriculum: History	share	v	делиться	
11	Module 1	Across the Curriculum: History Phrasal verbs	carry out	phr v	доводить до конца, выполнять	
11	Module 1	Going Green 1	concrete	n	бетон	
11	Module 1	Going Green 1	council	n	совет, орган местного самоуправления	
11	Module 1	Going Green 1	greenhouse gas	n	парниковый газ	
11	Module 1	Going Green 1	jungle	n	джунгли	
11	Module 1	Going Green 1	landfill	n	мусорная свалка	
11	Module 1	Going Green 1	limited	adj	ограниченный	
11	Module 1	Going Green 1	pollutant	n	загрязнитель окружающей среды	
11	Module 1	Going Green 1	preserve	v	охранять, оберегать, хранить	
11	Module 1	Going Green 1	raw material	n	сырье	
11	Module 1	Going Green 1	reduce	v	понижать, снижать	
11	Module 1	Going Green 1	remove	v	убирать	
11	Module 1	Going Green 1	service	n	сервис, обслуживание, услуга	
11	Module 1	Going Green 1	time-consuming	adj	трудоемкий, требующий много времени	
11	Module 1	Going Green 1	waste	v	тратить	
11	Module 1	Going Green 1 Phrasal verbs	filter out	phr v	фильтровать, отсеивать	
11	Module 1	Going Green 1 Phrasal verbs	set up	phr v	устанавливать	
11	Module 1	Going Green 1 Phrases	be sick and tired	phr	надоесть до смерти	
11	Module 1	Going Green 1 Phrases	take action	phr	начинать действовать, принимать меры	
11	Module 1	Going Green 1 Phrases	take turns	phr	делать поочередно	
11	Module 2	2a	adapt	v	приспосабливать	
11	Module 2	2a	alert	adj	бдительный, настороженный	
11	Module 2	2a	attitude	n	отношение, позиция	
11	Module 2	2a	bear	v	выносить, терпеть	
11	Module 2	2a	beast	n	зверь, животное	
11	Module 2	2a	bloodstream	n	кровоток	
11	Module 2	2a	bug	v	докучать	
11	Module 2	2a	challenge	n	сложная задача, вызов	
11	Module 2	2a	chunk	n	кусок	
11	Module 2	2a	clench	v	стискивать, сжимать	
11	Module 2	2a	cope (with)	v	справляться, управляться	(с)
11	Module 2	2a	depression	n	депрессия, уныние	
11	Module 2	2a	disbelief	n	неверие, недоверие	
11	Module 2	2a	dramatic	adj	драматичный	
11	Module 2	2a	dumb	adj	тупой, глупый	
11	Module 2	2a	element	n	элемент, составная часть, компонент	
11	Module 2	2a	embarrassment	n	смущение	
11	Module 2	2a	essential	adj	необходимый, главный	
11	Module 2	2a	face	v	сталкиваться	
11	Module 2	2a	facial	adj	лицевой	
11	Module 2	2a	focus	n	сосредоточение, фокус	
11	Module 2	2a	frown	v	хмурить брови, супиться	
11	Module 2	2a	groan	v	стонать, охать	
11	Module 2	2a	handle	v	обходиться, обращаться	
11	Module 2	2a	harm	v	вредить, причинять вред	
11	Module 2	2a	hurt	v	причинять боль, ранить	
11	Module 2	2a	illogically	adv	нелогично	
11	Module 2	2a	indifferently	adv	безразлично, равнодушно	
11	Module 2	2a	isolated	adj	изолированный	
11	Module 2	2a	judge	v	судить	
11	Module 2	2a	lowdown	n	информация, факты	
11	Module 2	2a	manage	v	управляться, справляться	
11	Module 2	2a	mess	n	неприятность	
11	Module 2	2a	mount	v	нарастать, усиливаться	
11	Module 2	2a	muscle	n	мускул	
11	Module 2	2a	nutritious	adj	питательный	
11	Module 2	2a	overwhelmed	adj	сокрушенный, пораженный	
11	Module 2	2a	priority	n	приоритет, первоочередность	
11	Module 2	2a	range	v	варьировать	
11	Module 2	2a	rationally	adv	разумно, рационально	
11	Module 2	2a	reaction	n	реакция	
11	Module 2	2a	relieve	v	облегчать, снижать, ослаблять	
11	Module 2	2a	run-up	n	подготовка, преддверие	
11	Module 2	2a	shake	v	трясти	
11	Module 2	2a	shallow	adj	неглубокий	(о дыхании)
11	Module 2	2a	shrug	v	пожимать плечами	
11	Module 2	2a	sigh	v	вздыхать	
11	Module 2	2a	snarl	v	ворчать, огрызаться	
11	Module 2	2a	stammer	v	заикаться	
11	Module 2	2a	stamp	v	топать ногой	
11	Module 2	2a	strain	n	напряжение, нагрузка	
11	Module 2	2a	symptom	n	симптом	
11	Module 2	2a	tap	v	постукивать, стучать	
11	Module 2	2a	temper	n	нрав, характер, душевный склад	
11	Module 2	2a	tense	v	натягивать, напрягать	
11	Module 2	2a	tremble	v	дрожать, трястись, трепетать	
11	Module 2	2a	whisper	v	шептать	
11	Module 2	2a Phrasal verbs	break sth down	phr v	разбивать	
11	Module 2	2a Phrasal verbs	break up with sb	phr v	прекращать отношения	
11	Module 2	2a Phrasal verbs	build up	phr v	укреплять	
11	Module 2	2a Phrasal verbs	deal with	phr v	вести дела	
11	Module 2	2a Phrasal verbs	get at	phr v	критиковать, высмеивать	
11	Module 2	2a Phrasal verbs	give away	phr v	отдавать	
11	Module 2	2a Phrasal verbs	give back	phr v	возвращать	
11	Module 2	2a Phrasal verbs	give over	phr v	передавать, вручать	
11	Module 2	2a Phrasal verbs	give up	phr v	прекращать, бросать	
11	Module 2	2a Phrasal verbs	speed up	phr v	ускоряться	
11	Module 2	2a Phrasal verbs	take on	phr v	принимать	
11	Module 2	2a Phrasal verbs	take up	phr v	браться за, начинать	
11	Module 2	2a Phrases	be fed up with sth	phr	пресытиться, быть сытым по горло	
11	Module 2	2a Phrases	be killing sb	phr	изнурять	(работой)
11	Module 2	2a Phrases	be over	phr	окончиться, завершиться	
11	Module 2	2a Phrases	be under stress	phr	беспокоиться, быть в стрессовой ситуации	
11	Module 2	2a Phrases	be up	phr	достигать, случаться, выходить	
11	Module 2	2a Phrases	be up to one's eyes in sth	phr	быть занятым	
11	Module 2	2a Phrases	feel the strain of sth	phr	быть в напряженной ситуации	
11	Module 2	2a Phrases	get sb down	phr	угнетать, расстраивать	
11	Module 2	2a Phrases	get sth off one's chest	phr	облегчить душу, признаться в чем-либо	
11	Module 2	2a Phrases	get things out of proportion	phr	преувеличивать, делать из мухи слона	
11	Module 2	2a Phrases	get out of hand	phr	отбиться от рук	
11	Module 2	2a Phrases	give sb a hard time	phr	издеваться, сурово обращаться	
11	Module 2	2a Phrases	in a nutshell	phr	в двух словах, кратко	
11	Module 2	2a Phrases	in the long term	phr	в перспективе, когда-нибудь	
11	Module 2	2a Phrases	keep one on their toes	phr	держать в тонусе, не давать расслабиться	
11	Module 2	2a Phrases	lose control	phr	терять контроль	
11	Module 2	2a Phrases	lose one's temper	phr	потерять самообладание, выйти из себя	
11	Module 2	2a Phrases	take one's mind off sth	phr	забыть, перестать думать	
11	Module 2	2a Phrases	take sth easy	phr	не волноваться	
11	Module 2	2b	commit	v	совершать	(преступление)
11	Module 2	2b	constant	adj	постоянный	
11	Module 2	2b	deny	v	отрицать	
11	Module 2	2b	discourage	v	не одобрять, препятствовать	
11	Module 2	2b	dissuade	v	отговаривать, разубеждать	
11	Module 2	2b	effect	n	эффект	
11	Module 2	2b	explode	v	взрывать	
11	Module 2	2b	influence	n	влияние	
11	Module 2	2b	let	v	позволять, разрешать	
11	Module 2	2b	lose	v	терять	
11	Module 2	2b	make	v	заставлять	
11	Module 2	2b	match	v	подходить по цвету	(об одежде)
11	Module 2	2b	miss	v	пропускать	
11	Module 2	2b	odd	adj	лишний	
11	Module 2	2b	peer	n	ровесник	
11	Module 2	2b	permit	v	разрешать	
11	Module 2	2b	persuade	v	убеждать	
11	Module 2	2b	regret	v	сожалеть	
11	Module 2	2b	resist	v	сопротивляться, противиться	
11	Module 2	2b	rough	adj	грубый, шершавый	
11	Module 2	2b	tough	adj	грубый, жесткий	
11	Module 2	2b	teasing	n	издевательство	
11	Module 2	2b	vandalise	v	бесчинствовать, хулиганить, разрушать	
11	Module 2	2b Phrasal verbs	bump into	phr v	натолкнуться на кого-либо	
11	Module 2	2b Phrasal verbs	come over sb	phr v	охватить	(об эмоции)
11	Module 2	2b Phrasal verbs	fit in with	phr v	подходить, соответствовать чему-либо	
11	Module 2	2b Phrasal verbs	give in	phr v	уступать, признавать	
11	Module 2	2b Phrasal verbs	go over	phr v	изучать	
11	Module 2	2b Phrasal verbs	hang out with	phr v	составить компанию	
11	Module 2	2b Phrasal verbs	pick at	phr v	есть нехотя	
11	Module 2	2b Phrasal verbs	pick on	phr v	придираться, издеваться	
11	Module 2	2b Phrasal verbs	stand up for	phr v	отстаивать, противостоять	
11	Module 2	2b Phrases	make sb feel guilty	phr	заставлять чувствовать себя виноватым	
11	Module 2	2b Phrases	tell a lie	phr	лгать	
11	Module 2	2c	achievement	n	достижение, успех	
11	Module 2	2c	attraction	n	привлекательность, прелесть, очарование	
11	Module 2	2c	awful	adj	ужасный	
11	Module 2	2c	boast	v	хвастаться	
11	Module 2	2c	contest	n	конкурс, соревнование	
11	Module 2	2c	hospitality	n	гостеприимство	
11	Module 2	2c	insist	v	настаивать	
11	Module 2	2c	insult	v	оскорблять	
11	Module 2	2c	multi-cultural	adj	многокультурный	
11	Module 2	2c	omit	v	пропускать	
11	Module 2	2c	postpone	v	откладывать	
11	Module 2	2c	royal	adj	королевский	
11	Module 2	2c	scenery	n	пейзаж	
11	Module 2	2d	accustomed to	adj	привыкший	
11	Module 2	2d	abuse	v	оскорблять, ругать	
11	Module 2	2d	affection	n	привязанность, любовь, влюбленность	
11	Module 2	2d	arrogant	adj	высокомерный, надменный	
11	Module 2	2d	bellow	v	кричать, вопить	
11	Module 2	2d	bewildered	adj	смущенный, озадаченный, сбитый с толку	
11	Module 2	2d	blow	n	удар	
11	Module 2	2d	climax	n	высшая точка, кульминация, кульминационный момент	
11	Module 2	2d	cruel	adj	жестокий, безжалостный	
11	Module 2	2d	declare	v	заявлять, провозглашать	
11	Module 2	2d	dependant	n	иждивенец	(живущий на деньги своей семьи)
11	Module 2	2d	disgraceful	adj	позорный, бесчестный	
11	Module 2	2d	dread	v	бояться, страшиться, содрогаться от страха	
11	Module 2	2d	endure	v	терпеть, переносить, выдерживать испытание	
11	Module 2	2d	eventually	adv	в конечном счете, в итоге	
11	Module 2	2d	fling	v	метать, швырять	
11	Module 2	2d	governess	n	гувернантка	
11	Module 2	2d	grasp	v	ухватиться	
11	Module 2	2d	headlong	adv	стремительно, опрометью, сломя голову	
11	Module 2	2d	helpless	adj	беспомощный	
11	Module 2	2d	hurl	v	бросать с силой, метнуть	
11	Module 2	2d	ignore	v	игнорировать	
11	Module 2	2d	incident	n	происшествие, инцидент	
11	Module 2	2d	infliction	n	нанесение ущерба	
11	Module 2	2d	instinctively	adv	инстинктивно	
11	Module 2	2d	lay	v	положить на место	
11	Module 2	2d	obedient	adj	послушный, покорный	
11	Module 2	2d	orphaned	adj	осиротевший	
11	Module 2	2d	passion	n	страсть	
11	Module 2	2d	predominate	v	преобладать, превалировать	
11	Module 2	2d	publish	v	публиковать	
11	Module 2	2d	rummage	v	рыться, искать, копаться	
11	Module 2	2d	sensation	n	ощущение, чувство	
11	Module 2	2d	sharp	adj	острый	
11	Module 2	2d	shortly	adv	скоро, вскоре	
11	Module 2	2d	shrink	v	усыхать, уменьшаться	
11	Module 2	2d	sneaking	adj	крадущийся	
11	Module 2	2d	strike	v	бить, наносить удар	
11	Module 2	2d	terror	n	ужас, страх, террор	
11	Module 2	2d	threat	n	угроза	
11	Module 2	2d	thrust	v	толкать	
11	Module 2	2d	totter	v	ковылять, идти неровной походкой	
11	Module 2	2d	trickle	v	струиться, течь тонкой струйкой	
11	Module 2	2d	tyrant	n	тиран, деспот	
11	Module 2	2d	wicked	adj	злой	
11	Module 2	2d Phrasal verbs	take over	phr v	перенимать	
11	Module 2	2d Phrases	draw a parallel	phr	сравнивать, провести параллель	
11	Module 2	2d Phrases	take sb's side	phr	принимать чью-либо сторону, поддерживать кого-либо	
11	Module 2	2e	clarify	v	разъяснять, прояснять, пояснять	
11	Module 2	2e	cosmetic surgery	n	косметическая хирургия	
11	Module 2	2e	fancy	v	нравиться, любить	
11	Module 2	2e	pal	n	друг, приятель, товарищ	
11	Module 2	2e	reception	n	прием	
11	Module 2	2e	stranger	n	незнакомец	
11	Module 2	2e	tricky	adj	трудный, мудреный, сложный	
11	Module 2	2e Phrasal verbs	bunk off	phr v	сбежать	(из дома, школы)
11	Module 2	2e Phrasal verbs	turn up	phr v	появиться	
11	Module 2	2e Phrases	on behalf of	phr	от имени кого-либо	
11	Module 2	Culture Corner 2	beat	v	побить	
11	Module 2	Culture Corner 2	bully	v	запугивать, издеваться	
11	Module 2	Culture Corner 2	comfort	n	утешение, поддержка	
11	Module 2	Culture Corner 2	confidential	adj	конфиденциальный, доверительный, секретный	
11	Module 2	Culture Corner 2	counsel	n	совет	
11	Module 2	Culture Corner 2	counsellor	n	советник, консультант	
11	Module 2	Culture Corner 2	donate	v	помогать, делать пожертвование	
11	Module 2	Culture Corner 2	fundraise	n	сбор средств	
11	Module 2	Culture Corner 2	further	adj	дальнейший, дополнительный	
11	Module 2	Culture Corner 2	raise	v	собирать	(о деньгах)
11	Module 2	Culture Corner 2	scheme	n	схема	
11	Module 2	Culture Corner 2	shelter	n	кров, пристанище, приют	
11	Module 2	Culture Corner 2	terrorise	v	терроризировать, устрашать	
11	Module 2	Culture Corner 2	tip	n	совет, подсказка	
11	Module 2	Culture Corner 2	train	v	тренировать	
11	Module 2	Culture Corner 2	volunteer	n	доброволец, волонтер	
11	Module 2	Across the Curriculum: Science	appetite	n	аппетит	
11	Module 2	Across the Curriculum: Science	backbone	n	позвоночник	
11	Module 2	Across the Curriculum: Science	complex	adj	комплексный, составной	
11	Module 2	Across the Curriculum: Science	coordination	n	координация	
11	Module 2	Across the Curriculum: Science	digestion	n	пищеварение	
11	Module 2	Across the Curriculum: Science	enable	v	давать возможность	
11	Module 2	Across the Curriculum: Science	function	n	функция, назначение	
11	Module 2	Across the Curriculum: Science	generate	v	создавать, генерировать	
11	Module 2	Across the Curriculum: Science	gigantic	adj	гигантский, огромный	
11	Module 2	Across the Curriculum: Science	heart rate	n	частота сердцебиения	
11	Module 2	Across the Curriculum: Science	hormone	n	гормон	
11	Module 2	Across the Curriculum: Science	intelligence	n	ум	
11	Module 2	Across the Curriculum: Science	nervous system	n	нервная система	
11	Module 2	Across the Curriculum: Science	organ	n	орган	(часть тела)
11	Module 2	Across the Curriculum: Science	pan	n	сковорода	
11	Module 2	Across the Curriculum: Science	process	n	движение, процесс	
11	Module 2	Across the Curriculum: Science	release	v	сбрасывать, освобождать, выпускать	
11	Module 2	Across the Curriculum: Science	sensory	adj	чувствительный	
11	Module 2	Across the Curriculum: Science	signal	n	сигнал	
11	Module 2	Across the Curriculum: Science	stimulate	v	стимулировать	
11	Module 2	Across the Curriculum: Science	tiny	adj	крошечный, маленький, миниатюрный	
11	Module 2	Across the Curriculum: Science Phrasal verbs	consist of	phr v	состоять из	
11	Module 2	Across the Curriculum: Science Phrasal verbs	pass on	phr v	передавать	
11	Module 2	Across the Curriculum: Science Phrasal verbs	send out	phr v	излучать, испускать	
11	Module 2	Across the Curriculum: Science Phrasal verbs	take in	phr v	получать, принимать	
11	Module 2	Going Green 2	biodegradable	adj	биологически разлагаемый	
11	Module 2	Going Green 2	bubble wrap	n	пузырчатый упаковочный материал	
11	Module 2	Going Green 2	cardboard	n	картон	
11	Module 2	Going Green 2	concentrated	adj	концентрированный	
11	Module 2	Going Green 2	consumer	n	потребитель, покупатель	
11	Module 2	Going Green 2	content	n	содержимое	
11	Module 2	Going Green 2	convenient	adj	подходящий, удобный в использовании	
11	Module 2	Going Green 2	deliver	v	доставлять	
11	Module 2	Going Green 2	dump	v	сваливать, выбрасывать, сбрасывать	
11	Module 2	Going Green 2	fabric softener	n	смягчитель ткани	
11	Module 2	Going Green 2	manufacture	n	мануфактура, производство	
11	Module 2	Going Green 2	minimal	adj	минимальный	
11	Module 2	Going Green 2	package	n	упаковка, сверток	
11	Module 2	Going Green 2	packaging	n	упаковочный материал	
11	Module 2	Going Green 2	preserve	v	сохранять	
11	Module 2	Going Green 2	solid waste	n	твердые отходы	
11	Module 2	Going Green 2	transport	v	транспортировать, перевозить	
11	Module 2	Going Green 2	tray	n	контейнер, неглубокий ящик	
11	Module 2	Going Green 2	wrap	n	оберточный материал	
11	Module 2	Going Green 2 Phrasal verbs	break down	phr v	сломаться, разбиться на мелкие кусочки	
11	Module 2	Going Green 2 Phrasal verbs	cut back	phr v	уменьшать, сокращать, использовать меньшую часть	
11	Module 2	Going Green 2 Phrasal verbs	make up	phr v	формировать	
11	Module 2	Going Green 2 Phrases	be down to	phr	быть основанием для чего-либо	
11	Module 2	Going Green 2 Phrases	in bulk	phr	большими партиями	
11	Module 3	3a	announce	v	объявлять, анонсировать	
11	Module 3	3a	arrest	v	арестовывать	
11	Module 3	3a	bruised	adj	побитый, в кровоподтеках	(синяках)
11	Module 3	3a	burglary	n	кража со взломом	
11	Module 3	3a	burgle	v	красть со взломом	
11	Module 3	3a	chase	v	преследовать	
11	Module 3	3a	confess	v	сознаваться, признаваться	
11	Module 3	3a	contact	v	контактировать, общаться	
11	Module 3	3a	convict	v	выносить приговор, осуждать	
11	Module 3	3a	court	n	суд	
11	Module 3	3a	crime	n	преступление	
11	Module 3	3a	culprit	n	преступник, виновник	
11	Module 3	3a	deceive	v	обманывать, сбивать с толку	
11	Module 3	3a	distract	v	отвлекать, уводить в сторону	
11	Module 3	3a	evidence	n	доказательство, улика	
11	Module 3	3a	fee	n	плата	
11	Module 3	3a	fine	n	штраф	
11	Module 3	3a	fraud	n	обман, мошенничество	
11	Module 3	3a	fraud victim	n	жертва мошенничества, обмана	
11	Module 3	3a	fraudster	n	мошенник, аферист	
11	Module 3	3a	grab	v	схватить, хватать	
11	Module 3	3a	guilty	adj	виновный	
11	Module 3	3a	gullible	adj	легковерный, доверчивый	
11	Module 3	3a	identify	v	опознавать, узнавать, идентифицировать	
11	Module 3	3a	idiot	n	глупец, идиот, дурак	
11	Module 3	3a	illegal	adj	незаконный	
11	Module 3	3a	imprisonment	n	заключение	(в тюрьму)
11	Module 3	3a	investigate	v	расследовать	
11	Module 3	3a	judge	n	судья	
11	Module 3	3a	kidnap	v	похищать	
11	Module 3	3a	land	v	приземляться, причаливать	
11	Module 3	3a	lately	adv	за последнее время, в последнее время	
11	Module 3	3a	lottery	n	лотерея	
11	Module 3	3a	mess	n	помет	
11	Module 3	3a	means	n	средство, способ	
11	Module 3	3a	minor	adj	незначительный	
11	Module 3	3a	mugging	n	уличное ограбление	
11	Module 3	3a	nasty	adj	ненастный, противный	
11	Module 3	3a	offence	n	нарушение	
11	Module 3	3a	passer-by	n	прохожий	
11	Module 3	3a	petty	adj	незначительный	
11	Module 3	3a	pickpocket	n	вор-карманник	
11	Module 3	3a	process	v	работать, обрабатывать	
11	Module 3	3a	rob	v	грабить, воровать	
11	Module 3	3a	scam	n	афера	
11	Module 3	3a	security guard	n	охранник	
11	Module 3	3a	sentence	n	приговор, судебное решение	
11	Module 3	3a	shaken up	adj	взволнованный, потрясенный	
11	Module 3	3a	shoplift	v	воровать товары из магазинов	
11	Module 3	3a	so-called	adj	так называемый	
11	Module 3	3a	suspect	n	подозреваемый	
11	Module 3	3a	theft	n	кража, воровство	
11	Module 3	3a	threaten	v	угрожать	
11	Module 3	3a	trespass	n	посягательство, нарушение владения	
11	Module 3	3a	trick	n	хитрость, обман	
11	Module 3	3a	trusting	adj	доверчивый	
11	Module 3	3a	unlawful	adj	незаконный, противозаконный	
11	Module 3	3a	winnings	n	выигрыш	
11	Module 3	3a	witness	n	свидетель	
11	Module 3	3a Phrasal verbs	break into	phr v	вламываться	
11	Module 3	3a Phrasal verbs	reach for	phr v	потянуться	(за чем-либо)
11	Module 3	3a Phrasal verbs	wipe sth off	phr v	протирать, стирать	(тряпкой)
11	Module 3	3a Phrases	break the law	phr	нарушать закон	
11	Module 3	3a Phrases	by any means	phr	любым путем	
11	Module 3	3a Phrases	by force	phr	силой	
11	Module 3	3a Phrases	come out of nowhere	phr	появиться из ниоткуда	
11	Module 3	3a Phrases	catch sb in the act	phr	поймать на месте	
11	Module 3	3a Phrases	catch sb red handed	phr	поймать с поличным	
11	Module 3	3a Phrases	drive sb	phr	подвозить кого-либо	
11	Module 3	3a Phrases	fall for sth	phr	попасться на удочку, обмануться	
11	Module 3	3a Phrases	find sb guilty	phr	признать кого-либо виновным	
11	Module 3	3a Phrases	out of the blue	phr	ни с того, ни с сего; неожиданно, внезапно	
11	Module 3	3a Phrases	take sb for a ride	phr	обманывать, провести, подшутить	
11	Module 3	3a Phrases	take sb to court	phr	представить кого-либо перед судом	
11	Module 3	3b	abolish	v	прекращать	
11	Module 3	3b	attitude	n	позиция, отношение	
11	Module 3	3b	criticise	v	критиковать	
11	Module 3	3b	deal	v	иметь дело	
11	Module 3	3b	defend	v	защищать	
11	Module 3	3b	deny	v	не допускать, препятствовать	
11	Module 3	3b	disgust	n	отвращение	
11	Module 3	3b	ethnic origin	n	этническое происхождение	
11	Module 3	3b	face	v	сталкиваться	
11	Module 3	3b	glad	adj	радостный, довольный	
11	Module 3	3b	mean	v	иметь в виду	
11	Module 3	3b	obvious	adj	очевидный	
11	Module 3	3b	offend	v	обижать, оскорблять	
11	Module 3	3b	outrage	n	возмущение	
11	Module 3	3b	outrageous	adj	возмутительный, оскорбительный	
11	Module 3	3b	receive	v	получать	
11	Module 3	3b	regardless	adv	невзирая на	
11	Module 3	3b	reject	v	отвергать	
11	Module 3	3b	right	n	право	
11	Module 3	3b	sex	n	пол	(мужской или женский)
11	Module 3	3b	tolerate	v	терпеть, выносить	
11	Module 3	3b	treat	v	обращаться	(с кем-либо)
11	Module 3	3b	upset	v	расстраивать	
11	Module 3	3b	violate	v	нарушать	(правило, закон)
11	Module 3	3b Phrases	accept responsibility	phr	взять ответственность на себя, признать вину	
11	Module 3	3b Phrases	do one's bit	phr	делать свое дело, исполнять свой долг	
11	Module 3	3b Phrases	give sb the responsibility of sth	phr	возложить ответственность	
11	Module 3	3b Phrases	have the responsibility to do sth	phr	нести ответственность	
11	Module 3	3b Phrases	mess around	phr	бездельничать, хулиганить	
11	Module 3	3b Phrases	take responsibility for	phr	брать на себя ответственность за что-либо	
11	Module 3	3b Phrases	thank goodness	phr	Слава Богу!	
11	Module 3	3c	additional	adj	дополнительный	
11	Module 3	3c	charge	v	обвинять в нарушении закона	
11	Module 3	3c	chart	n	схема, диаграмма	
11	Module 3	3c	chore	n	рутинная работа, работа по дому	
11	Module 3	3c	conman	n	жулик, ловкач, мошенник, проходимец	
11	Module 3	3c	conceal	v	скрывать	
11	Module 3	3c	exceed	v	превышать	
11	Module 3	3c	ID	n	удостоверение личности	
11	Module 3	3c	loss	n	потеря, утрата	
11	Module 3	3c	mow	v	косить	
11	Module 3	3c	notify	v	извещать, уведомлять	
11	Module 3	3c	record	n	записи, заметки	
11	Module 3	3c	requirement	n	требование	
11	Module 3	3c	shout	v	кричать	
11	Module 3	3c	transaction	n	сделка, операция	
11	Module 3	3c	vacuum	n	пылесос	
11	Module 3	3c Phrasal verbs	apply for	phr v	подавать заявление	
11	Module 3	3c Phrasal verbs	draw up	phr v	составлять список	
11	Module 3	3c Phrasal verbs	pick sb up	phr v	забрать, подобрать	
11	Module 3	3c Phrases	do one's fair share	phr	выполнять равную часть работы	
11	Module 3	3d	alongside	adv	рядом, бок о бок, около	
11	Module 3	3d	bury	v	хоронить	
11	Module 3	3d	chatter	v	стучать зубами	
11	Module 3	3d	chin	n	подбородок	
11	Module 3	3d	coarse	adj	грубый	(о ткани)
11	Module 3	3d	comment	v	комментировать	
11	Module 3	3d	confront	v	столкнуться, стоять против	
11	Module 3	3d	convict	n	осужденный	
11	Module 3	3d	debtor	n	должник	
11	Module 3	3d	earnestly	adv	искренне	
11	Module 3	3d	encounter	n	встреча	
11	Module 3	3d	fearful	adj	страшный, пугающий	
11	Module 3	3d	file	n	напильник	
11	Module 3	3d	glare	v	смотреть свирепо	
11	Module 3	3d	growl	v	ворчать, ругать	
11	Module 3	3d	hardship	n	невзгоды, сложности, трудности	
11	Module 3	3d	impact	n	влияние, воздействие, эффект	
11	Module 3	3d	influence	n	влияние	
11	Module 3	3d	lame	v	хромать	
11	Module 3	3d	lie	v	лежать, располагаться	
11	Module 3	3d	lick	v	облизывать, лизать	
11	Module 3	3d	limp	v	ковылять, хромать, двигаться с трудом	
11	Module 3	3d	liver	n	печень	
11	Module 3	3d	mud	n	грязь	
11	Module 3	3d	mutter	v	бормотать	
11	Module 3	3d	nettle	n	крапива	
11	Module 3	3d	plead	v	просить, умолять, призывать	
11	Module 3	3d	porch	n	крыльцо	
11	Module 3	3d	profound	adj	основательный	
11	Module 3	3d	rag	n	лоскут	
11	Module 3	3d	ravenous	adj	прожорливый	
11	Module 3	3d	seize	v	хватать	
11	Module 3	3d	shiver	v	дрожать от холода	
11	Module 3	3d	soak	v	промокать	
11	Module 3	3d	steeple	n	колокольня, шпиль собора	
11	Module 3	3d	sting	v	жалить	
11	Module 3	3d	tear	v	рвать, разрывать	
11	Module 3	3d	tight	adj	тугой, плотный	
11	Module 3	3d	tilt	v	наклонять, опрокидывать	
11	Module 3	3d	timidly	adv	робко, запуганно	
11	Module 3	3d	tombstone	n	надгробие	
11	Module 3	3d	tremble	v	трястись, дрожать	
11	Module 3	3d Phrasal verbs	point to	phr v	указывать, показывать	(пальцем)
11	Module 3	3d Phrasal verbs	smother in	phr v	покрывать	
11	Module 3	3d Phrasal verbs	speak up	phr v	повышать голос	
11	Module 3	3d Phrases	hold your nose	phr	зажимать нос	
11	Module 3	3d Phrases	have half a mind to	phr	быть склонным сделать что-либо	
11	Module 3	3e	achieve	v	достигать	
11	Module 3	3e	address	v	обращаться	
11	Module 3	3e	alternative	adj	альтернативный	
11	Module 3	3e	appropriate	adj	соответствующий, подходящий	
11	Module 3	3e	balanced	adj	уравновешенный	
11	Module 3	3e	banned	adj	запрещенный	
11	Module 3	3e	colloquial	adj	повседневный, обыденный	
11	Module 3	3e	consider	v	обдумывать, принимать решение	
11	Module 3	3e	contain	v	содержать	
11	Module 3	3e	crew	n	экипаж	
11	Module 3	3e	express	v	выражать	
11	Module 3	3e	financially	adv	финансово	
11	Module 3	3e	independence	n	независимость	
11	Module 3	3e	individual	n	личность	
11	Module 3	3e	lead	v	вести	
11	Module 3	3e	mild	adj	мягкий	
11	Module 3	3e	opponent	n	противник, оппонент	
11	Module 3	3e	opposing	adj	противоположный	
11	Module 3	3e	over-generalise	v	обобщать	
11	Module 3	3e	passenger	n	пассажир	
11	Module 3	3e	pocket money	n	карманные деньги	
11	Module 3	3e	politically-minded	adj	политически направленный	
11	Module 3	3e	quotation	n	цитата	
11	Module 3	3e	restate	v	переформулировать, повторно излагать	
11	Module 3	3e	rhetorical question	n	риторический вопрос	
11	Module 3	3e	skill	n	умение	
11	Module 3	3e	struggle	v	бороться	
11	Module 3	3e	suffer	v	страдать	
11	Module 3	3e	summarise	v	подводить итог	
11	Module 3	3e	topic	n	тема	
11	Module 3	3e	unwise	adj	неразумный	
11	Module 3	3e	valuable	adj	ценный	
11	Module 3	3e	viewpoint	n	точка зрения	
11	Module 3	3e	vote	v	голосовать	
11	Module 3	3e Phrasal verbs	take up	phr v	занимать	(время)
11	Module 3	Culture Corner 3	continent	n	континент	
11	Module 3	Culture Corner 3	crown	n	корона	
11	Module 3	Culture Corner 3	declaration	n	провозглашение	
11	Module 3	Culture Corner 3	depict	v	изображать	
11	Module 3	Culture Corner 3	freedom	n	свобода	
11	Module 3	Culture Corner 3	gateway	n	ворота, вход	
11	Module 3	Culture Corner 3	homeland	n	родина, место рождения	
11	Module 3	Culture Corner 3	harbour	n	гавань	
11	Module 3	Culture Corner 3	huddle	v	толпиться	
11	Module 3	Culture Corner 3	immigration	n	иммиграция, переселение	
11	Module 3	Culture Corner 3	inscription	n	надпись, посвящение	
11	Module 3	Culture Corner 3	legal	adj	законный	
11	Module 3	Culture Corner 3	liberty	n	свобода	
11	Module 3	Culture Corner 3	life-size	adj	в натуральную величину	
11	Module 3	Culture Corner 3	loose-fitting	adj	свободно сидящий	
11	Module 3	Culture Corner 3	monument	n	памятник	
11	Module 3	Culture Corner 3	opportunity	n	возможность	
11	Module 3	Culture Corner 3	oppression	n	угнетение	
11	Module 3	Culture Corner 3	ray	n	луч	
11	Module 3	Culture Corner 3	replica	n	репродукция, копия	
11	Module 3	Culture Corner 3	robe	n	мантия	
11	Module 3	Culture Corner 3	symbolic	adj	символический	
11	Module 3	Culture Corner 3	symbolise	v	символизировать	
11	Module 3	Culture Corner 3	tablet	n	мемориальная доска	
11	Module 3	Culture Corner 3	torch	n	факел	
11	Module 3	Culture Corner 3	would-be	adj	мечтающий, претендующий	
11	Module 3	Culture Corner 3 Phrasal verbs	pass through	phr v	пройти через	
11	Module 3	Across the curriculum: Citizenship	adopt	v	принимать	(признавать)
11	Module 3	Across the curriculum: Citizenship	agreement	n	соглашение	
11	Module 3	Across the curriculum: Citizenship	charity	n	благотворительность	
11	Module 3	Across the curriculum: Citizenship	civilisation	n	цивилизация	
11	Module 3	Across the curriculum: Citizenship	concern	n	беспокойство	
11	Module 3	Across the curriculum: Citizenship	cruelty	n	жестокость	
11	Module 3	Across the curriculum: Citizenship	deny	v	препятствовать, не допускать	
11	Module 3	Across the curriculum: Citizenship	dignity	n	достоинство	
11	Module 3	Across the curriculum: Citizenship	injustice	n	несправедливость	
11	Module 3	Across the curriculum: Citizenship	invent	v	изобретать	
11	Module 3	Across the curriculum: Citizenship	morally	adv	нравственно, морально	
11	Module 3	Across the curriculum: Citizenship	practise	v	практиковаться, тренироваться	
11	Module 3	Across the curriculum: Citizenship	race	n	раса	
11	Module 3	Across the curriculum: Citizenship	simplified	adj	упрощенный	
11	Module 3	Across the curriculum: Citizenship	slave	n	раб	
11	Module 3	Across the curriculum: Citizenship	torture	v	пытать	
11	Module 3	Across the curriculum: Citizenship	treat	v	обращаться с кем-либо	
11	Module 3	Across the curriculum: Citizenship	universal	adj	универсальный	
11	Module 3	Going Green 3	achievable	adj	достижимый, достигаемый	
11	Module 3	Going Green 3	carpool	n	совместное пользование автомобилем	
11	Module 3	Going Green 3	compost heap	n	компостная куча	
11	Module 3	Going Green 3	conserve	v	сохранять, беречь	
11	Module 3	Going Green 3	disposable	adj	одноразовый	
11	Module 3	Going Green 3	embarrassing	adj	смущающий	
11	Module 3	Going Green 3	ground	n	гуща	(кофейная)
11	Module 3	Going Green 3	organic	adj	органический	
11	Module 3	Going Green 3	peel	n	кожура, шкурка	(у овощей или фруктов)
11	Module 3	Going Green 3	rechargeable	adj	перезаряжаемый	
11	Module 3	Going Green 3	refuse	v	отказываться	
11	Module 3	Going Green 3	shade	n	оттенок	
11	Module 3	Going Green 3	survival	n	выживание	
11	Module 3	Going Green 3	tap	n	кран	(на кухне, в ванной)
11	Module 3	Going Green 3	target	n	цель	
11	Module 3	Going Green 3	unprocessed	adj	необработанный	
11	Module 3	Going Green 3	wildlife reserve	n	заповедник	
11	Module 3	Going Green 3 Phrases	be in one's best interest	phr	быть в чьих-либо интересах	
11	Module 3	Going Green 3 Phrases	reduce one's impact on sth	phr	сокращать эффект на что-либо	
11	Module 4	4a	agonising	adj	мучительный	
11	Module 4	4a	ankle	n	лодыжка	
11	Module 4	4a	ascent	n	восхождение, подъем	
11	Module 4	4a	attempt	n	попытка, проба	
11	Module 4	4a	bold	adj	храбрый, смелый	
11	Module 4	4a	back	n	спина	
11	Module 4	4a	bruise	n	синяк, кровоподтек	
11	Module 4	4a	cliff	n	утес, отвесная скала	
11	Module 4	4a	collarbone	n	ключица	
11	Module 4	4a	conquer	v	преодолевать, одолевать	
11	Module 4	4a	crawl	v	ползать, ползти	
11	Module 4	4a	crippled	adj	покалеченный	
11	Module 4	4a	cure	v	вылечить	
11	Module 4	4a	descent	n	спуск	
11	Module 4	4a	display	v	показывать	
11	Module 4	4a	drop	n	снижение	
11	Module 4	4a	edge	n	край	
11	Module 4	4a	excruciating	adj	мучительный	
11	Module 4	4a	fracture	n	трещина, разлом, пролом	
11	Module 4	4a	frostbitten	adj	обмороженный	
11	Module 4	4a	harsh	adj	резкий	
11	Module 4	4a	heel	n	пятка	
11	Module 4	4a	hip	n	бедро	
11	Module 4	4a	hurt	v	удариться, пораниться	
11	Module 4	4a	hurtful	adj	болезненный	
11	Module 4	4a	hypothermia	n	переохлаждение	
11	Module 4	4a	injury	n	рана, повреждение	
11	Module 4	4a	inside	adj	внутренний	
11	Module 4	4a	internal	adj	внутренний, душевный	
11	Module 4	4a	irresistible	adj	неотразимый, непреодолимый	
11	Module 4	4a	miraculously	adv	чудесным образом	
11	Module 4	4a	mountaineer	n	альпинист	
11	Module 4	4a	muscle	n	мускул	
11	Module 4	4a	nagging	adj	надоедливый, противный, ворчливый	
11	Module 4	4a	nail	n	ноготь	
11	Module 4	4a	pain	n	боль	
11	Module 4	4a	painful	adj	болезненный	
11	Module 4	4a	path	n	тропинка, дорожка	
11	Module 4	4a	peak	n	вершина горы	
11	Module 4	4a	pitch black	adj	черный, как смоль	
11	Module 4	4a	rope	n	канат, веревка	
11	Module 4	4a	scratch	v	царапать	
11	Module 4	4a	severe	adj	сильный	
11	Module 4	4a	shin	n	голень	
11	Module 4	4a	shoulder	n	плечо	
11	Module 4	4a	skull	n	череп	
11	Module 4	4a	slim	adj	стройный, тонкий	
11	Module 4	4a	slip	v	скользить, сползать	
11	Module 4	4a	sprain	v	растянуть связки, сухожилия	
11	Module 4	4a	stiff	adj	одеревенелый, окостеневший	
11	Module 4	4a	strike	v	ударять	
11	Module 4	4a	subconscious	adj	подсознательный	
11	Module 4	4a	summit	n	вершина	(горы)
11	Module 4	4a	supposedly	adv	возможно, якобы, предположительно	
11	Module 4	4a	swollen	adj	распухший, опухший	
11	Module 4	4a	tale	n	рассказ, история	
11	Module 4	4a	throat	n	горло	
11	Module 4	4a	thumb	n	большой палец	
11	Module 4	4a	treat	v	лечить	
11	Module 4	4a	unconscious	adj	бессознательный	
11	Module 4	4a	void	n	пустота	
11	Module 4	4a	waist	n	талия	
11	Module 4	4a	willpower	n	воля	
11	Module 4	4a	wound	n	рана	
11	Module 4	4a	wrist	n	запястье	
11	Module 4	4a Phrases	against all odds	phr	несмотря ни на что	
11	Module 4	4a Phrases	hold on to	phr	держаться за	
11	Module 4	4a Phrases	narrow escape	phr	быть на волосок от гибели	
11	Module 4	4b	allergic	adj	аллергический	
11	Module 4	4b	antibiotics	n	антибиотики	
11	Module 4	4b	appointment	n	встреча по договоренности	
11	Module 4	4b	blocked	adj	заложенный	(о носе)
11	Module 4	4b	blow	v	прочищать нос, сморкаться	
11	Module 4	4b	bug	n	вирус	
11	Module 4	4b	chest	n	грудная клетка	
11	Module 4	4b	chickenpox	n	ветряная оспа, ветрянка	
11	Module 4	4b	contagious	adj	заразный, инфекционный	(о болезнях)
11	Module 4	4b	cough	n	кашель	
11	Module 4	4b	dizzy	adj	чувствующий головокружение	
11	Module 4	4b	dull	adj	тупая, ноющая	(о боли)
11	Module 4	4b	faint	v	упасть в обморок	
11	Module 4	4b	fortnight	n	две недели	
11	Module 4	4b	hacking	adj	сухой, отрывистый	
11	Module 4	4b	hay fever	n	сенная лихорадка, аллергия на цветочную пыльцу	
11	Module 4	4b	heart attack	n	сердечный приступ	
11	Module 4	4b	hoarse	adj	хриплый, осипший	(о голосе)
11	Module 4	4b	infection	n	инфекция	
11	Module 4	4b	itchy	adj	зудящий	
11	Module 4	4b	ointment	n	мазь	
11	Module 4	4b	prescription	n	рецепт	
11	Module 4	4b	rash	n	сыпь	
11	Module 4	4b	response	n	ответ	
11	Module 4	4b	runny	adj	мокрый, сопливый	(о носе)
11	Module 4	4b	slight	adj	легкий	
11	Module 4	4b	sneeze	v	чихать	
11	Module 4	4b	sore	adj	болезненный, воспаленный	
11	Module 4	4b	splitting	adj	сильный	(о головной боли)
11	Module 4	4b	spot	n	прыщик	
11	Module 4	4b	streaming	adj	сильный	(о насморке)
11	Module 4	4b	temperature	n	температура	
11	Module 4	4b	throbbing	adj	пульсирующий	
11	Module 4	4b	thumping	adj	сильный, стучащий	
11	Module 4	4b	tickly	adj	щекочущий	
11	Module 4	4b	virus	n	вирус	
11	Module 4	4b	vomit	v	тошнить, рвать	
11	Module 4	4b	wheeze	v	сопеть, хрипеть	
11	Module 4	4b Phrases	catch a cold	phr	простудиться, заболеть	
11	Module 4	4b Phrases	make a full recovery	phr	полностью выздороветь	
11	Module 4	4c	abandon	v	покидать	
11	Module 4	4c	arson	n	поджог	
11	Module 4	4c	bandage	n	повязка, бандаж	
11	Module 4	4c	broadband Internet connection	n	высокоскоростной Интернет	
11	Module 4	4c	cast	n	гипс	
11	Module 4	4c	cinema complex	n	кинокомплекс	
11	Module 4	4c	convince	v	убеждать, уверять	
11	Module 4	4c	debris	n	развалины	
11	Module 4	4c	frequent	adj	частый	
11	Module 4	4c	genius	adj	гениальный	
11	Module 4	4c	identity	n	личность	
11	Module 4	4c	insist	v	настаивать	
11	Module 4	4c	lawn	n	луг, лужайка	
11	Module 4	4c	link	v	соединяться, соединять	
11	Module 4	4c	mayor	n	мэр	
11	Module 4	4c	monster	n	монстр, чудовище	
11	Module 4	4c	nest	n	гнездо	
11	Module 4	4c	observe	v	наблюдать, замечать	
11	Module 4	4c	operation	n	операция	
11	Module 4	4c	predict	v	предугадывать, предвидеть	
11	Module 4	4c	rise	v	повышаться, увеличиваться	
11	Module 4	4c	sense	v	чувствовать	
11	Module 4	4c	shoot	v	стрелять	
11	Module 4	4c	smash	v	разбивать вдребезги	
11	Module 4	4c	suspicious	adj	подозрительный	
11	Module 4	4c	swallow	v	глотать	
11	Module 4	4c	tow truck	n	эвакуатор, машина техпомощи	
11	Module 4	4c	tsunami	n	цунами	
11	Module 4	4c Phrasal verbs	break out	phr v	внезапно начаться	
11	Module 4	4c Phrasal verbs	pull down	phr v	сносить	(здание)
11	Module 4	4d	about	adv	около, рядом	
11	Module 4	4d	audience	n	публика, зрители	
11	Module 4	4d	avenue	n	проспект, широкая улица	
11	Module 4	4d	be admitted	v	быть допущенным	
11	Module 4	4d	burst	n	импульс, порыв, пулеметная очередь	
11	Module 4	4d	cave	n	пещера	
11	Module 4	4d	confused	adj	смущенный, поставленный в тупик	
11	Module 4	4d	drown	v	утонуть, тонуть	
11	Module 4	4d	eager	adj	жаждущий, нетерпеливый, стремящийся к чему-либо	
11	Module 4	4d	emerge	v	появляться, показываться, возникать	
11	Module 4	4d	expedition	n	экспедиция	
11	Module 4	4d	extent	n	объем, протяжение, размер, пространство	
11	Module 4	4d	fetch	v	достать, принести что-либо	
11	Module 4	4d	flea market	n	«блошиный рынок», барахолка	
11	Module 4	4d	glimpse	n	мимолетный взгляд	
11	Module 4	4d	grope	v	идти наощупь	
11	Module 4	4d	guide	v	показывать путь, проводить, вести	
11	Module 4	4d	hail	v	окликать	
11	Module 4	4d	inspiration	n	вдохновение	
11	Module 4	4d	joy	n	радость	
11	Module 4	4d	labour	v	трудиться, работать	
11	Module 4	4d	passage	n	проход	
11	Module 4	4d	rescue	n	спасение	
11	Module 4	4d	row	v	грести	
11	Module 4	4d	sheet	n	простыня	
11	Module 4	4d	speck	n	пятнышко, крупинка	
11	Module 4	4d	stretch	n	протяжение, отрезок	
11	Module 4	4d	striking	adj	поразительный, удивительный	
11	Module 4	4d	string	v	натягивать	
11	Module 4	4d	stuff	n	вещи	
11	Module 4	4d	supper	n	ужин	
11	Module 4	4d	valley	n	долина	
11	Module 4	4d	wasting illness	n	изнурительная болезнь	
11	Module 4	4d	wild	adj	дикий	
11	Module 4	4d	witness	n	свидетель	
11	Module 4	4d	youngster	n	подросток, молодой человек	
11	Module 4	4d Phrasal verbs	get about	phr v	начинать (вы)ходить после болезни	
11	Module 4	4d Phrasal verbs	put in	phr v	добавлять	
11	Module 4	4d Phrasal verbs	shake off	phr v	избавляться	
11	Module 4	4d Phrasal verbs	track down	phr v	выслеживать	
11	Module 4	4d Phrases	at once	phr	немедленно, сразу же	
11	Module 4	4d Phrases	break the good news	phr	сообщать хорошие новости	
11	Module 4	4d Phrases	not have the least doubt	phr	быть совершенно уверенным в чем-либо	
11	Module 4	4e	accuracy	n	точность	
11	Module 4	4e	airlift	v	перевозить пассажиров по воздуху	
11	Module 4	4e	lively	adj	оживленный, веселый; живой, полный жизни	
11	Module 4	4e	award	v	награждать	
11	Module 4	4e	beam	v	радостно улыбаться	
11	Module 4	4e	brave	adj	смелый	
11	Module 4	4e	chatty	adj	болтливый	
11	Module 4	4e	chopper	n	вертолет	
11	Module 4	4e	coastguard	n	береговая охрана	
11	Module 4	4e	consequence	n	последствие	
11	Module 4	4e	content	adj	довольный	
11	Module 4	4e	crackle	v	трещать, потрескивать	
11	Module 4	4e	dash	v	стремительно двигаться куда-либо	
11	Module 4	4e	delight	n	восторг	
11	Module 4	4e	distress call	n	сигнал о помощи	
11	Module 4	4e	eternity	n	вечность	
11	Module 4	4e	evaluate	v	оценивать	
11	Module 4	4e	exclaim	v	восклицать	
11	Module 4	4e	freighter	n	грузовое транспортное судно	
11	Module 4	4e	frustrate	v	расстраивать	
11	Module 4	4e	giggle	v	хихикать	
11	Module 4	4e	gobble	v	есть	(жадно и быстро)
11	Module 4	4e	gratefully	adv	благодарно	
11	Module 4	4e	grin	v	широко улыбаться	
11	Module 4	4e	gust	n	порыв ветра	
11	Module 4	4e	heartbroken	adj	убитый горем	
11	Module 4	4e	hover	v	парить	
11	Module 4	4e	illustrate	v	иллюстрировать, описывать	
11	Module 4	4e	lark	n	жаворонок	
11	Module 4	4e	medal	n	медаль	
11	Module 4	4e	merry	adj	веселый	
11	Module 4	4e	miraculous	adj	чудесный, удивительный	
11	Module 4	4e	mood	n	настроение	
11	Module 4	4e	motionless	adj	обездвиженный	
11	Module 4	4e	munch	v	жевать, чавкать	
11	Module 4	4e	peer	v	вглядываться, всматриваться	
11	Module 4	4e	plotline	n	сюжетная линия	
11	Module 4	4e	rake	n	грабли	
11	Module 4	4e	refuel	v	дозаправиться, пополнить запасы топлива	
11	Module 4	4e	relieved	adj	облегченный	
11	Module 4	4e	rescue mission	n	миссия спасения	
11	Module 4	4e	rescue unit	n	спасательная группа, спасательный отряд	
11	Module 4	4e	roar	v	орать, реветь	
11	Module 4	4e	rock	v	качаться	
11	Module 4	4e	screech	v	издавать визжащий звук	
11	Module 4	4e	sequence	n	последовательность	
11	Module 4	4e	shift	n	рабочая смена	
11	Module 4	4e	sigh	v	вздыхать	
11	Module 4	4e	sinking	adj	тонущий	
11	Module 4	4e	skilful	adj	мастерский, опытный	
11	Module 4	4e	snap	v	ломаться	
11	Module 4	4e	snatch	v	схватить, ухватить	
11	Module 4	4e	stare	v	уставиться	
11	Module 4	4e	stride	v	идти широким шагом	
11	Module 4	4e	stumble	v	спотыкаться	
11	Module 4	4e	survivor	n	выживший, оставшийся в живых	
11	Module 4	4e	throb	v	стучать, пульсировать	
11	Module 4	4e	thump	v	глухо стучать	
11	Module 4	4e	thunder	v	ворваться с грохотом	
11	Module 4	4e	ton	n	тонна	
11	Module 4	4e	trapped	adj	захваченный, в ловушке	
11	Module 4	4e	vivid	adj	живой, яркий	
11	Module 4	4e	wail	v	стонать, причитать	
11	Module 4	4e	yell	v	вопить, визжать	
11	Module 4	4e Phrases	as happy as a lark	phr	веселый, жизнерадостный	
11	Module 4	4e Phrases	as plain as day	phr	простой, очевидный	
11	Module 4	4e Phrases	as quick as a flash	phr	очень быстрый, как молния	
11	Module 4	4e Phrases	as sick as a dog	phr	плохо себя чувствовать	
11	Module 4	4e Phrases	as white as a sheet	phr	белый как лист; бледный	
11	Module 4	4e Phrases	catch sb's eye	phr	привлекать чье-либо внимание	
11	Module 4	4e Phrases	die to meet sb	phr	очень хотеть с кем-то увидеться	
11	Module 4	4e Phrases	frozen with fear	phr	замереть от страха	
11	Module 4	4e Phrases	gasp for breath	phr	хватать ртом воздух	
11	Module 4	4e Phrases	go like clockwork	phr	работать, как часы	
11	Module 4	4e Phrases	have a memory like a sieve	phr	иметь девичью память	
11	Module 4	4e Phrases	in recognition of	phr	в знак признания, признательности	
11	Module 4	4e Phrases	leap into action	phr	быстро начать делать что-либо	
11	Module 4	4e Phrases	long face	phr	унылое, мрачное лицо	
11	Module 4	4e Phrases	lose consciousness	phr	потерять сознание	
11	Module 4	4e Phrases	on board	phr	находиться на борту	(корабля, самолета)
11	Module 4	4e Phrases	run aground	phr	сесть на мель	
11	Module 4	4e Phrases	safe and sound	phr	в целости и сохранности	
11	Module 4	Culture Corner 4	barrack	n	казарма	
11	Module 4	Culture Corner 4	basin	n	таз	
11	Module 4	Culture Corner 4	broom	n	метла	
11	Module 4	Culture Corner 4	celebrity	n	знаменитость	
11	Module 4	Culture Corner 4	consult	v	консультироваться	
11	Module 4	Culture Corner 4	crawl	v	ползти	
11	Module 4	Culture Corner 4	dedicate	v	посвящать, отдавать много времени на что-то	
11	Module 4	Culture Corner 4	establish	v	основывать, учреждать	
11	Module 4	Culture Corner 4	filter	v	фильтровать, отбирать	(о новостях / информации)
11	Module 4	Culture Corner 4	filth	n	грязь	
11	Module 4	Culture Corner 4	issue	n	проблема	
11	Module 4	Culture Corner 4	lack	n	недостаток	
11	Module 4	Culture Corner 4	linen	n	белье	
11	Module 4	Culture Corner 4	literally	adv	буквально, дословно	
11	Module 4	Culture Corner 4	medical supplies	n	медикаменты; медицинское оборудование	
11	Module 4	Culture Corner 4	rotten	adj	прогнивший	
11	Module 4	Culture Corner 4	scrubbing brush	n	жесткая щетка	
11	Module 4	Culture Corner 4	sewage	n	нечистоты	
11	Module 4	Culture Corner 4	sponge	n	губка	
11	Module 4	Culture Corner 4	state	n	состояние	
11	Module 4	Culture Corner 4	supplies	n	оборудование	
11	Module 4	Culture Corner 4	unsanitary	adj	антисанитарный	
11	Module 4	Culture Corner 4	unventilated	adj	непроветриваемый	
11	Module 4	Culture Corner 4	volunteer	v	пойти добровольцем; добровольно поступить на службу	
11	Module 4	Culture Corner 4 Phrases	around the clock	phr	круглые сутки	
11	Module 4	Across the curriculum: History	astonishingly	adv	удивительно	
11	Module 4	Across the curriculum: History	blaze	n	пламя	
11	Module 4	Across the curriculum: History	column	n	колонна	
11	Module 4	Across the curriculum: History	commemorate	v	почтить память	
11	Module 4	Across the curriculum: History	demolish	v	сносить, разрушать	(здание)
11	Module 4	Across the curriculum: History	direct	v	показывать направление; указывать путь	
11	Module 4	Across the curriculum: History	ember	n	уголь	
11	Module 4	Across the curriculum: History	engulf	v	поглощать, захватывать	
11	Module 4	Across the curriculum: History	extinguish	v	гасить, тушить	(огонь)
11	Module 4	Across the curriculum: History	fierce	adj	ожесточенный, дикий	
11	Module 4	Across the curriculum: History	ignite	v	зажигать, запаливать	
11	Module 4	Across the curriculum: History	oven	n	печь	
11	Module 4	Across the curriculum: History	overcrowded	adj	переполненный	(людьми)
11	Module 4	Across the curriculum: History	rage	v	бушевать	
11	Module 4	Across the curriculum: History	spark	n	искра	
11	Module 4	Across the curriculum: History	spot	n	место	
11	Module 4	Across the curriculum: History	spread	v	распространяться	
11	Module 4	Across the curriculum: History Phrasal verbs	die down	phr v	затихать, утихать	
11	Module 4	Across the curriculum: History Phrases	bone dry	phr	абсолютно сухой	(осушенный)
11	Module 4	Across the curriculum: History Phrases	on fire	phr	в огне	
11	Module 4	Across the curriculum: History Phrases	pay dearly	phr	дорого платить за что-то; расплачиваться	
11	Module 4	Across the curriculum: History Phrases	put out	phr	тушить огонь	
11	Module 4	Going Green 4	aquatic	adj	водный	
11	Module 4	Going Green 4	clippings	n	обрезки	
11	Module 4	Going Green 4	compost	n	компост, органическое удобрение	
11	Module 4	Going Green 4	drain	n	осушительная труба	
11	Module 4	Going Green 4	entangle	v	запутывать	
11	Module 4	Going Green 4	eventually	adv	в итоге, в конце концов	
11	Module 4	Going Green 4	excess	n	избыток, излишек	
11	Module 4	Going Green 4	fertiliser	n	удобрение	
11	Module 4	Going Green 4	float	v	плыть	
11	Module 4	Going Green 4	hose	v	поливать из шланга	
11	Module 4	Going Green 4	hosepipe	n	шланг	
11	Module 4	Going Green 4	pavement	n	тротуар	
11	Module 4	Going Green 4	precious	adj	драгоценный, дорогой	
11	Module 4	Going Green 4	resource	n	ресурс	
11	Module 4	Going Green 4	restore	v	восстанавливать	
11	Module 4	Going Green 4	runoff	n	сточные воды	
11	Module 4	Going Green 4	soil	n	почва	
11	Module 4	Going Green 4	sprinkler	n	разбрызгиватель	
11	Module 4	Going Green 4	storm drain	n	ливневый дренаж	
11	Module 4	Going Green 4	stream	n	поток	
11	Module 4	Going Green 4	sweep	v	подметать, мести	
11	Module 4	Going Green 4	toxic	adj	токсичный, ядовитый	
11	Module 4	Going Green 4	waterway	n	водный путь	
11	Module 4	Going Green 4	weed	n	сорняк	
11	Module 4	Going Green 4 Phrasal verbs	dispose of	phr v	избавляться, выбрасывать	
11	Module 4	Going Green 4 Phrases	spell bad news	phr	означать плохие новости	
11	Module 5	5a	abandoned	adj	заброшенный	
11	Module 5	5a	addict	n	приверженец	
11	Module 5	5a	B & B	n	номер в гостинице с включенным в стоимость завтраком	(bed & breakfast)
11	Module 5	5a	barely	adv	едва	
11	Module 5	5a	beg	v	просить, попрошайничать	
11	Module 5	5a	bench	n	скамейка	
11	Module 5	5a	boom town	n	быстро растущий город	
11	Module 5	5a	capital	n	столица	
11	Module 5	5a	choke	v	задыхаться, душить	
11	Module 5	5a	cosmopolitan	adj	всемирный	
11	Module 5	5a	couch	n	диван, кушетка	
11	Module 5	5a	cramped	adj	тесный	
11	Module 5	5a	disused	adj	вышедший из употребления	
11	Module 5	5a	doorway	n	дверной проем	
11	Module 5	5a	drug addict	n	наркоман	
11	Module 5	5a	fixed address	n	постоянный адрес	
11	Module 5	5a	foster home	n	семья, принявшая на воспитание ребенка	
11	Module 5	5a	fully-furnished	adj	полностью обставленный мебелью	
11	Module 5	5a	government	n	правительство	
11	Module 5	5a	hostel	n	дешевый отель, хостел	
11	Module 5	5a	industrial	adj	промышленный	
11	Module 5	5a	inner	adj	внутренний	
11	Module 5	5a	load	n	множество, масса	
11	Module 5	5a	odd	adj	случайный	
11	Module 5	5a	office building	n	офисное здание	
11	Module 5	5a	pedestrianised	adj	закрытый для автомобильного движения	
11	Module 5	5a	posh	adj	роскошный, пафосный	
11	Module 5	5a	poverty	n	бедность	
11	Module 5	5a	privacy	n	уединение	
11	Module 5	5a	reluctant	adj	вынужденный, неохотный	
11	Module 5	5a	residential	adj	жилой	
11	Module 5	5a	rough	adj	неспокойный, опасный	(о районе)
11	Module 5	5a	run-down	adj	пришедший в негодность, обветшалый	
11	Module 5	5a	scarce	adj	скудный, недостаточный, дефицитный	
11	Module 5	5a	self-esteem	n	самоуважение, чувство собственного достоинства	
11	Module 5	5a	shanty	n	хижина, хибара, лачуга	
11	Module 5	5a	sort of	phr	вроде того	
11	Module 5	5a	soup kitchen	n	бесплатная столовая для бедных	
11	Module 5	5a	squat	n	приют, ночлежка	
11	Module 5	5a	suburb	n	пригород	
11	Module 5	5a	sub-zero	adj	ниже нуля	
11	Module 5	5a	temporary	adj	временный	
11	Module 5	5a	toss	v	бросать, кидать	
11	Module 5	5a	vicious circle	n	замкнутый круг, порочный круг	
11	Module 5	5a	warehouse	n	склад	
11	Module 5	5a	well-lit	adj	хорошо освещенный	
11	Module 5	5a	whatsoever	adv	какой бы ни	
11	Module 5	5a Phrasal verbs	break out of	phr v	вырываться	
11	Module 5	5a Phrasal verbs	date from	phr v	берущий начало от	
11	Module 5	5a Phrasal verbs	get back	phr v	возвращать, возвращаться	
11	Module 5	5a Phrasal verbs	open up	phr v	открываться, рассказывать о своих чувствах	
11	Module 5	5a Phrasal verbs	run out	phr v	заканчиваться	
11	Module 5	5a Phrasal verbs	stick to	phr v	придерживаться чего-либо	
11	Module 5	5a Phrasal verbs	take sb on	phr v	нанимать кого-либо на работу	
11	Module 5	5a Phrases	make ends meet	phr	сводить концы с концами	
11	Module 5	5a Phrases	take pity on	phr	сжалиться, жалеть кого-либо	
11	Module 5	5b	alley	n	переулок	
11	Module 5	5b	beggar	n	нищий, попрошайка	
11	Module 5	5b	delay	n	задержка	
11	Module 5	5b	disgusting	adj	отвратительный, противный	
11	Module 5	5b	foul	v	гадить	
11	Module 5	5b	graffiti	n	рисунки на стенах, граффити	
11	Module 5	5b	lack	n	недостаток	
11	Module 5	5b	health risk	n	риск для здоровья	
11	Module 5	5b	mess	n	помет	
11	Module 5	5b	offensive	adj	обидный, оскорбительный	
11	Module 5	5b	overcrowded	adj	переполненный	
11	Module 5	5b	pavement	n	тротуар	
11	Module 5	5b	permit	n	разрешение	
11	Module 5	5b	pirate CD/DVD	n	пиратская копия	
11	Module 5	5b	public transport	n	общественный транспорт	
11	Module 5	5b	relief	n	облегчение	
11	Module 5	5b	roadworks	n	дорожные работы	
11	Module 5	5b	stink	v	вонять, плохо пахнуть	
11	Module 5	5b	stray animal	n	бездомное животное	
11	Module 5	5b	street hawker	n	уличный продавец	
11	Module 5	5b Phrases	everything but the kitchen sink	phr	все подряд	
11	Module 5	5b Phrases	have a roof over our heads	phr	иметь крышу над головой	
11	Module 5	5b Phrases	heavy traffic	phr	затрудненное движение транспорта	
11	Module 5	5b Phrases	lead sb up the garden path	phr	водить за нос, обманывать	
11	Module 5	5b Phrases	throw money down the drain	phr	тратить деньги попусту	
11	Module 5	5c	cluttered	adj	захламленный, заставленный	
11	Module 5	5c	crash helmet	n	защитный шлем	
11	Module 5	5c	obligation	n	обязанность	
11	Module 5	5c	prohibition	n	запрет	
11	Module 5	5c	prosperity	n	достаток	
11	Module 5	5c	renovate	v	обновлять, улучшать	
11	Module 5	5c Phrasal verbs	get rid of	phr v	избавляться от	
11	Module 5	5c Phrases	give sb a lift	phr	подвозить кого-либо	
11	Module 5	5d	acre	n	акр	(4047 квадратных метров земли)
11	Module 5	5d	ancestry	n	происхождение	
11	Module 5	5d	anxiety	n	нервозность, волнение	
11	Module 5	5d	appliance	n	бытовой электроприбор	
11	Module 5	5d	apprehension	n	дурное предчувствие	
11	Module 5	5d	assistance	n	помощь	
11	Module 5	5d	border	n	граница	
11	Module 5	5d	bow	n	лук	(для стрельбы)
11	Module 5	5d	branch	n	ветка	
11	Module 5	5d	burden	n	обязательство	
11	Module 5	5d	characterisation	n	характеристика, описание	
11	Module 5	5d	circumstance	n	обстоятельство	
11	Module 5	5d	cottage	n	коттедж, загородный дом	
11	Module 5	5d	crimson	adj	малиновый, темно-красный	
11	Module 5	5d	descendant	n	потомок	
11	Module 5	5d	desire	n	желание	
11	Module 5	5d	dignified	adj	величественный, возвышенный, обладающий чувством собственного достоинства	
11	Module 5	5d	distant	adj	удаленный	
11	Module 5	5d	district	n	район	
11	Module 5	5d	elegant	adj	элегантный	
11	Module 5	5d	emerald	adj	изумрудный, ярко-зеленый	
11	Module 5	5d	estate	n	поместье, имение, владение	
11	Module 5	5d	evergreen	adj	вечнозеленый	
11	Module 5	5d	fancy	adj	дорогой	
11	Module 5	5d	fate	n	судьба	
11	Module 5	5d	fit	v	оснащать, экипировать	
11	Module 5	5d	gaze	v	пристально глядеть, вглядываться	
11	Module 5	5d	gifted	adj	одаренный	
11	Module 5	5d	gravel	n	гравий	
11	Module 5	5d	greenhouse	n	теплица, парник	
11	Module 5	5d	grumbling	adj	ворчливый	
11	Module 5	5d	hall	n	зал, павильон	
11	Module 5	5d	innocence	n	невиновность	
11	Module 5	5d	issue	v	выпускать, издавать, публиковать	
11	Module 5	5d	landscape	n	ландшафт	
11	Module 5	5d	lodge	n	сторожка, будка	
11	Module 5	5d	manor	n	поместье	
11	Module 5	5d	mansion	n	особняк	
11	Module 5	5d	misfortune	n	неудача	
11	Module 5	5d	moral	adj	нравственный	
11	Module 5	5d	ornamental	adj	декоративный	
11	Module 5	5d	pasture	n	пастбище	
11	Module 5	5d	publisher	n	издательство	
11	Module 5	5d	semi-fictional	adj	наполовину выдуманный	
11	Module 5	5d	set	adj	расположенный	
11	Module 5	5d	shape	v	придавать форму	
11	Module 5	5d	shed	n	сарай	
11	Module 5	5d	somewhat	adv	немного, в некоторой степени	
11	Module 5	5d	squeeze	v	выжимать	
11	Module 5	5d	stable	n	конюшня	
11	Module 5	5d	stretch	v	простираться, протягиваться	
11	Module 5	5d	tend	v	ухаживать, заботиться, присматривать	
11	Module 5	5d	thrive	v	процветать, преуспевать	
11	Module 5	5d	troublesome	adj	проблемный	
11	Module 5	5d Phrasal verbs	fall in with	phr v	соглашаться с чем-либо	
11	Module 5	5d Phrases	by hook or by crook	phr	всеми возможными путями	
11	Module 5	5d Phrases	claim kin	phr	претендовать на родство	
11	Module 5	5d Phrases	come in sight	phr	появляться	
11	Module 5	5d Phrases	devote yourself to sb/sth	phr	посвящать себя чему-либо	
11	Module 5	5d Phrases	in full view	phr	на виду у всех, в поле зрения	
11	Module 5	5d Phrases	take sb/sth for granted	phr	принимать как должное	
11	Module 5	5d Phrases	there and then	phr	немедленно	
11	Module 5	5d Phrases	throw upon sb's shoulders	phr	сбрасывать на чьи-либо плечи	
11	Module 5	5e	aim	n	цель	
11	Module 5	5e	apartment block	n	жилой дом	
11	Module 5	5e	communal area	n	совместная территория	
11	Module 5	5e	community centre	n	общественный центр	
11	Module 5	5e	commute	v	ежедневно ездить на работу и с работы	
11	Module 5	5e	content	n	содержимое, содержание	
11	Module 5	5e	crime rate	n	уровень преступности	
11	Module 5	5e	decor	n	декор, внутренний дизайн	
11	Module 5	5e	document	n	документ	
11	Module 5	5e	exterior	adj	наружный, внешний	
11	Module 5	5e	factual	adj	фактический, основанный на фактах	
11	Module 5	5e	funding	n	финансирование, субсидирование	
11	Module 5	5e	greenery	n	зелень, растительность	
11	Module 5	5e	housing estate	n	жилой массив, микрорайон, населенный пункт	
11	Module 5	5e	immensely	adv	в огромной степени, чрезвычайно	
11	Module 5	5e	implement	v	выполнять, осуществлять	
11	Module 5	5e	inhabitant	n	житель	
11	Module 5	5e	intercom	n	интерком, внутренняя телефонная связь	
11	Module 5	5e	network	n	сеть	
11	Module 5	5e	participate	v	участвовать	
11	Module 5	5e	purpose	n	цель	
11	Module 5	5e	refurnish	v	переоборудовать новой мебелью	
11	Module 5	5e	resident	n	постоянный житель	
11	Module 5	5e	submit	v	представлять на рассмотрение	
11	Module 5	5e	uninhabited	adj	необитаемый, нежилой	
11	Module 5	5e	warden	n	смотритель, надзиратель, инспектор	
11	Module 5	5e	well-stocked	adj	с большим выбором товаров	
11	Module 5	5e Phrasal verbs	carry out	phr v	исполнять	
11	Module 5	5e Phrasal verbs	cater for	phr v	удовлетворять	(требования)
11	Module 5	5e Phrasal verbs	do up	phr v	ремонтировать	
11	Module 5	5e Phrasal verbs	tow away	phr v	эвакуировать, буксировать на место стоянки	
11	Module 5	Culture Corner 5	attic	n	чердак	
11	Module 5	Culture Corner 5	crime rate	n	уровень преступности	
11	Module 5	Culture Corner 5	basement	n	подвал, подвальное помещение	
11	Module 5	Culture Corner 5	loft	n	чердак	
11	Module 5	Culture Corner 5	outskirts	n	окраина, окрестности	
11	Module 5	Culture Corner 5	pattern	n	образец, пример, шаблон	
11	Module 5	Culture Corner 5	property	n	владение	
11	Module 5	Culture Corner 5	railing	n	ограда	
11	Module 5	Culture Corner 5	retire	v	уйти на пенсию	
11	Module 5	Culture Corner 5	row	n	ряд	
11	Module 5	Culture Corner 5	slate	n	шифер, шиферная плитка	
11	Module 5	Culture Corner 5	stained glass	n	витражное стекло, витраж	
11	Module 5	Culture Corner 5	steep	adj	крутой, острый	(о крыше)
11	Module 5	Culture Corner 5	terrace	n	ряд стандартных домиков вдоль улицы	
11	Module 5	Across the Curriculum: Geography	access	n	доступ	
11	Module 5	Across the Curriculum: Geography	affordable	adj	допустимый по средствам, возможный	
11	Module 5	Across the Curriculum: Geography	agency	n	агентство	
11	Module 5	Across the Curriculum: Geography	amenity	n	жизненные удобства	
11	Module 5	Across the Curriculum: Geography	authority	n	полномочие, ответственность	
11	Module 5	Across the Curriculum: Geography	conflict	n	конфликт	
11	Module 5	Across the Curriculum: Geography	decent	adj	приемлемый	
11	Module 5	Across the Curriculum: Geography	dweller	n	обитатель, жилец	
11	Module 5	Across the Curriculum: Geography	hut	n	хижина, лачуга, хибара	
11	Module 5	Across the Curriculum: Geography	labour	n	труд	
11	Module 5	Across the Curriculum: Geography	loan	n	кредит, ссуда	
11	Module 5	Across the Curriculum: Geography	malnutrition	n	недоедание, недостаточное питание	
11	Module 5	Across the Curriculum: Geography	permanent	adj	постоянный	
11	Module 5	Across the Curriculum: Geography	prospect	n	перспектива	
11	Module 5	Across the Curriculum: Geography	resolve	v	решать	
11	Module 5	Across the Curriculum: Geography	sanitation	n	санитария, улучшение санитарных условий	
11	Module 5	Across the Curriculum: Geography	slum	n	трущоба	
11	Module 5	Across the Curriculum: Geography	spirit	n	дух	
11	Module 5	Across the Curriculum: Geography	urbanisation	n	урбанизация, рост городов	
11	Module 5	Across the Curriculum: Geography	vast	adj	огромный, громадный	
11	Module 5	Across the Curriculum: Geography	worthless	adj	ничего не стоящий, никчемный	
11	Module 5	Across the Curriculum: Geography Phrasal verbs	end up	phr v	оказываться	
11	Module 5	Across the Curriculum: Geography Phrasal verbs	set up	phr v	основать, начать новое дело	
11	Module 5	Across the Curriculum: Geography Phrases	gain ownership	phr	стать владельцем	
11	Module 5	Going Green 5	bulldoze	v	валить, расчищать бульдозером	
11	Module 5	Going Green 5	commuter	n	загородный житель, совершающий регулярные поездки в город (на работу)	
11	Module 5	Going Green 5	conservation	n	сохранение	
11	Module 5	Going Green 5	derelict	adj	брошенный, ненужный	
11	Module 5	Going Green 5	enrich	v	обогащать	
11	Module 5	Going Green 5	habitat	n	естественная среда обитания, место жительства	
11	Module 5	Going Green 5	inadequate	adj	неподходящий, неадекватный	
11	Module 5	Going Green 5	nature reserve	n	заповедник	
11	Module 5	Going Green 5	oppose	v	возражать, быть против	
11	Module 5	Going Green 5	recreation	n	место отдыха	
11	Module 5	Going Green 5	region	n	регион, район	
11	Module 5	Going Green 5	restricted	adj	запрещенный, ограниченный	
11	Module 5	Going Green 5	suburbia	n	пригород	
11	Module 5	Going Green 5	surrounded	adj	окруженный	
11	Module 5	Going Green 5	town planner	n	градостроитель	
11	Module 5	Going Green 5	traffic congestion	n	автомобильная пробка, затор	
11	Module 5	Going Green 5	urban	adj	городской	
11	Module 5	Going Green 5 Phrasal verbs	force sb out	phr v	заставлять/принуждать кого-либо покинуть какое-либо место	
11	Module 5	Going Green 5 Phrasal verbs	spread out	phr v	распространять	
11	Module 5	Going Green 5 Phrases	swallow sth up	phr	исчезать, заглатывать	
11	Module 5	Going Green 5 Phrases	under threat	phr	под угрозой	
11	Module 5	Going Green 5 Phrases	visually pleasing	phr	приятный внешне	
11	Module 6	6a	abduct	v	похищать	
11	Module 6	6a	advanced	adj	развитый, продвинутый	
11	Module 6	6a	alien	n	пришелец	
11	Module 6	6a	analyse	v	анализировать	
11	Module 6	6a	antenna	n	антенна	
11	Module 6	6a	beam	v/n	испускать сигналы, светить; луч	
11	Module 6	6a	broadcast	n	вещание, трансляция	
11	Module 6	6a	comb	v	прочесывать, тщательно проверять	
11	Module 6	6a	comet	n	комета	
11	Module 6	6a	confine	v	ограничивать	
11	Module 6	6a	convincing	adj	убедительный	
11	Module 6	6a	cosmos	n	космос	
11	Module 6	6a	discouraging	adj	обескураживающий, смущающий	
11	Module 6	6a	download	v	загружать информацию из Интернета	
11	Module 6	6a	extraterrestrial	adj	внеземной	
11	Module 6	6a	flash	n	вспышка	
11	Module 6	6a	galaxy	n	галактика	
11	Module 6	6a	grain	n	крупинка	
11	Module 6	6a	hunt	n	охота	
11	Module 6	6a	hypothesis	n	гипотеза, предположение	
11	Module 6	6a	intelligence	n	интеллект, разум	
11	Module 6	6a	intentionally	adv	намеренно, специально, умышленно	
11	Module 6	6a	laser	n	лазер	
11	Module 6	6a	military	adj	военный	
11	Module 6	6a	moon	n	луна	
11	Module 6	6a	orbit	n	орбита	
11	Module 6	6a	planet	n	планета	
11	Module 6	6a	pretty	adj	хорошенький, симпатичный	
11	Module 6	6a	radio wave	n	радиоволна	
11	Module 6	6a	sand	n	песок	
11	Module 6	6a	satellite	n	спутник	
11	Module 6	6a	screensaver	n	экранная заставка	(на компьютере)
11	Module 6	6a	shred	n	клочок	
11	Module 6	6a	signal	n	сигнал, знак	
11	Module 6	6a	solar system	n	Солнечная система	
11	Module 6	6a	telescope	n	телескоп	
11	Module 6	6a	the human race	n	человеческая раса, человечество	
11	Module 6	6a Phrasal verbs	point out	phr v	показывать, обращать внимание, рассказывать	
11	Module 6	6a Phrasal verbs	sit around	phr v	сидеть без дела, бездельничать	
11	Module 6	6a Phrasal verbs	tune in	phr v	настраиваться	(на радиоволну)
11	Module 6	6a Phrases	all the same	phr	без разницы, безразлично, все равно	
11	Module 6	6a Phrases	at some point	phr	в какой-то определенный момент	
11	Module 6	6a Phrases	face the fact	phr	смотреть фактам в лицо	
11	Module 6	6a Phrases	sweep the skies	phr	изучать небо через телескоп	
11	Module 6	6b	article	n	статья	
11	Module 6	6b	association	n	ассоциация	
11	Module 6	6b	blazing row	n	бурная ссора, жаркий спор	
11	Module 6	6b	broadsheet	n	широкополосная газета	
11	Module 6	6b	coverage	n	репортаж, освещение события, трансляция	
11	Module 6	6b	covering	n	оболочка, покрытие	
11	Module 6	6b	depressing	adj	угнетающий, гнетущий	
11	Module 6	6b	development	n	развитие, рост	
11	Module 6	6b	exclusive	adj	эксклюзивный, единственный в своем роде	
11	Module 6	6b	feature	n	очерк, тематическая статья	
11	Module 6	6b	fiction	n	вымысел	
11	Module 6	6b	first	adj	первый	
11	Module 6	6b	front	n	лицевая сторона	
11	Module 6	6b	gutter press	n	желтая пресса	
11	Module 6	6b	heading	n	заглавие, заголовок, рубрика	
11	Module 6	6b	headline	n	газетный заголовок, шапка	
11	Module 6	6b	interrupt	v	вмешаться, прекращать	
11	Module 6	6b	kid	v	дразнить, подшучивать, шутить	
11	Module 6	6b	live	adj	в прямом эфире	
11	Module 6	6b	media	n	средства массовой информации	(телевидение, радио, Интернет)
11	Module 6	6b	nervous breakdown	n	нервный срыв, нервное расстройство	
11	Module 6	6b	newsagent	n	газетный киоск; магазин, продающий печатные издания	
11	Module 6	6b	news bulletin	n	сводка новостей	
11	Module 6	6b	news flash	n	экстренное информационное сообщение	
11	Module 6	6b	press	n	пресса	
11	Module 6	6b	rival	n	конкурент, соперник	
11	Module 6	6b	sack	v	увольнять с работы	
11	Module 6	6b	scan	v	внимательно рассматривать, изучать	
11	Module 6	6b	scandal	n	скандальное происшествие	
11	Module 6	6b	shameful	adj	позорный	
11	Module 6	6b	survey	n	опрос, обозрение, инспектирование	
11	Module 6	6b	tabloid	n	малоформатная газета	(печатающая в основном сенсационный материал и уделяющая очень мало места текущим политическим событиям)
11	Module 6	6b	unfold	v	развертывать	
11	Module 6	6b	update	n	свежие новости	
11	Module 6	6b Phrasal verbs	come out	phr v	выходить, становиться доступным	
11	Module 6	6b Phrasal verbs	talk back	phr v	возражать, дерзить, огрызаться	
11	Module 6	6b Phrases	actions speak louder than words	phr	поступок говорит сам за себя, больше дела — меньше слов	
11	Module 6	6b Phrases	hit the headlines	phr	попасть в заголовки	
11	Module 6	6b Phrases	run a story	phr	помещать рассказ, печатать рассказ	
11	Module 6	6b Phrases	speak of the devil	phr	легок на помине	
11	Module 6	6b Phrases	speak the same language	phr	говорить на одном языке, понимать друг друга с полуслова	
11	Module 6	6b Phrases	speak with a forked tongue	phr	говорить одно, а думать другое	
11	Module 6	6b Phrases	speak one's mind	phr	высказывать свою точку зрения	
11	Module 6	6b Phrases	sweet talk sb	phr	делать комплименты, умасливать	
11	Module 6	6b Phrases	take sth with a pinch of salt	phr	относиться к чему-либо с недоверием, скептически	
11	Module 6	6b Phrases	talk in riddles	phr	говорить загадками	
11	Module 6	6b Phrases	talk to the wall	phr	говорить в никуда; как об стенку горох	
11	Module 6	6c	accuse	v	обвинять, винить, придираться	
11	Module 6	6c	assure	v	уверять	
11	Module 6	6c	boast	v	хвастаться, хвалиться	
11	Module 6	6c	motorway	n	шоссе, автомагистраль	
11	Module 6	6c	patronise	v	покровительствовать, опекать	
11	Module 6	6d	absence	n	отсутствие	
11	Module 6	6d	announce	v	оглашать, анонсировать	
11	Module 6	6d	apprehensively	adv	с опаской, предчувствуя недоброе	
11	Module 6	6d	baa	v	блеять	
11	Module 6	6d	bark	v	лаять	
11	Module 6	6d	benefit	v	приносить/извлекать пользу	
11	Module 6	6d	breed	n	порода	
11	Module 6	6d	cherish	v	лелеять, заботиться, ухаживать	
11	Module 6	6d	command	v	командовать	
11	Module 6	6d	corner	v	загнать в угол, припереть к стенке	
11	Module 6	6d	croak	v	квакать	
11	Module 6	6d	cry	n	крик	
11	Module 6	6d	decisively	adv	решительно	
11	Module 6	6d	determination	n	решительность	
11	Module 6	6d	extract	n	отрывок	
11	Module 6	6d	fabric	n	материал, ткань	
11	Module 6	6d	faithfulness	n	верность, преданность	
11	Module 6	6d	fiercely	adv	свирепо, жестоко	
11	Module 6	6d	gently	adv	нежно	
11	Module 6	6d	harsh	adj	суровый	
11	Module 6	6d	hiss	v	шипеть	
11	Module 6	6d	howl	v	выть	
11	Module 6	6d	meow	v	мяукать	
11	Module 6	6d	moo	v	мычать	
11	Module 6	6d	neigh	v	ржать	
11	Module 6	6d	oink	v	хрюкать	
11	Module 6	6d	overturn	v	опрокидывать	
11	Module 6	6d	pant	v	часто и тяжело дышать	
11	Module 6	6d	quack	v	крякать	
11	Module 6	6d	regard	v	рассматривать	
11	Module 6	6d	reluctantly	adv	неохотно, скрепя сердце	
11	Module 6	6d	remainder	n	остаток	
11	Module 6	6d	savagely	adv	жестоко, свирепо, подобно дикарю	
11	Module 6	6d	scream	v	кричать, визжать	
11	Module 6	6d	shadow	n	тень	
11	Module 6	6d	sharp	adj	отчетливый, резкий	
11	Module 6	6d	stumble	v	спотыкаться, оступаться	
11	Module 6	6d	tame	v	приручать, дрессировать	
11	Module 6	6d	trot	v	идти рысью	
11	Module 6	6d	twitch	v	резко дернуть, дергаться	
11	Module 6	6d	unwillingness	n	нежелание	
11	Module 6	6d	wag	v	вилять (хвостом)	
11	Module 6	6d	whine	v	скулить, подвывать	
11	Module 6	6d Phrasal verbs	attribute to	phr v	приписывать кому-либо что-либо	
11	Module 6	6d Phrasal verbs	drag on sth	phr v	тянуть что-либо с усилием	
11	Module 6	6d Phrasal verbs	spring out	phr v	отпрыгивать	
11	Module 6	6d Phrases	be dear to	phr	много значить для кого-то	
11	Module 6	6d Phrases	be of value	phr	иметь значение, быть важным, быть значимым	
11	Module 6	6d Phrases	in vain	phr	зря, впустую	
11	Module 6	6d Phrases	turn upon sb	phr	обращаться против кого-либо	
11	Module 6	6e	argue	v	спорить	
11	Module 6	6e	argument	n	аргумент	
11	Module 6	6e	client	n	клиент	
11	Module 6	6e	compulsory	adj	принудительный, обязательный	
11	Module 6	6e	curiosity	n	любознательность, любопытство	
11	Module 6	6e	deserve	v	заслуживать	
11	Module 6	6e	excite	v	волновать	
11	Module 6	6e	frustrating	adj	разочаровывающий	
11	Module 6	6e	intrusion	n	вторжение, появление без приглашения	
11	Module 6	6e	proposal	n	предложение	
11	Module 6	6e	prospect	n	перспектива, возможность	
11	Module 6	6e	proverb	n	пословица, притча	
11	Module 6	6e	rewarding	adj	стоящий, полезный	
11	Module 6	6e	source	n	источник	
11	Module 6	6e	vision	n	видение, восприятие	
11	Module 6	6e Phrasal verbs	expose sb to sth	phr v	знакомить кого-либо с чем-либо	
11	Module 6	6e Phrases	in view of	phr	принимая во внимание, имея в виду	
11	Module 6	Culture Corner 6	colony	n	колония	
11	Module 6	Culture Corner 6	decline	v	уменьшаться, снижаться	
11	Module 6	Culture Corner 6	fluently	adv	без запинки, бегло	
11	Module 6	Culture Corner 6	invade	v	вторгаться, нападать	
11	Module 6	Culture Corner 6	invasion	n	вторжение	
11	Module 6	Culture Corner 6	majority	n	большинство	
11	Module 6	Culture Corner 6	native	adj	родной, местный	
11	Module 6	Culture Corner 6	native tongue	n	родной язык	
11	Module 6	Culture Corner 6	occupation	n	оккупация, захват	
11	Module 6	Culture Corner 6	overall	adj	общий, полный, всеобщий	
11	Module 6	Culture Corner 6	primarily	adv	в первую очередь, главным образом	
11	Module 6	Culture Corner 6	revive	v	возрождаться, воскресать	
11	Module 6	Culture Corner 6	roughly	adv	приблизительно, в общих чертах	
11	Module 6	Culture Corner 6	tribe	n	племя, род	
11	Module 6	Across the Curriculum: ICT	blanket	n	шерстяное одеяло	
11	Module 6	Across the Curriculum: ICT	destined	adj	назначенный, предопределенный	
11	Module 6	Across the Curriculum: ICT	efficient	adj	рациональный, целесообразный	
11	Module 6	Across the Curriculum: ICT	identify	v	опознавать, определять	
11	Module 6	Across the Curriculum: ICT	instant messenger	n	средство диалогового общения через Интернет	
11	Module 6	Across the Curriculum: ICT	loft	n	голубятня	
11	Module 6	Across the Curriculum: ICT	messenger	n	посыльный	
11	Module 6	Across the Curriculum: ICT	mirror	n	зеркало	
11	Module 6	Across the Curriculum: ICT	puff	n	облако	(дыма)
11	Module 6	Across the Curriculum: ICT	signal	v	сигналить, посылать сообщение	
11	Module 6	Across the Curriculum: ICT	stock	n	акции компании, ценные бумаги	
11	Module 6	Across the Curriculum: ICT	telegraph	n	телеграф	
11	Module 6	Across the Curriculum: ICT	whistle	v	свистеть	
11	Module 6	Across the Curriculum: ICT Phrasal verbs	get sth across	phr v	передавать что-либо	
11	Module 6	Across the Curriculum: ICT Phrases	no matter how	phr	не имеет значения как	
11	Module 6	Across the Curriculum: ICT Phrases	take your pick	phr	выбирайте	
11	Module 6	Going Green 6	blast	v	оглушать	
11	Module 6	Going Green 6	breed	v	размножать	
11	Module 6	Going Green 6	campaign	v	проводить кампанию	
11	Module 6	Going Green 6	drastic	adj	сильный, глубокий	
11	Module 6	Going Green 6	drill	v	сверлить, бурить	
11	Module 6	Going Green 6	explosive	n	взрывчатка	
11	Module 6	Going Green 6	faint	adj	слабый, тусклый	
11	Module 6	Going Green 6	flood	v	затоплять, наводнять	
11	Module 6	Going Green 6	hearing bubble	n	предел слышимости	
11	Module 6	Going Green 6	intense	adj	интенсивный	
11	Module 6	Going Green 6	low-frequency sound waves	n	низкочастотные волны	
11	Module 6	Going Green 6	marine	adj	морской	
11	Module 6	Going Green 6	mate	v	спаривать	(животных)
11	Module 6	Going Green 6	offshore	adj	офшорный (на некотором расстоянии от берега)	
11	Module 6	Going Green 6	operation	n	операция	
11	Module 6	Going Green 6	stranded	adj	выброшенный на берег, оказавшийся на мели	
11	Module 6	Going Green 6	sympathy	n	сочувствие	
11	Module 6	Going Green 6 Phrases	keep track of sth	phr	следить за чем-либо	
11	Module 7	7a	achieve	v	добиваться	
11	Module 7	7a	banish	v	изгонять, выгонять	
11	Module 7	7a	candidate	n	кандидат	
11	Module 7	7a	composer	n	композитор	
11	Module 7	7a	congress	n	конгресс	
11	Module 7	7a	countless	adj	бесчисленный	
11	Module 7	7a	defeat	v	побеждать	
11	Module 7	7a	elect	v	избирать	
11	Module 7	7a	failing	n	недостаток	
11	Module 7	7a	failure	n	провал, неудача	
11	Module 7	7a	fault	n	недостаток, вина, ошибка	
11	Module 7	7a	goal	n	цель	
11	Module 7	7a	hopeless	adj	безнадежный	
11	Module 7	7a	initially	adv	с самого начала, первоначально	
11	Module 7	7a	insurmountable	adj	непреодолимый	
11	Module 7	7a	long	v	страстно желать, стремиться к чему-либо	
11	Module 7	7a	obstacle	n	помеха, преграда	
11	Module 7	7a	overcome	v	преодолевать	
11	Module 7	7a	perseverance	n	упорство, настойчивость	
11	Module 7	7a	perspiration	n	потение, выделение пота	
11	Module 7	7a	process	n	процесс, ход, развитие	
11	Module 7	7a	prove	v	доказывать	
11	Module 7	7a	reject	v	не принимать, отвергать	
11	Module 7	7a	self-doubt	n	неуверенность в себе	
11	Module 7	7a	solve	v	решать, разрешать, находить решение	
11	Module 7	7a	symphony	n	симфония	
11	Module 7	7a Phrasal verbs	come up against	phr v	сталкиваться с	
11	Module 7	7a Phrasal verbs	end in	phr v	приводить к, оканчиваться	
11	Module 7	7a Phrasal verbs	run for	phr v	выставлять свою кандидатуру на выборах, баллотироваться	
11	Module 7	7a Phrases	a dream come true	phr	осуществление мечты	
11	Module 7	7a Phrases	dash one's hopes	phr	разбить чьи-либо надежды	
11	Module 7	7a Phrases	get one's hopes up	phr	питать надежды, обнадеживаться	
11	Module 7	7a Phrases	give up hope	phr	потерять надежду	
11	Module 7	7a Phrases	have high hopes of	phr	возлагать большие надежды на	
11	Module 7	7a Phrases	in the hope that	phr	в надежде, что	
11	Module 7	7a Phrases	pin one's hopes on	phr	возлагать надежды на кого-либо	
11	Module 7	7a Phrases	take steps	phr	предпринимать шаги, попытки	
11	Module 7	7a Phrases	take things as they come	phr	принимать как есть	
11	Module 7	7b	apprenticeship	n	период обучения	
11	Module 7	7b	attend	v	посещать	(уроки, занятия)
11	Module 7	7b	classmate	n	одноклассник	
11	Module 7	7b	colleague	n	коллега	(по работе)
11	Module 7	7b	course	n	курс	(учебный)
11	Module 7	7b	degree	n	степень, звание	
11	Module 7	7b	enrol	v	зачислять в учебное заведение/на курсы	
11	Module 7	7b	essay	n	очерк, набросок, эссе	
11	Module 7	7b	fee	n	плата	
11	Module 7	7b	flatmate	n	сосед по комнате	
11	Module 7	7b	graduate	v	заканчивать учебное заведение	
11	Module 7	7b	grant	n	стипендия	
11	Module 7	7b	lecture	n	лекция	
11	Module 7	7b	lesson	n	урок	
11	Module 7	7b	loan	n	заем, кредит	
11	Module 7	7b	place	n	возможность обучаться где-либо, место в университете или колледже	
11	Module 7	7b	position	n	положение, должность	
11	Module 7	7b	price	n	цена	
11	Module 7	7b	prospectus	n	проспект	(учебного заведения, компании)
11	Module 7	7b	qualification	n	квалификация	
11	Module 7	7b	quality	n	характерная черта	
11	Module 7	7b	scholarship	n	стипендия	
11	Module 7	7b	section	n	секция, часть	
11	Module 7	7b	seminar	n	семинар	
11	Module 7	7b	subject	n	предмет обучения	(литература, математика, физика и т. д.)
11	Module 7	7b	syllabus	n	расписание занятий, программа курса лекций	
11	Module 7	7b	tough	adj	сложный	
11	Module 7	7b Phrasal verbs	go into	phr v	тщательно рассматривать, вникать, вступать	
11	Module 7	7b Phrasal verbs	drop out	phr v	бросать обучение	
11	Module 7	7b Phrasal verbs	hand in	phr v	сдавать	
11	Module 7	7b Phrases	beat around the bush	phr	ходить вокруг да около	
11	Module 7	7b Phrases	carry the can	phr	нести ответственность, отдуваться за других	
11	Module 7	7b Phrases	dream up an excuse	phr	придумывать оправдание	
11	Module 7	7b Phrases	have the time of one's life	phr	отлично проводить время, наслаждаться жизнью, веселиться на славу	
11	Module 7	7b Phrases	not be one's cup of tea	phr	не то, что нужно	
11	Module 7	7b Phrases	you can't teach an old dog new tricks	phr	старого учить, что мертвого лечить	
11	Module 7	7b Phrases	you live and learn	phr	век живи — век учись	
11	Module 7	7c	cheat	v	списывать	
11	Module 7	7c	conceive	v	постигать, понимать, осмысливать	
11	Module 7	7c	contrary	adj	противоположный	
11	Module 7	7c	post	n	почта	
11	Module 7	7c	promote	v	продвигать, способствовать, содействовать повышению	
11	Module 7	7c Phrases	meet a deadline	phr	успеть закончить работу к установленному сроку	
11	Module 7	7d	convey	v	передавать информацию	
11	Module 7	7d	despair	n	отчаяние, беспомощность	
11	Module 7	7d	extensively	adv	подробно, тщательно	
11	Module 7	7d	fool	n	глупец, дурак	
11	Module 7	7d	force	v	заставлять	
11	Module 7	7d	greed	n	жадность	
11	Module 7	7d	heap	n	куча, завал, ворох	
11	Module 7	7d	honour	n	честь	
11	Module 7	7d	impostor	n	обманщик, самозванец, мошенник	
11	Module 7	7d	inspiring	adj	вдохновительный, вдохновляющий	
11	Module 7	7d	knighthood	n	рыцарство, достоинство, рыцарское поведение	
11	Module 7	7d	master	n	хозяин	
11	Module 7	7d	miserable	adj	несчастный, печальный, жалкий	
11	Module 7	7d	motivated	adj	заинтересованный, целенаправленный	
11	Module 7	7d	motivational	adj	мотивационный, заинтересовывающий	
11	Module 7	7d	neglect	v	забывать, запускать, забрасывать	
11	Module 7	7d	pile	n	кипа, груда	
11	Module 7	7d	rhyme	v	рифмовать	
11	Module 7	7d	secluded	adj	уединенный, изолированный, удаленный	
11	Module 7	7d	stanza	n	куплет, строфа	(в поэзии)
11	Module 7	7d	stoop	v	сутулиться, наклоняться	
11	Module 7	7d	tool	n	инструмент	
11	Module 7	7d	trap	n	ловушка	
11	Module 7	7d	triumph	n	триумф	
11	Module 7	7d	turn	n	очередь	
11	Module 7	7d	unforgiving	adj	неумолимый, беспощадный	
11	Module 7	7d	verse	n	стих, строфа	
11	Module 7	7d	virtue	n	достоинство	
11	Module 7	7d	will	n	воля, сила воли	
11	Module 7	7d	winnings	n	выигрыш, добыча	
11	Module 7	7d	worn-out	adj	потертый, изношенный, отработанный	
11	Module 7	7d	worth	n	ценность, значение, достоинство	
11	Module 7	7d Phrasal verbs	build on	phr v	основывать	
11	Module 7	7d Phrasal verbs	go through	phr v	выдержать, пройти через	(испытание)
11	Module 7	7d Phrasal verbs	hold on	phr v	не сдаваться, держаться	
11	Module 7	7d Phrases	breathe a word	phr	обмолвиться, сказать о чем-либо	
11	Module 7	7d Phrases	give way to	phr	уступать	
11	Module 7	7d Phrases	keep your head	phr	сдерживаться, оставаться спокойным	
11	Module 7	7d Phrases	make allowance for	phr	учитывать, принимать во внимание	
11	Module 7	7d Phrases	the common touch	phr	талант общения с людьми из разных слоев общества	
11	Module 7	7d Phrases	twist the truth	phr	искажать истину	
11	Module 7	7e	actual	adj	фактический, действительный	
11	Module 7	7e	appalling	adj	ужасный, отталкивающий	
11	Module 7	7e	careers fair	n	ярмарка вакансий	
11	Module 7	7e	contact	v	общаться, контактировать	
11	Module 7	7e	draughty	adj	продуваемый насквозь, расположенный на сквозняке	(о зданиях)
11	Module 7	7e	driving licence	n	водительские права	
11	Module 7	7e	enclose	v	прилагать (к письму), вкладывать	
11	Module 7	7e	enquire	v	спрашивать, наводить справки	
11	Module 7	7e	entitled	adj	уполномоченный, получивший право	
11	Module 7	7e	envelope	n	конверт	
11	Module 7	7e	exchange student	n	студент по обмену	
11	Module 7	7e	expert	n	эксперт	
11	Module 7	7e	facility	n	оборудование	
11	Module 7	7e	faulty	adj	ошибочный, работающий с ошибками	
11	Module 7	7e	feedback	n	ответная реакция, отклик, отзыв	
11	Module 7	7e	hesitate	v	колебаться, сомневаться	
11	Module 7	7e	hold	v	проводить мероприятие	
11	Module 7	7e	option	n	выбор, предмет выбора	
11	Module 7	7e	partial refund	n	частичное возмещение	
11	Module 7	7e	prompt	adj	быстрый, проворный, исполнительный	
11	Module 7	7e	reference library	n	библиотека справочной литературы без выдачи книг на руки	
11	Module 7	7e	roughly	adv	в общих чертах, примерно	
11	Module 7	7e	social committee	n	социальный комитет, общественная организация	
11	Module 7	7e	society	n	общество	
11	Module 7	7e	staff	n	коллектив сотрудников	
11	Module 7	7e	standard	n	стандарт	
11	Module 7	7e	trip	n	поездка, путешествие	
11	Module 7	7e	upcoming	adj	предстоящий	
11	Module 7	7e	web design	n	дизайн веб-страниц	
11	Module 7	7e Phrases	in advance	phr	раньше времени, заранее	
11	Module 7	7e Phrases	on average	phr	в среднем	
11	Module 7	7e Phrases	on request	phr	по запросу, по требованию	
11	Module 7	Culture Corner 7	campus	n	учебный городок, территория колледжа или университета	
11	Module 7	Culture Corner 7	endless	adj	бесконечный	
11	Module 7	Culture Corner 7	gown	n	балахон, мантия	
11	Module 7	Culture Corner 7	hang-out	n	место для проведения свободного времени	
11	Module 7	Culture Corner 7	interactive	adj	взаимодействующий	
11	Module 7	Culture Corner 7	lowdown	n	подноготная, истинная правда	
11	Module 7	Culture Corner 7	meagre	adj	скудный	
11	Module 7	Culture Corner 7	one-on-one	adj	один на один	
11	Module 7	Culture Corner 7	society	n	общество	
11	Module 7	Culture Corner 7	tutorial	n	занятие в университете или колледже	
11	Module 7	Culture Corner 7 Phrasal verbs	scrape by	phr v	быть ограниченным в средствах на существование	
11	Module 7	Culture Corner 7 Phrasal verbs	sign up	phr v	подписаться	
11	Module 7	Culture Corner 7 Phrases	get carried away	phr	увлечься, восхищаться	
11	Module 7	Across the Curriculum: Citizenship	cheer	v	ободрять, веселить	
11	Module 7	Across the Curriculum: Citizenship	equation	n	формула, математическое уравнение	
11	Module 7	Across the Curriculum: Citizenship	first aid	n	первая помощь	
11	Module 7	Across the Curriculum: Citizenship	retirement home	n	дом престарелых	
11	Module 7	Across the Curriculum: Citizenship	socialising	n	социализация, вращение в обществе	
11	Module 7	Across the Curriculum: Citizenship	spare change	n	лишняя мелочь	(о деньгах)
11	Module 7	Across the Curriculum: Citizenship	wise	adj	умный	
11	Module 7	Going Green 7	aware	adj	осведомленный, знающий	
11	Module 7	Going Green 7	behaviour	n	поведение	
11	Module 7	Going Green 7	cemetery	n	кладбище	
11	Module 7	Going Green 7	disabled	adj	с ограниченными возможностями, нетрудоспособный	
11	Module 7	Going Green 7	endanger	v	подвергать опасности	
11	Module 7	Going Green 7	extinction	n	исчезновение, вымирание	
11	Module 7	Going Green 7	fascinated	adj	завороженный, очарованный	
11	Module 7	Going Green 7	ivory	n	слоновая кость	
11	Module 7	Going Green 7	murdered	adj	убитый	
11	Module 7	Going Green 7	occupational therapist	n	специалист по терапии труда	
11	Module 7	Going Green 7	outspoken	adj	прямой, откровенный	
11	Module 7	Going Green 7	poacher	n	браконьер	
11	Module 7	Going Green 7	privilege	n	привилегия, преимущество	
11	Module 7	Going Green 7	soul	n	душа	
11	Module 7	Going Green 7	target	n	мишень, цель	
11	Module 7	Going Green 7	zoologist	n	зоолог	
11	Module 7	Going Green 7 Phrasal verbs	save up	phr v	копить деньги	
11	Module 7	Going Green 7 Phrases	declare war on	phr	объявить войну	
11	Module 7	Going Green 7 Phrases	earn sb's trust	phr	заслуживать доверие	
11	Module 7	Going Green 7 Phrases	meet the same fate	phr	попасть в похожую ситуацию, встретить такую же судьбу	
11	Module 7	Going Green 7 Phrases	work miracles	phr	творить чудеса	
11	Module 8	8a	ancient	adj	древний	
11	Module 8	8a	archaeological	adj	археологический	
11	Module 8	8a	battle	n	битва	
11	Module 8	8a	bay	n	залив, бухта	
11	Module 8	8a	border	n	граница	
11	Module 8	8a	canal	n	водный канал	
11	Module 8	8a	carve	v	вырезать, гравировать	
11	Module 8	8a	city state	n	город-государство	
11	Module 8	8a	cliff	n	утес, скала	
11	Module 8	8a	craftsmanship	n	мастерство, тонкая (искусная) работа	
11	Module 8	8a	dam	n	дамба, плотина	
11	Module 8	8a	edge	n	лезвие	
11	Module 8	8a	familiar	adj	знакомый	
11	Module 8	8a	feat	n	подвиг, мастерство, достижение	
11	Module 8	8a	figure	n	фигура	
11	Module 8	8a	foot	n	подножие	
11	Module 8	8a	force	n	сила	
11	Module 8	8a	forecast	v	прогнозировать, предсказывать	
11	Module 8	8a	glacier	n	ледник	
11	Module 8	8a	grassland	n	пастбище, выгон, луг	
11	Module 8	8a	gymnasium	n	тренажерный зал	
11	Module 8	8a	high priestess	n	верховная жрица	
11	Module 8	8a	honour	v	почитать, чтить	
11	Module 8	8a	hot spring	n	горячий источник, гейзер	
11	Module 8	8a	inhabit	v	населять	
11	Module 8	8a	inhabited	adj	населенный	
11	Module 8	8a	invader	n	захватчик	
11	Module 8	8a	invisible	adj	невидимый	
11	Module 8	8a	known	adj	известный	
11	Module 8	8a	legend	n	легенда	
11	Module 8	8a	lost	adj	утраченный, пропавший, утерянный	
11	Module 8	8a	magnificent	adj	великолепный, величественный	
11	Module 8	8a	monk	n	монах	
11	Module 8	8a	mountain range	n	горный хребет	
11	Module 8	8a	mysterious	adj	загадочный	
11	Module 8	8a	mystery	n	загадка, тайна	
11	Module 8	8a	mystic	n	мистик	
11	Module 8	8a	offering	n	подношение	
11	Module 8	8a	otherwise	adv	иначе	
11	Module 8	8a	plain	n	равнина	
11	Module 8	8a	pond	n	пруд	
11	Module 8	8a	praise	v	хвалить, восхвалять	
11	Module 8	8a	predict	v	предсказывать	
11	Module 8	8a	preserved	adj	сохраненный	
11	Module 8	8a	property	n	свойство	
11	Module 8	8a	remains	n	останки, развалины, руины	
11	Module 8	8a	remote	adj	дальний, далекий	
11	Module 8	8a	residence	n	резиденция	
11	Module 8	8a	ruin	n	руины	
11	Module 8	8a	sculpture	n	скульптура	
11	Module 8	8a	spiritual	adj	духовный	
11	Module 8	8a	stadium	n	стадион	
11	Module 8	8a	statue	n	статуя	
11	Module 8	8a	stream	n	ручей, поток	
11	Module 8	8a	strive	v	прилагать усилия, стараться	
11	Module 8	8a	swamp	n	болото	
11	Module 8	8a	symbol	n	символ, знак	
11	Module 8	8a	temple	n	храм	
11	Module 8	8a	treasury	n	сокровищница	
11	Module 8	8a	valley	n	долина	
11	Module 8	8a	victory	n	победа	
11	Module 8	8a	waterfall	n	водопад	
11	Module 8	8a	wood	n	лес	
11	Module 8	8a	worship	v	поклоняться	
11	Module 8	8a Phrasal verbs	die out	phr v	вымирать	
11	Module 8	8a Phrases	bring sth to life	phr	оживлять	
11	Module 8	8b	air traffic control	n	диспетчерская служба воздушного транспорта	
11	Module 8	8b	aisle	n	проход между рядами	
11	Module 8	8b	baggage re-claim	n	отдел выдачи багажа	
11	Module 8	8b	board	v	подниматься на борт	
11	Module 8	8b	boarding pass	n	посадочный талон	
11	Module 8	8b	cabin crew	n	экипаж самолета, бортпроводники	
11	Module 8	8b	check-in	n	регистрация	
11	Module 8	8b	conveyor belt	n	ленточный транспортер багажа	
11	Module 8	8b	departures board	n	доска информации о вылете, табло	
11	Module 8	8b	departure gate	n	выход на посадку	
11	Module 8	8b	duty free shop	n	магазин беспошлинной торговли	(в аэропорту)
11	Module 8	8b	expired	adj	просроченный, истекший	
11	Module 8	8b	jet lag	n	усталость от долгого перелета, чувство дискомфорта от перемены часового пояса	
11	Module 8	8b	lounge	n	зал ожидания в аэропорту	
11	Module 8	8b	nap	n	короткий сон днем	
11	Module 8	8b	overhear	v	подслушивать, нечаянно услышать	
11	Module 8	8b	passport control	n	паспортный контроль	(в аэропорту)
11	Module 8	8b	route	n	маршрут	
11	Module 8	8b	stopover	n	промежуточная остановка в пути	
11	Module 8	8b	strike	v	бастовать	
11	Module 8	8b	take-off slot	n	время вылета	
11	Module 8	8b	visibility	n	видимость	
11	Module 8	8b Phrases	squeeze past sb	phr	протискиваться	
11	Module 8	8c	bowing	n	поклон	
11	Module 8	8c	discount	n	скидка	
11	Module 8	8c	embassy	n	посольство	
11	Module 8	8c	insurance	n	страхование	
11	Module 8	8c	rate	v	оценивать	
11	Module 8	8c	resort	n	курорт	
11	Module 8	8c	vacancy	n	незанятое место, свободное место	
11	Module 8	8c Phrases	take time off	phr	отдыхать	
11	Module 8	8d	advance	v	продвигаться, идти вперед	
11	Module 8	8d	armpit	n	подмышка	
11	Module 8	8d	assume	v	предполагать	
11	Module 8	8d	attempt	v	пытаться	
11	Module 8	8d	bend	v	нагибаться, сгибаться	
11	Module 8	8d	bind	v	связывать	
11	Module 8	8d	blizzard	n	метель, буря, пурга	
11	Module 8	8d	bolt	n	молния	
11	Module 8	8d	breeze	n	легкий ветерок, бриз	
11	Module 8	8d	clap	n	хлопок	
11	Module 8	8d	cord	n	веревка, канат	
11	Module 8	8d	distinct	adj	ясный, отчетливый	
11	Module 8	8d	downpour	n	ливень, проливной дождь	
11	Module 8	8d	driven	adj	гонимый	
11	Module 8	8d	drizzle	n	мелкий моросящий дождь	
11	Module 8	8d	drop	n	капля	
11	Module 8	8d	estimate	v	оценивать, давать оценку	
11	Module 8	8d	excessive	adj	чрезмерный, излишний	
11	Module 8	8d	fastened	adj	закрепленный, прикрепленный	
11	Module 8	8d	figure	n	фигура, персона	
11	Module 8	8d	flake	n	легкий или пушистый комок, хлопья	
11	Module 8	8d	furious	adj	разъяренный	
11	Module 8	8d	gale	n	ураган, штормовой ветер	
11	Module 8	8d	gently	adv	нежно	
11	Module 8	8d	hail	n	град	
11	Module 8	8d	hazy	adj	туманный, мглистый	(о погоде)
11	Module 8	8d	headstrong	adj	упрямый, своевольный	
11	Module 8	8d	howl	v	завывать	(о ветре)
11	Module 8	8d	internal	adj	внутренний	
11	Module 8	8d	latitude	n	географическая широта	
11	Module 8	8d	leap	n	скачок, прыжок	
11	Module 8	8d	lightning	n	молния	
11	Module 8	8d	likewise	adv	подобно, также, аналогично	
11	Module 8	8d	literary	adj	литературный	
11	Module 8	8d	loosen	v	ослабить	
11	Module 8	8d	method	n	метод	
11	Module 8	8d	misty	adj	туманный	
11	Module 8	8d	overturn	v	переворачиваться	
11	Module 8	8d	particulars	n	подробное описание	
11	Module 8	8d	peg	n	колышек	
11	Module 8	8d	pompous	adj	напыщенный, высокопарный	
11	Module 8	8d	pour	v	лить, хлестать	(о дожде)
11	Module 8	8d	proper	adj	правильный, должный	
11	Module 8	8d	realistic	adj	реалистичный, настоящий	
11	Module 8	8d	satirical	adj	смешной, насмешливый	
11	Module 8	8d	self-important	adj	важничающий, с большим самомнением, много о себе думающий	
11	Module 8	8d	shipwrecked	adj	потерпевший кораблекрушение	
11	Module 8	8d	shower	n	кратковременный ливень	
11	Module 8	8d	shrill	adj	пронзительный, громкий, визгливый	
11	Module 8	8d	slender	adj	тонкий, стройный	
11	Module 8	8d	slope	n	склон	
11	Module 8	8d	soundly	adv	хорошо, умело	
11	Module 8	8d	split	v	расщеплять, раскалывать	
11	Module 8	8d	spy	v	замечать	
11	Module 8	8d	stone	n	камень	
11	Module 8	8d	suffice	v	удовлетворять, быть достаточным	
11	Module 8	8d	thigh	n	бедро	
11	Module 8	8d	thunder	n	гром	
11	Module 8	8d	tide	n	течение	
11	Module 8	8d	uneasiness	n	неудобство, дискомфорт	
11	Module 8	8d	venture	v	рисковать, отважиться, совершить попытку	
11	Module 8	8d	violent	adj	жестокий	
11	Module 8	8d	voyage	n	морское путешествие	
11	Module 8	8d	well-intentioned	adj	благожелательный, с добрыми намерениями	
11	Module 8	8d Phrasal verbs	become of	phr v	случаться, становиться	
11	Module 8	8d Phrasal verbs	get clear of	phr v	отделаться, разделаться	
11	Module 8	8d Phrasal verbs	get loose	phr	освободиться, вырваться на свободу	
11	Module 8	8d Phrasal verbs	get soaking wet	phr	промокнуть	
11	Module 8	8d Phrasal verbs	wrench out	phr v	дергать, рвать, вырывать	
11	Module 8	8d Phrases	as fortune directs you	phr	как угодно судьбе	
11	Module 8	8d Phrases	at length	phr	наконец, в конце концов	
11	Module 8	8d Phrases	be in the utmost astonishment	phr	быть пораженным, удивленным	
11	Module 8	8d Phrases	by way of admiration	phr	в восхищении	
11	Module 8	8d Phrases	run back in fright	phr	отступать, убегать	
11	Module 8	8d Phrases	trust yourself to the mercy of	phr	доверить себя на милость кого-либо	
11	Module 8	8e	blazing	adj	полыхающий	
11	Module 8	8e	break	n	перерыв	
11	Module 8	8e	chirp	v	чирикать, щебетать	(о птицах)
11	Module 8	8e	cricket	n	сверчок	
11	Module 8	8e	crunch	n	хруст, треск	
11	Module 8	8e	currently	adv	теперь, в настоящий момент	
11	Module 8	8e	curved	adj	закрученный, закругленный	
11	Module 8	8e	dense	adj	густой, плотный	
11	Module 8	8e	dock	n	док, причал	
11	Module 8	8e	drip	v	капать	
11	Module 8	8e	ideal	adj	идеальный	
11	Module 8	8e	leisurely	adv	неспешно	
11	Module 8	8e	lush	adj	покрытый пышной растительностью	
11	Module 8	8e	marshmallow	n	зефир	
11	Module 8	8e	orchard	n	фруктовый сад	
11	Module 8	8e	pace	n	шаг, походка	
11	Module 8	8e	raft	n	плот	
11	Module 8	8e	roast	v	жарить, поджаривать	
11	Module 8	8e	scent	n	аромат	
11	Module 8	8e	shady	adj	тенистый	
11	Module 8	8e	spectacular	adj	впечатляющий, захватывающий	
11	Module 8	8e	struck	adj	пораженный, впечатленный	
11	Module 8	8e	stunningly	adv	потрясающе	
11	Module 8	8e	supplement	n	добавка, дополнение	
11	Module 8	8e	trickling	adj	текущий, стекающий	
11	Module 8	8e	vendor	n	продавец	
11	Module 8	8e Phrasal verbs	pull up	phr v	останавливаться, причаливать	
11	Module 8	Culture Corner 8	beforehand	adv	заблаговременно	
11	Module 8	Culture Corner 8	burp	v	рыгать	
11	Module 8	Culture Corner 8	convention	n	собрание, съезд	
11	Module 8	Culture Corner 8	disrespectful	adj	неуважительный	
11	Module 8	Culture Corner 8	equality	n	равенство, равноправие	
11	Module 8	Culture Corner 8	eye contact	n	зрительный контакт	
11	Module 8	Culture Corner 8	gross	adj	грубый, вульгарный	
11	Module 8	Culture Corner 8	ideal	n	идеал, верх совершенства	
11	Module 8	Culture Corner 8	maintain	v	поддерживать, сохранять	
11	Module 8	Culture Corner 8	manners	n	манеры, поведение	
11	Module 8	Culture Corner 8	punctuality	n	пунктуальность	
11	Module 8	Culture Corner 8	salary	n	зарплата	
11	Module 8	Culture Corner 8	tip	v	оставлять на чай	(в ресторане)
11	Module 8	Culture Corner 8	valued	adj	ценный	
11	Module 8	Culture Corner 8	yawn	v	зевать	
11	Module 8	Culture Corner 8 Phrasal verbs	cut ahead	phr v	опережать	
11	Module 8	Culture Corner 8 Phrases	the done thing	phr	принятая (традициями) вещь	
11	Module 8	Across the Curriculum: Art & Design	art establishment	n	влиятельные круги в области искусств	
11	Module 8	Across the Curriculum: Art & Design	canvas	n	холст	
11	Module 8	Across the Curriculum: Art & Design	comforting	adj	успокаивающий	
11	Module 8	Across the Curriculum: Art & Design	composition	n	композиция, расположение	
11	Module 8	Across the Curriculum: Art & Design	contrasting	adj	контрастный	
11	Module 8	Across the Curriculum: Art & Design	contribution	n	вклад, вложение	
11	Module 8	Across the Curriculum: Art & Design	depiction	n	отображение, изображение	
11	Module 8	Across the Curriculum: Art & Design	emerging	adj	восходящий, становящийся известным	
11	Module 8	Across the Curriculum: Art & Design	exhibition	n	выставка	
11	Module 8	Across the Curriculum: Art & Design	extraordinary	adj	необычный, экстраординарный	
11	Module 8	Across the Curriculum: Art & Design	foreground	n	передний план	
11	Module 8	Across the Curriculum: Art & Design	Impressionism	n	импрессионизм	(стиль рисования, появившийся во Франции в 1860-е гг.)
11	Module 8	Across the Curriculum: Art & Design	legacy	n	наследие	
11	Module 8	Across the Curriculum: Art & Design	major	adj	важный, главный	
11	Module 8	Across the Curriculum: Art & Design	multiple	adj	разнообразный	
11	Module 8	Across the Curriculum: Art & Design	perspective	n	перспектива	(в искусстве)
11	Module 8	Across the Curriculum: Art & Design	prestigious	adj	престижный, известный	
11	Module 8	Across the Curriculum: Art & Design	prosperous	adj	богатый, состоятельный	
11	Module 8	Across the Curriculum: Art & Design	revolutionise	v	менять, производить коренные изменения	
11	Module 8	Across the Curriculum: Art & Design	school	n	школа	
11	Module 8	Across the Curriculum: Art & Design	shifting	adj	непостоянный, меняющийся, движущийся	
11	Module 8	Across the Curriculum: Art & Design	vibrant	adj	энергичный, живой	
11	Module 8	Across the Curriculum: Art & Design	visionary	adj	фантастический, воображаемый, нереальный	
11	Module 8	Across the Curriculum: Art & Design	widely	adv	широко	
11	Module 8	Across the Curriculum: Art & Design Phrases	bridge the gap	phr	заполнять промежуток	
11	Module 8	Across the Curriculum: Art & Design Phrases	look at sth in a new light	phr	увидеть в новом свете	
11	Module 8	Across the Curriculum: Art & Design Phrases	take by storm	phr	завоевывать, покорять	
11	Module 8	Going Green 8	concentration	n	концентрация, скопление	
11	Module 8	Going Green 8	damp	adj	влажный	
11	Module 8	Going Green 8	excavation	n	раскопки	
11	Module 8	Going Green 8	feature	v	показывать	
11	Module 8	Going Green 8	fort	n	форт	
11	Module 8	Going Green 8	fossil	n	ископаемое, окаменелые останки	
11	Module 8	Going Green 8	gallery	n	галерея	
11	Module 8	Going Green 8	gothic	adj	готический	(относящийся к стилю в европейском искусстве XII-XVII вв.)
11	Module 8	Going Green 8	heritage site	n	место, представляющее большую ценность	
11	Module 8	Going Green 8	legitimately	adv	законно	
11	Module 8	Going Green 8	looting	n	грабеж, мародерство	
11	Module 8	Going Green 8	monastery	n	монастырь	
11	Module 8	Going Green 8	officially	adv	официально	
11	Module 8	Going Green 8	outstanding	adj	выдающийся, знаменитый	
11	Module 8	Going Green 8	Renaissance	n	ренессанс	(период в европейском искусстве, относящийся особенно к Италии в XIV-XVI вв., когда у людей возрос интерес к искусству)
11	Module 8	Going Green 8	sculpt	v	ваять, лепить	
11	Module 8	Going Green 8	species	n	вид	(животных или растений)
11	Module 8	Going Green 8	stronghold	n	крепость	
11	Module 8	Going Green 8	value	n	ценность	
