grade	module	section	term	pos	translation	note
10	Module 1	1a	active	adj	активный	
10	Module 1	1a	annoying	adj	раздражающий, надоедливый	
10	Module 1	1a	band	n	музыкальная группа	
10	Module 1	1a	bargain	n	товар со скидкой	
10	Module 1	1a	boring	adj	скучный	
10	Module 1	1a	care	v	заботиться, проявлять интерес	
10	Module 1	1a	city centre	n	центр города	
10	Module 1	1a	computer game	n	компьютерная игра	
10	Module 1	1a	designer label	n	дизайнерская марка, лейбл	
10	Module 1	1a	dream	v	мечтать	
10	Module 1	1a	email	n	электронная почта, электронное письмо	
10	Module 1	1a	enjoy	v	любить, наслаждаться	
10	Module 1	1a	enjoyable	adj	приятный	
10	Module 1	1a	fanatic	n	фанат, поклонник	
10	Module 1	1a	fascinated	adj	очарованный	
10	Module 1	1a	fight	v	драться	
10	Module 1	1a	fortnight	n	две недели	
10	Module 1	1a	gig	n	выступление «не в записи, вживую»	
10	Module 1	1a	horse riding	n	катание на лошади	
10	Module 1	1a	mobile	n	мобильный телефон	
10	Module 1	1a	national	adj	народный, общенародный	
10	Module 1	1a	paragliding	n	парапланеризм	
10	Module 1	1a	passion	n	страсть, страстное увлечение	
10	Module 1	1a	pastime	n	развлечение, времяпрепровождение	
10	Module 1	1a	relaxing	adj	расслабляющий	
10	Module 1	1a	rock climbing	n	скалолазание	
10	Module 1	1a	screen	n	экран	
10	Module 1	1a	send	v	отправлять	
10	Module 1	1a	skateboard	n	скейтборд	
10	Module 1	1a	spend	v	проводить	
10	Module 1	1a	teenager	n	подросток	
10	Module 1	1a	text message	n	sms, короткое текстовое сообщение	
10	Module 1	1a Phrasal verbs	check out	phr v	осматривать	
10	Module 1	1a Phrasal verbs	hang out	phr v	тусоваться	
10	Module 1	1a Phrasal verbs	look forward to	phr v	с нетерпением ждать чего-то	
10	Module 1	1a Phrases	all-time favourite	phr	на все времена, пользующийся неизменным успехом	
10	Module 1	1a Phrases	be crazy about	phr	быть без ума от чего-либо, кого-либо	
10	Module 1	1a Phrases	be into fashion	phr	увлекаться, следить за модой	
10	Module 1	1a Phrases	can't stand	phr	не выносить	
10	Module 1	1a Phrases	catch a film	phr	попасть на фильм, в кино	
10	Module 1	1a Phrases	chat online	phr	разговаривать в режиме онлайн, через сеть Интернет	
10	Module 1	1a Phrases	do extreme sports	phr	заниматься экстремальными видами спорта	
10	Module 1	1a Phrases	do voluntary work	phr	выполнять добровольную работу	
10	Module 1	1a Phrases	get angry	phr	рассердиться, вспылить	
10	Module 1	1a Phrases	go clubbing	phr	ходить в развлекательный клуб	
10	Module 1	1a Phrases	go for a sporty look	phr	стремиться иметь спортивный вид	
10	Module 1	1a Phrases	go on trips to the countryside	phr	отправляться за город	
10	Module 1	1a Phrases	go window shopping	phr	разглядывать витрины	
10	Module 1	1a Phrases	grab a bite	phr	перекусить	
10	Module 1	1a Phrases	keep fit	phr	поддерживать форму	
10	Module 1	1a Phrases	run errands	phr	выполнять поручения	
10	Module 1	1a Phrases	surf the Net	phr	просматривать сайты в Интернете	
10	Module 1	1a Phrases	take a look	phr	взглянуть	
10	Module 1	1a Phrases	the great outdoors	phr	великолепная природа	
10	Module 1	1a Phrases	waste of time	phr	пустая трата времени	
10	Module 1	1b	aggressive	adj	агрессивный	
10	Module 1	1b	angry	adj	злой	
10	Module 1	1b	cancel	v	отменять	
10	Module 1	1b	caring	adj	заботливый	
10	Module 1	1b	comedy	n	комедия	
10	Module 1	1b	creative	adj	творчески одаренный, креативный	
10	Module 1	1b	dedicated	adj	преданный	
10	Module 1	1b	dishonest	adj	нечестный	
10	Module 1	1b	express	v	выражать	
10	Module 1	1b	fair	adj	справедливый	
10	Module 1	1b	feel	v	чувствовать	
10	Module 1	1b	feeling	n	чувство	
10	Module 1	1b	forget	v	забывать	
10	Module 1	1b	hurt	v	обижать	
10	Module 1	1b	jealous	adj	ревнивый	
10	Module 1	1b	loyal	adj	верный	
10	Module 1	1b	mean	adj	недоброжелательный	
10	Module 1	1b	moody	adj	неуравновешенный, капризный	
10	Module 1	1b	patient	adj	терпеливый	
10	Module 1	1b	rent	v	брать напрокат	
10	Module 1	1b	respected	adj	уважаемый	
10	Module 1	1b	selfish	adj	эгоистичный, самолюбивый	
10	Module 1	1b	supportive	adj	поддерживающий кого-либо, лояльный	
10	Module 1	1b	sweet	adj	милый	
10	Module 1	1b	trusting	adj	доверчивый	
10	Module 1	1b	well-meaning	adj	действующий из лучших побуждений	
10	Module 1	1b Phrasal verbs	let down	phr v	разочаровывать, подводить	
10	Module 1	1b Idioms	a pain in the neck	idm	зануда, невыносимый человек	
10	Module 1	1b Idioms	get off one's back	idm	отстать, оставить в покое	
10	Module 1	1b Idioms	get on one's nerves	idm	действовать кому-либо на нервы	
10	Module 1	1b Idioms	give someone the cold shoulder	idm	оказывать холодный прием	
10	Module 1	1b Idioms	like a bear with a sore head	idm	разъяренный, разозленный	
10	Module 1	1b Idioms	see eye to eye	idm	сходиться во взглядах с кем-либо	
10	Module 1	1b Words often confused	careful/caring		осторожный/заботливый	
10	Module 1	1b Words often confused	mean/well-meaning		недоброжелательный/действующий из лучших побуждений	
10	Module 1	1b Words often confused	respected/respectful		уважаемый/почтительный, вежливый	
10	Module 1	1b Words often confused	supporting/supportive		поддерживающий что-либо/поддерживающий кого-либо	
10	Module 1	1c	arrogant	adj	высокомерный, надменный	
10	Module 1	1c	comic	n	комик	
10	Module 1	1c	courage	n	мужество	
10	Module 1	1c	dare	v	рисковать	
10	Module 1	1c	excite	v	волновать	
10	Module 1	1c	fear	n	страх	
10	Module 1	1c	fiction	n	выдумка, вымысел	
10	Module 1	1c	fix	v	чинить, ремонтировать	
10	Module 1	1c	honour	n	честь, благородство	
10	Module 1	1c	invitation	n	приглашение	
10	Module 1	1c	mystery	n	тайна	
10	Module 1	1c	pickpocket	n	вор-карманник	
10	Module 1	1c	power	n	сила, мощь	
10	Module 1	1c	sunburnt	adj	загорелый, обгоревший на солнце	
10	Module 1	1c	taste	v	пробовать	
10	Module 1	1c	university	n	университет	
10	Module 1	1c Phrasal verbs	look after	phr v	присматривать, заботиться о ком-либо	
10	Module 1	1c Phrasal verbs	look down on	phr v	смотреть свысока	
10	Module 1	1c Phrasal verbs	look forward to	phr v	ожидать с нетерпением	
10	Module 1	1c Phrasal verbs	look out for	phr v	думать о, быть осторожным с	
10	Module 1	1c Phrasal verbs	look up	phr v	искать что-либо (в списке, справочнике)	
10	Module 1	1c Phrases	be in a hurry	phr	торопиться	
10	Module 1	1c Phrases	do the shopping	phr	делать покупки	
10	Module 1	1c Phrases	eat out	phr	обедать в кафе, не дома	
10	Module 1	1c Phrases	have lunch	phr	обедать	
10	Module 1	1d	appear	v	появляться	
10	Module 1	1d	appearance	n	внешность	
10	Module 1	1d	attractive	adj	привлекательный	
10	Module 1	1d	awkward	adj	неуклюжий, неловкий	
10	Module 1	1d	baby face	n	детское лицо	
10	Module 1	1d	best known	adj	хорошо известный	
10	Module 1	1d	bloom	v	цвести	
10	Module 1	1d	brighten	v	радовать, наполнять радостью	
10	Module 1	1d	broad	adj	широкий	
10	Module 1	1d	cheerfully	adv	бодро, весело	
10	Module 1	1d	colt	n	жеребенок	
10	Module 1	1d	comfortable	adj	удобный, комфортный	
10	Module 1	1d	comical	adj	смешной, комичный	
10	Module 1	1d	content	adj	довольный	
10	Module 1	1d	crackle	v	трещать, потрескивать	
10	Module 1	1d	dark	adj	темный	
10	Module 1	1d	decide	v	решать	
10	Module 1	1d	delicate-looking	adj	изящный	
10	Module 1	1d	disturb	v	тревожить, беспокоить	
10	Module 1	1d	effect	n	эффект	
10	Module 1	1d	excellently	adv	превосходно, отлично	
10	Module 1	1d	experience	n	опыт	
10	Module 1	1d	expressive	adj	выразительный	
10	Module 1	1d	fade	v	обесцвечивать, выгорать	
10	Module 1	1d	fierce	adj	жестокий, лютый	
10	Module 1	1d	funny	adj	смешной	
10	Module 1	1d	furniture	n	мебель	
10	Module 1	1d	heart	n	сердце	
10	Module 1	1d	kind	adj	добрый	
10	Module 1	1d	knit	v	вязать	
10	Module 1	1d	lamp	n	лампа	
10	Module 1	1d	lecture	v	читать нотацию, поучать	
10	Module 1	1d	light	v	зажигать	
10	Module 1	1d	limb	n	конечность	
10	Module 1	1d	manner	n	манера, поведение	
10	Module 1	1d	mindful	adj	заботливый, внимательный	
10	Module 1	1d	neck	n	шея	
10	Module 1	1d	obvious	adj	явный, открытый, прямой	
10	Module 1	1d	pale	adj	бледный	
10	Module 1	1d	peaceful	adj	спокойный, умиротворенный	
10	Module 1	1d	plain	adj	простой, обыкновенный	
10	Module 1	1d	pleasant	adj	приятный	
10	Module 1	1d	plump	adj	полный, пухлый	
10	Module 1	1d	polite	adj	вежливый	
10	Module 1	1d	provide	v	обеспечивать	
10	Module 1	1d	quietly	adv	тихо	
10	Module 1	1d	rapidly	adv	быстро	
10	Module 1	1d	rarely	adv	редко	
10	Module 1	1d	reflect	v	отражать	
10	Module 1	1d	regular	adj	обычный	
10	Module 1	1d	remind	v	напоминать	
10	Module 1	1d	round	adj	круглый	
10	Module 1	1d	sharp	adj	острый	
10	Module 1	1d	shoulder	n	плечо	
10	Module 1	1d	shy	adj	стеснительный, тихий	
10	Module 1	1d	sight	n	вид, зрелище	
10	Module 1	1d	sketch	n	описание в общих чертах, набросок	
10	Module 1	1d	slender	adj	стройный, тонкий	
10	Module 1	1d	slippers	n pl	тапочки	
10	Module 1	1d	smooth	adj	ровный, гладкий	
10	Module 1	1d	stiff	adj	упругий	
10	Module 1	1d	thick	adj	толстый	
10	Module 1	1d	thoughtful	adj	задумчивый	
10	Module 1	1d	timid	adj	робкий, неуверенный	
10	Module 1	1d	tongue	n	язык	
10	Module 1	1d	trust	v	доверять	
10	Module 1	1d	twilight	n	сумерки, полумрак	
10	Module 1	1d	vain	adj	тщеславный, самодовольный	
10	Module 1	1d	venture	v	отважиться, решиться	
10	Module 1	1d	voice	n	голос	
10	Module 1	1d	wide	adj	широкий	
10	Module 1	1d	worn out	adj	изношенный, потертый	
10	Module 1	1d Phrasal verbs	cut in	phr v	вмешиваться	
10	Module 1	1d Phrasal verbs	grow up	phr v	становиться взрослым, вырастать	
10	Module 1	1d Phrasal verbs	shoot up	phr v	быстро расти	
10	Module 1	1d Phrasal verbs	sweep up	phr v	выметать	
10	Module 1	1d Phrases	in my opinion	phr	по-моему, на мой взгляд	
10	Module 1	1d Phrases	take care of	phr	заботиться о	
10	Module 1	1d Phrases	think highly of	phr	быть высокого мнения о	
10	Module 1	1e	absolutely	adv	абсолютно	
10	Module 1	1e	advice/advise	n/v	совет, советовать	
10	Module 1	1e	apology	n	извинение	
10	Module 1	1e	chance	n	шанс	
10	Module 1	1e	congratulate	v	поздравлять	
10	Module 1	1e	crowd	n	толпа	
10	Module 1	1e	dull	adj	скучный	
10	Module 1	1e	especially	adv	особенно	
10	Module 1	1e	exciting	adj	волнующий, захватывающий	
10	Module 1	1e	explore	v	исследовать	
10	Module 1	1e	fantastic	adj	фантастический	
10	Module 1	1e	gang	n	команда, банда	
10	Module 1	1e	graduation	n	окончание учебного заведения	
10	Module 1	1e	hard	adj	трудный, тяжелый	
10	Module 1	1e	information	n	информация	
10	Module 1	1e	miss	v	скучать	
10	Module 1	1e	private	adj	частный	
10	Module 1	1e	probably	adv	вероятно	
10	Module 1	1e	reply	n	ответ	
10	Module 1	1e	shopping centre	n	торговый центр	
10	Module 1	1e	sports facilities	n pl	спортивные сооружения	
10	Module 1	1e	suggestion	n	предложение	
10	Module 1	1e	traffic jam	n	автомобильная пробка	
10	Module 1	1e	tutor	n	репетитор, наставник	
10	Module 1	1e Phrasal verbs	get on (well) with	phr v	ладить с кем-либо	
10	Module 1	1e Phrasal verbs	show around	phr v	сопровождать кого-либо куда-либо	
10	Module 1	1e Phrases	be broke	phr	остаться без денег	
10	Module 1	1e Phrases	be up to sth	phr	заниматься чем-либо	
10	Module 1	1e Phrases	drop sb a line	phr	написать строчку	
10	Module 1	1e Phrases	I haven't heard from you for ages	phr	не слышал ничего от тебя уже сто лет	
10	Module 1	1e Phrases	keep in touch	phr	поддерживать отношения	
10	Module 1	Culture Corner 1	affordable	adj	доступный, по средствам	
10	Module 1	Culture Corner 1	baggy	adj	мешковатый (об одежде)	
10	Module 1	Culture Corner 1	bother	v	беспокоить, волновать	
10	Module 1	Culture Corner 1	brand name	n	фирменная марка, бренд	
10	Module 1	Culture Corner 1	cheap	adj	дешевый	
10	Module 1	Culture Corner 1	colourful	adj	красочный, цветной	
10	Module 1	Culture Corner 1	designer outfit	n	одежда от дизайнеров	
10	Module 1	Culture Corner 1	expensive	adj	дорогой	
10	Module 1	Culture Corner 1	fashion	n	мода	
10	Module 1	Culture Corner 1	fashionable	adj	модный	
10	Module 1	Culture Corner 1	hood	n	капюшон	
10	Module 1	Culture Corner 1	individuality	n	индивидуальность	
10	Module 1	Culture Corner 1	influence	v	влиять	
10	Module 1	Culture Corner 1	inspiration	n	вдохновение	
10	Module 1	Culture Corner 1	jeans	n pl	джинсы	
10	Module 1	Culture Corner 1	logo	n	логотип	
10	Module 1	Culture Corner 1	modern	adj	современный	
10	Module 1	Culture Corner 1	multi-cultural	adj	многонациональный	
10	Module 1	Culture Corner 1	reasonably	adv	довольно	
10	Module 1	Culture Corner 1	rip	v	рвать(ся)	
10	Module 1	Culture Corner 1	second-hand	adj	подержанный	
10	Module 1	Culture Corner 1	stick	v	придерживаться	
10	Module 1	Culture Corner 1	style	n	стиль	
10	Module 1	Culture Corner 1	sweatshirt	n	спортивная кофта	
10	Module 1	Culture Corner 1	tend	v	стремиться	
10	Module 1	Culture Corner 1	top designer	n	ведущий дизайнер	
10	Module 1	Culture Corner 1	trainers	n pl	кроссовки	
10	Module 1	Culture Corner 1	trend	n	тенденция, веяние	
10	Module 1	Culture Corner 1	trendy	adj	ультрамодный	
10	Module 1	Culture Corner 1	view	n	взгляд	
10	Module 1	Culture Corner 1	well-known	adj	известный	
10	Module 1	Culture Corner 1	well-dressed	adj	нарядный, элегантный	
10	Module 1	Culture Corner 1	wet	adj	мокрый	
10	Module 1	Culture Corner 1 Phrasal verbs	fall off	phr v	падать, сваливаться	
10	Module 1	Culture Corner 1 Phrasal verbs	keep up with	phr v	идти в ногу, поспевать за	
10	Module 1	Culture Corner 1 Phrases	hit the shops	phr	опустошать магазины	
10	Module 1	Culture Corner 1 Phrases	pick up bargains	phr	дешево купить	
10	Module 1	Culture Corner 1 Phrases	stand out in a crowd	phr	выделяться из толпы	
10	Module 1	Culture Corner 1 Phrases	the other way round	phr	иначе	
10	Module 1	Across the Curriculum	accept	v	принимать	
10	Module 1	Across the Curriculum	apply	v	обращаться (за работой)	
10	Module 1	Across the Curriculum	brave	adj	смелый	
10	Module 1	Across the Curriculum	bully	v	издеваться, грубо обращаться	
10	Module 1	Across the Curriculum	counselling service	n	консультационная служба	
10	Module 1	Across the Curriculum	discrimination	n	дискриминация	
10	Module 1	Across the Curriculum	education	n	образование	
10	Module 1	Across the Curriculum	employer	n	работодатель	
10	Module 1	Across the Curriculum	employment	n	работа, служба	
10	Module 1	Across the Curriculum	feel	v	чувствовать	
10	Module 1	Across the Curriculum	guest speaker	n	приглашенный лектор	
10	Module 1	Across the Curriculum	helpline	n	телефон доверия	
10	Module 1	Across the Curriculum	housing	n	дом	
10	Module 1	Across the Curriculum	hurt	adj	обиженный, оскорбленный	
10	Module 1	Across the Curriculum	illegal	adj	незаконный	
10	Module 1	Across the Curriculum	nervous	adj	беспокоящийся, нервничающий	
10	Module 1	Across the Curriculum	placement agency	n	агентство по трудоустройству	
10	Module 1	Across the Curriculum	position	n	должность	
10	Module 1	Across the Curriculum	protect	v	защищать	
10	Module 1	Across the Curriculum	race	n	раса	
10	Module 1	Across the Curriculum	reluctant	adj	неохотный	
10	Module 1	Across the Curriculum	responsibility	n	обязанность	
10	Module 1	Across the Curriculum	right	n	право	
10	Module 1	Across the Curriculum	silence	n	молчание, безмолвие	
10	Module 1	Across the Curriculum	suffer	v	страдать	
10	Module 1	Across the Curriculum	suspect	v	подозревать, предполагать	
10	Module 1	Across the Curriculum	tease	v	дразнить, подтрунивать	
10	Module 1	Across the Curriculum	tomboy	n	баловница, девочка-сорванец	
10	Module 1	Across the Curriculum	trousers	n pl	брюки	
10	Module 1	Across the Curriculum	upset	adj	расстроенный	
10	Module 1	Across the Curriculum	youth	n	юность, молодость	
10	Module 1	Across the Curriculum Phrasal verbs	give up	phr v	сдаваться, отказываться	
10	Module 1	Across the Curriculum Phrasal verbs	keep on	phr v	продолжать	
10	Module 1	Across the Curriculum Phrasal verbs	laugh at	phr v	смеяться над	
10	Module 1	Across the Curriculum Phrases	a problem shared is a problem halved	phr	одна голова хорошо, а две лучше	
10	Module 1	Across the Curriculum Phrases	be made redundant	phr	быть сокращенным (о работе)	
10	Module 1	Across the Curriculum Phrases	highly qualified	phr	высококвалифицированный	
10	Module 1	Going Green 1	accessories	n pl	аксессуары	
10	Module 1	Going Green 1	chasing arrows	n	стрелки, расположенные по кругу (логотип использования вторсырья)	
10	Module 1	Going Green 1	clothes	n	одежда	
10	Module 1	Going Green 1	complete	v	завершать	
10	Module 1	Going Green 1	conserve	v	сохранять, сберегать	
10	Module 1	Going Green 1	consume	v	потреблять	
10	Module 1	Going Green 1	display	v	показывать	
10	Module 1	Going Green 1	eliminate	v	ликвидировать, устранять	
10	Module 1	Going Green 1	factory	n	завод, фабрика	
10	Module 1	Going Green 1	fleece jacket	n	куртка из флиса	
10	Module 1	Going Green 1	food	n	еда, пища	
10	Module 1	Going Green 1	force	n	сила	
10	Module 1	Going Green 1	glass	n	стекло	
10	Module 1	Going Green 1	landfill	n	свалка	
10	Module 1	Going Green 1	loop	n	круг, кольцо	
10	Module 1	Going Green 1	manufacture	v	производить	
10	Module 1	Going Green 1	material	n	материал	
10	Module 1	Going Green 1	metal	n	металл	
10	Module 1	Going Green 1	paper	n	бумага	
10	Module 1	Going Green 1	persuade	v	убеждать	
10	Module 1	Going Green 1	plastic	n	пластик	
10	Module 1	Going Green 1	precious	adj	ценный, драгоценный	
10	Module 1	Going Green 1	process	n	процесс	
10	Module 1	Going Green 1	product	n	продукт	
10	Module 1	Going Green 1	recycle	v	повторно использовать	
10	Module 1	Going Green 1	recycle bin	n	мусорное ведро	
10	Module 1	Going Green 1	recycling truck	n	мусоровоз	
10	Module 1	Going Green 1	represent	v	представлять	
10	Module 1	Going Green 1	resources	n pl	ресурсы	
10	Module 1	Going Green 1	rubbish	n	мусор	
10	Module 1	Going Green 1	sort	v	сортировать	
10	Module 1	Going Green 1	waste	n	отходы	
10	Module 1	Going Green 1	wonder	v	задаваться вопросом	
10	Module 1	Going Green 1	wood	n	дерево	
10	Module 1	Spotlight on Exams	ability	n	способность	
10	Module 1	Spotlight on Exams	adventure	n	приключение	
10	Module 1	Spotlight on Exams	advertisement	n	реклама	
10	Module 1	Spotlight on Exams	amazing	adj	удивительный, поразительный	
10	Module 1	Spotlight on Exams	annoy	v	раздражать	
10	Module 1	Spotlight on Exams	army	n	армия	
10	Module 1	Spotlight on Exams	article	n	статья	
10	Module 1	Spotlight on Exams	bead	n	бусина	
10	Module 1	Spotlight on Exams	beauty tips	n	рубрика «Как стать красивой»	
10	Module 1	Spotlight on Exams	beautifully	adv	красиво	
10	Module 1	Spotlight on Exams	book review	n	обзор книги	
10	Module 1	Spotlight on Exams	bravely	adv	смело	
10	Module 1	Spotlight on Exams	capital	n	столица	
10	Module 1	Spotlight on Exams	chain	n	цепь, цепочка	
10	Module 1	Spotlight on Exams	chatroom	n	чат	
10	Module 1	Spotlight on Exams	conquer	v	завоевывать	
10	Module 1	Spotlight on Exams	contribution	n	вклад	
10	Module 1	Spotlight on Exams	cool	adj	крутой	
10	Module 1	Spotlight on Exams	culture	n	культура	
10	Module 1	Spotlight on Exams	different	adj	различный	
10	Module 1	Spotlight on Exams	disadvantage	n	неудобство	
10	Module 1	Spotlight on Exams	disguise	n	маскировка, изменение внешнего вида	
10	Module 1	Spotlight on Exams	drown	v	тонуть	
10	Module 1	Spotlight on Exams	empire	n	империя	
10	Module 1	Spotlight on Exams	excerpt	n	отрывок, выдержка	
10	Module 1	Spotlight on Exams	government	n	правительство	
10	Module 1	Spotlight on Exams	great	adj	замечательный, восхитительный	
10	Module 1	Spotlight on Exams	high-heeled	adj	на высоких каблуках	
10	Module 1	Spotlight on Exams	honesty	n	честность	
10	Module 1	Spotlight on Exams	horoscope	n	гороскоп	
10	Module 1	Spotlight on Exams	kingdom	n	царство	
10	Module 1	Spotlight on Exams	local	adj	местный	
10	Module 1	Spotlight on Exams	magazine	n	журнал	
10	Module 1	Spotlight on Exams	memorable	adj	незабываемый	
10	Module 1	Spotlight on Exams	movie star	n	кинозвезда	
10	Module 1	Spotlight on Exams	news report	n	выпуск новостей	
10	Module 1	Spotlight on Exams	organisation	n	организация	
10	Module 1	Spotlight on Exams	password	n	пароль	
10	Module 1	Spotlight on Exams	patience	n	терпение	
10	Module 1	Spotlight on Exams	personality	n	личность	
10	Module 1	Spotlight on Exams	radio programme	n	радиопрограмма	
10	Module 1	Spotlight on Exams	rare	adj	редкий	
10	Module 1	Spotlight on Exams	recognise	v	узнавать	
10	Module 1	Spotlight on Exams	rejection	n	отказ	
10	Module 1	Spotlight on Exams	relationship	n	отношения	
10	Module 1	Spotlight on Exams	rescue	v	спасать	
10	Module 1	Spotlight on Exams	respect	v	уважать	
10	Module 1	Spotlight on Exams	romantic	adj	романтический	
10	Module 1	Spotlight on Exams	rule	n	правление	
10	Module 1	Spotlight on Exams	sailor	n	моряк	
10	Module 1	Spotlight on Exams	science	n	наука	
10	Module 1	Spotlight on Exams	society	n	общество	
10	Module 1	Spotlight on Exams	successful	adj	успешный	
10	Module 1	Spotlight on Exams	tour	v	путешествовать	
10	Module 1	Spotlight on Exams	tradition	n	традиция	
10	Module 1	Spotlight on Exams	trustworthiness	n	надежность, добросовестность	
10	Module 1	Spotlight on Exams	unsure	adj	неуверенный	
10	Module 1	Spotlight on Exams	war	n	война	
10	Module 1	Spotlight on Exams	whale	n	кит	
10	Module 1	Spotlight on Exams	worried	adj	обеспокоенный	
10	Module 1	Spotlight on Exams Phrasal verbs	bring up	phr v	воспитывать	
10	Module 1	Spotlight on Exams Phrasal verbs	end up	phr v	оканчиваться	
10	Module 1	Spotlight on Exams Phrasal verbs	fill in	phr v	заполнять	
10	Module 1	Spotlight on Exams Phrasal verbs	find out	phr v	выяснять	
10	Module 1	Spotlight on Exams Phrasal verbs	meet up	phr v	встретиться	
10	Module 1	Spotlight on Exams Phrases	have a fight	phr	драться	
10	Module 1	Spotlight on Exams Phrases	make fun of	phr	высмеивать, дразнить	
10	Module 1	Spotlight on Exams Phrases	sense of humour	phr	чувство юмора	
10	Module 1	Spotlight on Exams Phrases	tell the truth	phr	говорить правду	
10	Module 2	2a	afford	v	иметь возможность	
10	Module 2	2a	amount	n	количество	
10	Module 2	2a	best seller	n	имеющий наибольший спрос, бестселлер	
10	Module 2	2a	bill	n	счет	
10	Module 2	2a	borrow	v	занимать, одалживать	
10	Module 2	2a	console	n	игровая приставка	
10	Module 2	2a	consumer	n	потребитель	
10	Module 2	2a	crazy	adj	сумасшедший, безумный	
10	Module 2	2a	deliver	v	доставлять	
10	Module 2	2a	earn	v	зарабатывать	
10	Module 2	2a	extreme sport	n	экстремальный вид спорта	
10	Module 2	2a	fare	n	плата за проезд	
10	Module 2	2a	favourite	adj	любимый	
10	Module 2	2a	gliding	n	планеризм	
10	Module 2	2a	grades	n pl	оценки	
10	Module 2	2a	guess	v	догадываться, угадывать	
10	Module 2	2a	hobby	n	хобби, увлечение	
10	Module 2	2a	household chores	n pl	домашние обязанности	
10	Module 2	2a	involve	v	включать	
10	Module 2	2a	lazy	adj	ленивый	
10	Module 2	2a	lend	v	давать взаймы	
10	Module 2	2a	massive	adj	огромный, солидный	
10	Module 2	2a	mobile phone	n	мобильный телефон	
10	Module 2	2a	odd	adj	нерегулярный, разовый	
10	Module 2	2a	overtake	v	перегонять	
10	Module 2	2a	parachuting	n	парашютный спорт	
10	Module 2	2a	pay	v	платить	
10	Module 2	2a	pocket money	n	карманные деньги	
10	Module 2	2a	resist	v	устоять, воздерживаться от чего-либо	
10	Module 2	2a	retailer	n	розничный торговец	
10	Module 2	2a	sales assistant	n	продавец-консультант	
10	Module 2	2a	saver	n	бережливый человек	
10	Module 2	2a	shopping spree	n	поход по магазинам	
10	Module 2	2a	spender	n	расточитель, транжир	
10	Module 2	2a	student loan	n	кредит на обучение	
10	Module 2	2a	survive	v	выживать	
10	Module 2	2a	technology	n	технология	
10	Module 2	2a	traditional	adj	традиционный	
10	Module 2	2a	video game	n	видеоигра	
10	Module 2	2a Phrasal verbs	catch up	phr v	догонять, наверстывать	
10	Module 2	2a Phrasal verbs	cut up	phr v	испортить, разрезать	
10	Module 2	2a Phrasal verbs	hand out	phr v	выдавать	
10	Module 2	2a Phrasal verbs	save up	phr v	копить, скопить	
10	Module 2	2a Phrasal verbs	splash out	phr v	выплескивать, разбрасывать	
10	Module 2	2a Phrases	by cheque	phr	оплата чеком	
10	Module 2	2a Phrases	by credit card	phr	оплата кредитной картой	
10	Module 2	2a Phrases	dig deep in one's pocket	phr	тратить больше	
10	Module 2	2a Phrases	in cash	phr	наличными	
10	Module 2	2a Phrases	make ends meet	phr	сводить концы с концами	
10	Module 2	2b	action shot	n	фотография движущегося объекта	
10	Module 2	2b	adventurous	adj	авантюрный, любящий приключения	
10	Module 2	2b	aerobics	n	аэробика	
10	Module 2	2b	ambitious	adj	честолюбивый, активный	
10	Module 2	2b	archery	n	стрельба из лука	
10	Module 2	2b	board game	n	настольная игра	
10	Module 2	2b	bruise	n	синяк	
10	Module 2	2b	cautious	adj	осторожный, осмотрительный	
10	Module 2	2b	community centre	n	культурно-спортивный центр	
10	Module 2	2b	determined	adj	решительный	
10	Module 2	2b	fishing	n	рыбная ловля	
10	Module 2	2b	fit	adj	в хорошей физической форме	
10	Module 2	2b	football	n	футбол	
10	Module 2	2b	gardening	n	садоводство	
10	Module 2	2b	imaginative	adj	одаренный воображением	
10	Module 2	2b	martial arts	n pl	боевые искусства	
10	Module 2	2b	outgoing	adj	общительный, дружелюбный	
10	Module 2	2b	quiet	adj	тихий, спокойный	
10	Module 2	2b	relaxed	adj	спокойный, уравновешенный	
10	Module 2	2b	reserved	adj	замкнутый, сдержанный	
10	Module 2	2b	sensitive	adj	чувствительный	
10	Module 2	2b	skydiving	n	затяжные прыжки с парашютом	
10	Module 2	2b	snowboarding	n	сноубординг	
10	Module 2	2b	sociable	adj	общительный	
10	Module 2	2b	strong	adj	сильный	
10	Module 2	2b	tennis	n	теннис	
10	Module 2	2b	white-water rafting	n	сплав на плотах	
10	Module 2	2b Phrasal verbs	come along	phr v	идти вместе	
10	Module 2	2b Phrasal verbs	slide down	phr v	скользить вниз	
10	Module 2	2b Phrases	be off to	phr	отправляться, уходить	
10	Module 2	2b Phrases	fly a plane	phr	управлять самолетом	
10	Module 2	2b Phrases	have a great time	phr	отлично проводить время	
10	Module 2	2b Idioms	play a joke on sb	idm	сыграть над кем-нибудь шутку	
10	Module 2	2b Idioms	play it cool	idm	не терять самообладания	
10	Module 2	2b Idioms	play it straight	idm	говорить прямо	
10	Module 2	2c	accommodate	v	размещать, устраивать	
10	Module 2	2c	achieve	v	достигать	
10	Module 2	2c	act	v	действовать	
10	Module 2	2c	agree	v	соглашаться	
10	Module 2	2c	amaze	v	удивлять	
10	Module 2	2c	cash	n	деньги, наличность	
10	Module 2	2c	collect	v	собирать, коллекционировать	
10	Module 2	2c	compete	v	соревноваться, соперничать	
10	Module 2	2c	depend	v	зависеть	
10	Module 2	2c	educate	v	обучать	
10	Module 2	2c	neighbour	n	сосед	
10	Module 2	2c	neighbourhood	n	окружающий район, квартал	
10	Module 2	2c	recover	v	выздоравливать	
10	Module 2	2c	select	v	выбирать	
10	Module 2	2c	suggest	v	предлагать	
10	Module 2	2c	unforgettable	adj	незабываемый	
10	Module 2	2c Phrases	be on time	phr	успевать	
10	Module 2	2c Phrases	work long hours	phr	работать допоздна	
10	Module 2	2c Phrases	work overtime	phr	работать сверхурочно	
10	Module 2	2c Phrasal verbs	get on	phr v	преуспевать, продвигаться	
10	Module 2	2c Phrasal verbs	take after	phr v	быть похожим	
10	Module 2	2c Phrasal verbs	take in	phr v	ушивать	
10	Module 2	2c Phrasal verbs	take off	phr v	снимать (одежду)	
10	Module 2	2c Phrasal verbs	take out	phr v	пригласить за свой счет	
10	Module 2	2c Phrasal verbs	take over	phr v	принимать должность от другого	
10	Module 2	2c Phrasal verbs	take up	phr v	приступить, взяться	
10	Module 2	2c Words often confused	win/earn	v	выиграть/заработать	
10	Module 2	2c Words often confused	lend/borrow	v	давать в долг/брать в долг	
10	Module 2	2c Words often confused	spend/save	v	тратить/копить	
10	Module 2	2c Words often confused	wages/salaries	n	заработная плата (за день, за неделю)/заработная плата (в месяц)	
10	Module 2	2d	aloud	adv	вслух	
10	Module 2	2d	bang	n	треск, грохот	
10	Module 2	2d	become	v	становиться	
10	Module 2	2d	bell	n	звонок	
10	Module 2	2d	bit	n	кусочек, частица	
10	Module 2	2d	charm	n	обаяние, привлекательность	
10	Module 2	2d	convenience	n	удобство	
10	Module 2	2d	cross	adj	сердитый, раздраженный	
10	Module 2	2d	darken	v	омрачать	
10	Module 2	2d	dreadful	adj	ужасный, страшный	
10	Module 2	2d	electric	adj	электрический	
10	Module 2	2d	estate agent	n	агент по недвижимости	
10	Module 2	2d	exactly	adv	точно	
10	Module 2	2d	explain	v	объяснять	
10	Module 2	2d	extremely	adv	чрезвычайно	
10	Module 2	2d	famous	adj	известный	
10	Module 2	2d	French window	n	двустворчатое окно до пола, дверь в сад	
10	Module 2	2d	funnily	adv	смешно, забавно	
10	Module 2	2d	heap	n	куча, уйма	
10	Module 2	2d	inexperience	n	неопытность	
10	Module 2	2d	intention	n	намерение	
10	Module 2	2d	interestingly	adv	интересно, занимательно	
10	Module 2	2d	invent	v	изобретать	
10	Module 2	2d	last	v	длиться, продолжаться	
10	Module 2	2d	large	adj	большой	
10	Module 2	2d	lovely	adj	прекрасный	
10	Module 2	2d	loving	adj	любящий	
10	Module 2	2d	means	n	средство	
10	Module 2	2d	merry	adj	веселый	
10	Module 2	2d	model engine	n	модель двигателя	
10	Module 2	2d	mumps	n	свинка (мед.)	
10	Module 2	2d	novel	n	роман	
10	Module 2	2d	nursemaid	n	няня	
10	Module 2	2d	nursery	n	детская комната	
10	Module 2	2d	occasion	n	случай, повод	
10	Module 2	2d	ordinary	adj	обычный	
10	Module 2	2d	pantomime	n	пантомима	
10	Module 2	2d	passage	n	коридор	
10	Module 2	2d	perfect	adj	совершенный, безупречный	
10	Module 2	2d	perfection	n	совершенство	
10	Module 2	2d	poem	n	стихотворение	
10	Module 2	2d	poetry	n	поэзия	
10	Module 2	2d	popular	adj	популярный	
10	Module 2	2d	present	v	дарить	
10	Module 2	2d	pretty	adj	приятный, милый	
10	Module 2	2d	prove	v	доказывать	
10	Module 2	2d	publish	v	издавать	
10	Module 2	2d	railway	n	железная дорога	
10	Module 2	2d	refurnish	v	переоборудовать	
10	Module 2	2d	reliable	adj	надежный	
10	Module 2	2d	suburban	adj	пригородный	
10	Module 2	2d	suddenly	adv	внезапно, вдруг	
10	Module 2	2d	support	v	поддерживать	
10	Module 2	2d	suppose	v	полагать	
10	Module 2	2d	tender	n	вагонетка с углем	
10	Module 2	2d	tiled	adj	выложенный плиткой	
10	Module 2	2d	unjust	adj	несправедливый	
10	Module 2	2d	well-loved	adj	всеми любимый	
10	Module 2	2d Phrasal verbs	get over	phr v	перенести, преодолеть	
10	Module 2	2d Phrasal verbs	go off	phr v	взорваться	
10	Module 2	2d Phrasal verbs	grow up	phr v	повзрослеть	
10	Module 2	2d Phrasal verbs	make up	phr v	составлять, придумывать	
10	Module 2	2d Phrasal verbs	turn out	phr v	оказываться	
10	Module 2	2d Phrases	over and done with	phr	полностью законченный	
10	Module 2	2d Phrases	pay calls	phr	наносить визиты	
10	Module 2	2e	apology	n	извинение, просьба о прощении	
10	Module 2	2e	diary entry	n	запись в дневнике	
10	Module 2	2e	drama club	n	драматический кружок	
10	Module 2	2e	equipment	n	снаряжение, оборудование	
10	Module 2	2e	fit	v	подходить, быть впору	
10	Module 2	2e	gift	n	подарок	
10	Module 2	2e	hire	v	брать напрокат	
10	Module 2	2e	jewellery	n	ювелирные изделия	
10	Module 2	2e	postcard	n	почтовая открытка	
10	Module 2	2e	practice	n	тренировка	
10	Module 2	2e	present	n	подарок	
10	Module 2	2e	reminder	n	напоминание	
10	Module 2	2e	sailing	n	парусный спорт	
10	Module 2	2e	size	n	размер	
10	Module 2	2e	sound	v	звучать	
10	Module 2	2e	tennis racquet	n	теннисная ракетка	
10	Module 2	Culture Corner 2	athletic	adj	спортивный	
10	Module 2	Culture Corner 2	audience	n	публика	
10	Module 2	Culture Corner 2	championship	n	чемпионат	
10	Module 2	Culture Corner 2	charity	n	благотворительность	
10	Module 2	Culture Corner 2	comment	v	комментировать	
10	Module 2	Culture Corner 2	competitor	n	участник соревнований	
10	Module 2	Culture Corner 2	director	n	руководитель	
10	Module 2	Culture Corner 2	event	n	соревнование	
10	Module 2	Culture Corner 2	horse racing	n	скачки	
10	Module 2	Culture Corner 2	majority	n	большинство	
10	Module 2	Culture Corner 2	member	n	член	
10	Module 2	Culture Corner 2	offer	v	предлагать	
10	Module 2	Culture Corner 2	presenter	n	ведущий, диктор	
10	Module 2	Culture Corner 2	prize	n	приз, награда	
10	Module 2	Culture Corner 2	queue	v	стоять в очереди	
10	Module 2	Culture Corner 2	race	n	гонка	
10	Module 2	Culture Corner 2	race course	n	ипподром	
10	Module 2	Culture Corner 2	rower	n	гребец	
10	Module 2	Culture Corner 2	rowing	n	гребля	
10	Module 2	Culture Corner 2	runner	n	бегун	
10	Module 2	Culture Corner 2	serious	adj	серьезный	
10	Module 2	Culture Corner 2	smart	adj	изящный, нарядный	
10	Module 2	Culture Corner 2	spectator	n	зритель	
10	Module 2	Culture Corner 2	train	v	тренироваться	
10	Module 2	Culture Corner 2	winner	n	победитель	
10	Module 2	Culture Corner 2 Phrases	get out of breath	phr	выдохнуться, выбиться из сил	
10	Module 2	Culture Corner 2 Phrases	raise money	phr	собирать деньги	
10	Module 2	Culture Corner 2 Phrases	take part in	phr	принимать участие	
10	Module 2	Culture Corner 2 Phrases	take place	phr	проходить, происходить	
10	Module 2	Across the Curriculum	address	n	адрес	
10	Module 2	Across the Curriculum	change	n	сдача	
10	Module 2	Across the Curriculum	difficult	adj	трудный	
10	Module 2	Across the Curriculum	forget	v	забывать	
10	Module 2	Across the Curriculum	pay phone	n	телефон-автомат	
10	Module 2	Across the Curriculum	popcorn	n	попкорн	
10	Module 2	Across the Curriculum	problem	n	проблема	
10	Module 2	Across the Curriculum	promise	v	обещать	
10	Module 2	Across the Curriculum	responsible	adj	ответственный	
10	Module 2	Across the Curriculum	situation	n	ситуация	
10	Module 2	Across the Curriculum	solve	v	решать	
10	Module 2	Across the Curriculum	spare	adj	свободный, лишний	
10	Module 2	Across the Curriculum	wallet	n	бумажник	
10	Module 2	Across the Curriculum Phrasal verbs	pay back	phr v	возвращать деньги	
10	Module 2	Going Green 2	air conditioning	n	кондиционер	
10	Module 2	Going Green 2	air pollution	n	загрязнение воздуха	
10	Module 2	Going Green 2	allergic	adj	аллергический	
10	Module 2	Going Green 2	asthma	n	астма	
10	Module 2	Going Green 2	breathe	v	дышать	
10	Module 2	Going Green 2	cause	v	вызывать, являться причиной	
10	Module 2	Going Green 2	cigarette	n	сигарета	
10	Module 2	Going Green 2	dust	n	пыль	
10	Module 2	Going Green 2	dust mite	n	пылевой клещ	
10	Module 2	Going Green 2	filter	n	фильтр	
10	Module 2	Going Green 2	high	adj	высокий	
10	Module 2	Going Green 2	indoors	adv	внутри, в помещении	
10	Module 2	Going Green 2	insect	n	насекомое	
10	Module 2	Going Green 2	live	v	жить	
10	Module 2	Going Green 2	mould	n	грибок, плесень	
10	Module 2	Going Green 2	paint	n	краска	
10	Module 2	Going Green 2	pollutant	n	загрязнитель	
10	Module 2	Going Green 2	pollute	v	загрязнять	
10	Module 2	Going Green 2	reduce	v	сокращать, уменьшать	
10	Module 2	Going Green 2	regularly	adv	регулярно	
10	Module 2	Going Green 2	require	v	требовать	
10	Module 2	Going Green 2	smoke	n	дым	
10	Module 2	Going Green 2	spray	n	спрей	
10	Module 2	Going Green 2	steam	n	пар	
10	Module 2	Going Green 2	temperature	n	температура	
10	Module 2	Going Green 2	trap	v	заманивать в ловушку	
10	Module 2	Going Green 2	warm	adj	теплый	
10	Module 2	Spotlight on Exams	accent	n	акцент	
10	Module 2	Spotlight on Exams	achievement	n	достижение	
10	Module 2	Spotlight on Exams	alien	n	пришелец	
10	Module 2	Spotlight on Exams	animated	adj	мультипликационный, анимированный	
10	Module 2	Spotlight on Exams	attempt	n	попытка	
10	Module 2	Spotlight on Exams	battle	n	битва	
10	Module 2	Spotlight on Exams	brain	n	мозг	
10	Module 2	Spotlight on Exams	capture	n	плен	
10	Module 2	Spotlight on Exams	certainly	adv	конечно	
10	Module 2	Spotlight on Exams	character	n	персонаж	
10	Module 2	Spotlight on Exams	claim	v	заявлять	
10	Module 2	Spotlight on Exams	commander	n	командир	
10	Module 2	Spotlight on Exams	control	v	контролировать	
10	Module 2	Spotlight on Exams	creation	n	создание	
10	Module 2	Spotlight on Exams	destroy	v	уничтожать	
10	Module 2	Spotlight on Exams	detail	n	подробность, деталь	
10	Module 2	Spotlight on Exams	develop	v	развивать	
10	Module 2	Spotlight on Exams	disappointment	n	разочарование	
10	Module 2	Spotlight on Exams	eel	n	угорь	
10	Module 2	Spotlight on Exams	enthusiastic	adj	полный энергии	
10	Module 2	Spotlight on Exams	exploration	n	исследование	
10	Module 2	Spotlight on Exams	fairytale	n	сказка	
10	Module 2	Spotlight on Exams	fictional	adj	вымышленный, выдуманный	
10	Module 2	Spotlight on Exams	good-looking	adj	привлекательный	
10	Module 2	Spotlight on Exams	guest	n	гость	
10	Module 2	Spotlight on Exams	hero	n	герой	
10	Module 2	Spotlight on Exams	illness	n	болезнь	
10	Module 2	Spotlight on Exams	immensely	adv	весьма, чрезвычайно	
10	Module 2	Spotlight on Exams	important	adj	важный	
10	Module 2	Spotlight on Exams	introduce	v	представлять	
10	Module 2	Spotlight on Exams	lieutenant	n	лейтенант	
10	Module 2	Spotlight on Exams	mission	n	миссия, задача	
10	Module 2	Spotlight on Exams	multinational	adj	многонациональный	
10	Module 2	Spotlight on Exams	mysterious	adj	загадочный, таинственный	
10	Module 2	Spotlight on Exams	navigator	n	штурман, навигатор	
10	Module 2	Spotlight on Exams	officer	n	офицер	
10	Module 2	Spotlight on Exams	playwright	n	драматург	
10	Module 2	Spotlight on Exams	positive	adj	положительный	
10	Module 2	Spotlight on Exams	principle	n	принцип	
10	Module 2	Spotlight on Exams	qualities	n pl	качества	
10	Module 2	Spotlight on Exams	resemble	v	походить, иметь сходство	
10	Module 2	Spotlight on Exams	rigid	adj	суровый, жесткий	
10	Module 2	Spotlight on Exams	role	n	роль	
10	Module 2	Spotlight on Exams	romance	n	роман	
10	Module 2	Spotlight on Exams	rumour	n	слух, молва	
10	Module 2	Spotlight on Exams	science fiction	n	научная фантастика	
10	Module 2	Spotlight on Exams	series	n	сериал, цикл программ	
10	Module 2	Spotlight on Exams	severely	adv	сурово, строго	
10	Module 2	Spotlight on Exams	soap opera	n	мыльная опера	
10	Module 2	Spotlight on Exams	space	n	космос	
10	Module 2	Spotlight on Exams	spaceship	n	космический корабль	
10	Module 2	Spotlight on Exams	successfully	adv	успешно	
10	Module 2	Spotlight on Exams	surname	n	фамилия	
10	Module 2	Spotlight on Exams	symbolic	adj	символичный	
10	Module 2	Spotlight on Exams	thick	adj	сильный (об акценте)	
10	Module 2	Spotlight on Exams	trait	n	особенность, черта характера	
10	Module 2	Spotlight on Exams	view	v	рассматривать, оценивать	
10	Module 2	Spotlight on Exams Phrasal verbs	come up with	phr v	предлагать	
10	Module 2	Spotlight on Exams Phrases	as a result	phr	как результат	
10	Module 2	Spotlight on Exams Phrases	have a good sense of humour	phr	иметь хорошее чувство юмора	
10	Module 2	Spotlight on Exams Phrases	on board	phr	на борту	
10	Module 2	Spotlight on Exams Phrases	pay (close) attention to	phr	уделять (пристальное) внимание чему-либо, кому-либо	
10	Module 3	3a	acrobatic	adj	акробатический	
10	Module 3	3a	attend	v	посещать	
10	Module 3	3a	average	adj	средний	
10	Module 3	3a	boarding school	n	школа-интернат, пансион	
10	Module 3	3a	co-educational school	n	школа совместного обучения	
10	Module 3	3a	common	adj	обычный	
10	Module 3	3a	dread	v	бояться, страшиться	
10	Module 3	3a	extra-curricular	adj	внеклассный	
10	Module 3	3a	facility	n	условие	
10	Module 3	3a	home schooling	n	домашнее обучение	
10	Module 3	3a	interview	n	интервью	
10	Module 3	3a	old-fashioned	adj	старомодный	
10	Module 3	3a	participate	v	участвовать	
10	Module 3	3a	presenter	n	ведущий	
10	Module 3	3a	private school	n	частная школа	
10	Module 3	3a	public transport	n	общественный транспорт	
10	Module 3	3a	science lab	n	научная лаборатория	
10	Module 3	3a	single sex school	n	школа раздельного обучения	
10	Module 3	3a	specialist school	n	профильная школа	
10	Module 3	3a	state school	n	государственная школа	
10	Module 3	3a	strict	adj	строгий	
10	Module 3	3a	training	n	обучение	
10	Module 3	3a	uniform	n	форма	
10	Module 3	3a	unusual	adj	необычный	
10	Module 3	3a Phrasal verbs	catch up with	phr v	догонять	
10	Module 3	3a Phrasal verbs	take part in	phr v	принимать участие в	
10	Module 3	3a Phrases	earn a living	phr	зарабатывать на жизнь	
10	Module 3	3a Phrases	sit an exam	phr	сдавать экзамен	
10	Module 3	3b	alternative	adj	альтернативный	
10	Module 3	3b	applicant	n	кандидат, претендент	
10	Module 3	3b	architect	n	архитектор	
10	Module 3	3b	armed forces	n pl	вооруженные силы	
10	Module 3	3b	author	n	автор	
10	Module 3	3b	bank clerk	n	банковский служащий	
10	Module 3	3b	beautician	n	косметолог	
10	Module 3	3b	celebrity	n	звезда, известная личность	
10	Module 3	3b	common sense	n	здравый смысл, рассудительность	
10	Module 3	3b	communication skill	n	навык общения	
10	Module 3	3b	current	adj	текущий, нынешний	
10	Module 3	3b	emergency service	n	служба экстренной помощи	
10	Module 3	3b	energetic	adj	энергичный	
10	Module 3	3b	flight attendant	n	стюардесса, стюард	
10	Module 3	3b	florist	n	торговец цветами	
10	Module 3	3b	freelancer	n	внештатный сотрудник	
10	Module 3	3b	full-time	adj	занимающий полный рабочий день	
10	Module 3	3b	hardworking	adj	трудолюбивый	
10	Module 3	3b	lawyer	n	адвокат, юрист	
10	Module 3	3b	managing director	n	управляющий	
10	Module 3	3b	part-time	adj	не полностью занятый	
10	Module 3	3b	plumber	n	водопроводчик	
10	Module 3	3b	requirement	n	требование	
10	Module 3	3b	risky	adj	рискованный, опасный	
10	Module 3	3b	salary	n	заработная плата	
10	Module 3	3b	seasick	adj	страдающий морской болезнью	
10	Module 3	3b	shift work	n	сменная работа	
10	Module 3	3b	surgeon	n	хирург	
10	Module 3	3b	translator	n	переводчик	
10	Module 3	3b	vet	n	ветеринар	
10	Module 3	3b Phrases	can't stand	phr	не выносить	
10	Module 3	3b Idioms	bring home the bacon	idm	зарабатывать деньги для семьи	
10	Module 3	3b Idioms	follow in one's footsteps	idm	идти по стопам	
10	Module 3	3b Idioms	in the same boat	idm	в одинаковом положении	
10	Module 3	3b Idioms	jack-of-all-trades	idm	мастер на все руки	
10	Module 3	3c	arrangement	n	договоренность	
10	Module 3	3c	building site	n	строительная площадка	
10	Module 3	3c	prediction	n	предсказание	
10	Module 3	3c	recent	adj	недавний	
10	Module 3	3c	security guard	n	охранник	
10	Module 3	3c	shop assistant	n	продавец	
10	Module 3	3c	social worker	n	социальный работник	
10	Module 3	3c	stuntman	n	каскадер	
10	Module 3	3c Phrases	it's no wonder	phr	неудивительно	
10	Module 3	3c Phrasal verbs	pick at	phr v	ковыряться (о еде)	
10	Module 3	3c Phrasal verbs	pick on	phr v	дразнить, критиковать, задирать	
10	Module 3	3c Phrasal verbs	pick out	phr v	выбирать	
10	Module 3	3c Phrasal verbs	pick up	phr v	забирать, поднимать, улучшать	
10	Module 3	3c Words often confused	job/work		профессия/работа	
10	Module 3	3c Words often confused	staff/employee		персонал/работник	
10	Module 3	3c Words often confused	grade/mark		степень, отметка/отметка	
10	Module 3	3c Words often confused	salary/wage		заработная плата за год или месяц (оклад)/заработная плата почасовая, понедельная (сдельная)	
10	Module 3	3d	affection	n	любовь, привязанность	
10	Module 3	3d	annoyance	n	раздражение	
10	Module 3	3d	ashamed	adj	пристыженный	
10	Module 3	3d	beam	v	сиять, лучезарно улыбаться	
10	Module 3	3d	cheerfully	adv	охотно, бодро	
10	Module 3	3d	commercial	adj	коммерческий	
10	Module 3	3d	completely	adv	полностью, целиком	
10	Module 3	3d	dedication	n	преданность	
10	Module 3	3d	depart	v	уезжать, уходить	
10	Module 3	3d	dimple	n	ямочка (на щеке)	
10	Module 3	3d	disappear	v	исчезать	
10	Module 3	3d	embarrassment	n	замешательство, смущение	
10	Module 3	3d	fable	n	басня	
10	Module 3	3d	fellow	n	парень	
10	Module 3	3d	graduate	v	оканчивать учебное заведение	
10	Module 3	3d	happiness	n	счастье	
10	Module 3	3d	inspect	v	осматривать, инспектировать	
10	Module 3	3d	irritation	n	раздражение	
10	Module 3	3d	joy	n	радость, веселье	
10	Module 3	3d	maternal instinct	n	материнский инстинкт	
10	Module 3	3d	misty	adj	туманный, смутный, неясный	
10	Module 3	3d	mutter	v	бормотать, говорить невнятно	
10	Module 3	3d	noiselessly	adv	бесшумно	
10	Module 3	3d	overflowing	adj	переполненный	
10	Module 3	3d	purr	v	мурлыкать	
10	Module 3	3d	short story	n	короткий рассказ	
10	Module 3	3d	shove	v	сунуть, засовывать	
10	Module 3	3d	sorrow	n	горе, печаль	
10	Module 3	3d	sorrowfully	adv	печально, грустно	
10	Module 3	3d	stare	v	уставиться, глазеть	
10	Module 3	3d	superfluous	adj	чрезмерный	
10	Module 3	3d	sympathy	n	симпатия	
10	Module 3	3d	tie	n	привязанность, узы	
10	Module 3	3d	tucked	adj	засунутый	
10	Module 3	3d Phrasal verbs	fix up	phr v	оборудовать, приготовить	
10	Module 3	3d Phrases	learn something by heart	phr	учить что-либо наизусть	
10	Module 3	3d Phrases	sound asleep	phr	крепко спящий	
10	Module 3	3e	advantage	n	преимущество	
10	Module 3	3e	application	n	заявление (о приеме на работу)	
10	Module 3	3e	appropriate	adj	подходящий, уместный	
10	Module 3	3e	available	adj	доступный	
10	Module 3	3e	chatty	adj	разговорный (о стиле)	
10	Module 3	3e	confident	adj	уверенный	
10	Module 3	3e	consider	v	рассматривать, думать о	
10	Module 3	3e	enclose	v	вкладывать, прилагать	
10	Module 3	3e	feature	n	характеристика, особенность	
10	Module 3	3e	gain	v	получать, приобретать	
10	Module 3	3e	identify	v	определять	
10	Module 3	3e	impatient	adj	нетерпеливый	
10	Module 3	3e	industry	n	отрасль экономики	
10	Module 3	3e	nationality	n	национальность	
10	Module 3	3e	personal	adj	личный, индивидуальный	
10	Module 3	3e	personality	n	особенности характера, личность	
10	Module 3	3e	previous	adj	предыдущий	
10	Module 3	3e	qualification	n	квалификация	
10	Module 3	3e	specific	adj	особый, особенный	
10	Module 3	3e	suit	v	подходить	
10	Module 3	3e	trustworthy	adj	надежный, заслуживающий доверия	
10	Module 3	3e	unnecessary	adj	ненужный, излишний	
10	Module 3	3e	valuable	adj	ценный	
10	Module 3	Culture Corner 3	business studies	n	экономическая наука, бизнес	
10	Module 3	Culture Corner 3	cheerleading	n	поддержка любимой команды	
10	Module 3	Culture Corner 3	committee	n	группа, комитет	
10	Module 3	Culture Corner 3	discussion	n	обсуждение	
10	Module 3	Culture Corner 3	driver's licence	n	водительское удостоверение (права)	
10	Module 3	Culture Corner 3	driving lesson	n	урок вождения	
10	Module 3	Culture Corner 3	elementary school	n	начальная школа	
10	Module 3	Culture Corner 3	expect	v	ожидать, рассчитывать	
10	Module 3	Culture Corner 3	freshman	n	учащийся 9-го класса (в США)	
10	Module 3	Culture Corner 3	high school	n	старшая школа	
10	Module 3	Culture Corner 3	independently	adv	самостоятельно, независимо	
10	Module 3	Culture Corner 3	journalism	n	журналистика	
10	Module 3	Culture Corner 3	junior	n	учащийся 11-го класса (в США)	
10	Module 3	Culture Corner 3	informal	adj	без формальностей, простой	
10	Module 3	Culture Corner 3	kindergarten	n	детский сад	
10	Module 3	Culture Corner 3	range	n	спектр	
10	Module 3	Culture Corner 3	school bus	n	школьный автобус	
10	Module 3	Culture Corner 3	senior	n	учащийся 12-го класса	
10	Module 3	Culture Corner 3	sophomore	n	учащийся 10-го класса (в США)	
10	Module 3	Culture Corner 3	style	n	стиль	
10	Module 3	Culture Corner 3 Phrasal verbs	put away	phr v	оставлять, откладывать	
10	Module 3	Culture Corner 3 Phrases	get the chance	phr	получать шанс	
10	Module 3	Culture Corner 3 Phrases	get the most out of	phr	взять как можно больше от	
10	Module 3	Across the Curriculum	benefit	n	преимущество	
10	Module 3	Across the Curriculum	brief	adj	краткий, короткий	
10	Module 3	Across the Curriculum	busy	adj	занятой	
10	Module 3	Across the Curriculum	conditions	n pl	условия	
10	Module 3	Across the Curriculum	event	n	мероприятие, событие	
10	Module 3	Across the Curriculum	impossible	adj	невозможный	
10	Module 3	Across the Curriculum	media	n pl	средства массовой информации	
10	Module 3	Across the Curriculum	sponsored	adj	организованный, финансированный спонсорами	
10	Module 3	Across the Curriculum	support	n	поддержка, помощь	
10	Module 3	Across the Curriculum	tough	adj	нелегкий, трудный	
10	Module 3	Across the Curriculum	well-paid	adj	хорошо оплачиваемый	
10	Module 3	Across the Curriculum Phrases	lack of	phr	недостаток чего-либо, кого-либо	
10	Module 3	Across the Curriculum Phrases	put into action	phr	приводить в действие	
10	Module 3	Going Green 3	action	n	действие, мера	
10	Module 3	Going Green 3	artificial	adj	искусственный	
10	Module 3	Going Green 3	damage	n	урон, вред	
10	Module 3	Going Green 3	hatch	v	вылупляться	
10	Module 3	Going Green 3	human activity	n	деятельность человека	
10	Module 3	Going Green 3	increasingly	adv	все больше и больше	
10	Module 3	Going Green 3	nest	n	гнездо	
10	Module 3	Going Green 3	newly-born	adj	новорожденный	
10	Module 3	Going Green 3	protect	v	защищать	
10	Module 3	Going Green 3	protection	n	защита	
10	Module 3	Going Green 3	rare	adj	редкий	
10	Module 3	Going Green 3	society	n	общество	
10	Module 3	Going Green 3	sunbather	n	загорающий	
10	Module 3	Going Green 3	territory	n	территория	
10	Module 3	Going Green 3	volunteer	n	доброволец	
10	Module 3	Going Green 3 Phrasal verbs	die out	phr v	вымирать, постепенно исчезать	
10	Module 3	Going Green 3 Phrases	do my best	phr	делать все возможное	
10	Module 3	Going Green 3 Phrases	lay eggs	phr	откладывать яйца	
10	Module 3	Going Green 3 Phrases	make a difference	phr	делать мир лучше (здесь)	
10	Module 3	Going Green 3 Phrases	under threat	phr	под угрозой	
10	Module 3	Spotlight on Exams	basic	adj	основной	
10	Module 3	Spotlight on Exams	bodybuilding	n	бодибилдинг	
10	Module 3	Spotlight on Exams	competitive	adj	основанный на конкуренции, соревновании	
10	Module 3	Spotlight on Exams	cuisine	n	кулинарное искусство, кухня	
10	Module 3	Spotlight on Exams	customer	n	потребитель	
10	Module 3	Spotlight on Exams	desirable	adj	желательный	
10	Module 3	Spotlight on Exams	efficiently	adv	разумно, рационально	
10	Module 3	Spotlight on Exams	essential	adj	важнейший, необходимый	
10	Module 3	Spotlight on Exams	extensive	adj	большой, значительный	
10	Module 3	Spotlight on Exams	fitness	n	фитнес	
10	Module 3	Spotlight on Exams	graduate	n	выпускник учебного заведения	
10	Module 3	Spotlight on Exams	issue	n	проблема, вопрос	
10	Module 3	Spotlight on Exams	manage	v	управлять	
10	Module 3	Spotlight on Exams	occasionally	adv	иногда, время от времени	
10	Module 3	Spotlight on Exams	prepare	v	готовить, подготавливать	
10	Module 3	Spotlight on Exams	project	n	проект	
10	Module 3	Spotlight on Exams	quickly	adv	быстро	
10	Module 3	Spotlight on Exams	region	n	регион	
10	Module 3	Spotlight on Exams	seek	v	искать	
10	Module 3	Spotlight on Exams	technical	adj	технический	
10	Module 3	Spotlight on Exams	vacancy	n	вакансия	
10	Module 3	Spotlight on Exams	well-mannered	adj	воспитанный, с хорошими манерами	
10	Module 3	Spotlight on Exams	willingness	n	готовность, желание, охота	
10	Module 3	Spotlight on Exams Phrases	under pressure	phr	под давлением	
10	Module 4	4a	aluminium	n	алюминий	
10	Module 4	4a	cage	n	клетка	
10	Module 4	4a	campaign	n	кампания, акция	
10	Module 4	4a	carefully	adv	аккуратно, осторожно	
10	Module 4	4a	chemicals	n pl	химикаты	
10	Module 4	4a	coal	n	уголь	
10	Module 4	4a	compost	n	компост, удобрение	
10	Module 4	4a	consumption	n	потребление	
10	Module 4	4a	cooker	n	кухонная плита	
10	Module 4	4a	create	v	создавать	
10	Module 4	4a	decompose	v	разлагаться, гнить	
10	Module 4	4a	encourage	v	воодушевлять, побуждать	
10	Module 4	4a	energy	n	энергия	
10	Module 4	4a	environment	n	окружающая среда	
10	Module 4	4a	excessive	adj	чрезмерный, избыточный	
10	Module 4	4a	fertilizer	n	удобрение	
10	Module 4	4a	heap	n	куча, груда	
10	Module 4	4a	heating	n	отопление	
10	Module 4	4a	light bulb	n	электрическая лампочка	
10	Module 4	4a	material	n	материал	
10	Module 4	4a	newsletter	n	информационный бюллетень	
10	Module 4	4a	oil	n	нефть	
10	Module 4	4a	packed	adj	упакованный	
10	Module 4	4a	practical	adj	практический	
10	Module 4	4a	release	v	выпускать, высвобождать	
10	Module 4	4a	repair	v	чинить, ремонтировать	
10	Module 4	4a	replace	v	заменять	
10	Module 4	4a	replacement	n	замена	
10	Module 4	4a	reusable	adj	многоразового применения	
10	Module 4	4a	rinse	v	ополаскивать, промыть	
10	Module 4	4a	sheet	n	простыня	
10	Module 4	4a	simply	adv	просто, несложно	
10	Module 4	4a	substance	n	вещество	
10	Module 4	4a	swap	v	менять, обменивать	
10	Module 4	4a	tin	n	консервная банка	
10	Module 4	4a	towel	n	полотенце	
10	Module 4	4a	treasure	n	сокровище	
10	Module 4	4a	waste	v	тратить, расходовать	
10	Module 4	4a	wonderful	adj	чудесный, замечательный	
10	Module 4	4a	wrap	v	обертывать	
10	Module 4	4a Phrasal verbs	cut down on	phr v	сокращать	
10	Module 4	4a Phrasal verbs	switch off	phr v	выключать	
10	Module 4	4a Phrasal verbs	throw away	phr v	выбрасывать	
10	Module 4	4b	adopt	v	принимать	
10	Module 4	4b	adoption	n	принятие под опеку	
10	Module 4	4b	actually	adv	действительно	
10	Module 4	4b	certificate	n	сертификат	
10	Module 4	4b	choose	v	выбирать	
10	Module 4	4b	climate	n	климат	
10	Module 4	4b	congest	v	перегружать, переполнять	
10	Module 4	4b	conservation	n	сохранение	
10	Module 4	4b	crop	n	сельскохозяйственная культура	
10	Module 4	4b	decrease	v	снижать, уменьшать	
10	Module 4	4b	donate	v	жертвовать (деньги)	
10	Module 4	4b	effort	n	усилие	
10	Module 4	4b	electricity	n	электричество	
10	Module 4	4b	emission	n	выброс	
10	Module 4	4b	enclosure	n	загон, огороженное место	
10	Module 4	4b	endangered	adj	находящийся в опасности	
10	Module 4	4b	genetically modified	adj	генетически модифицированный	
10	Module 4	4b	global warming	n	глобальное потепление	
10	Module 4	4b	habitat	n	среда обитания	
10	Module 4	4b	improve	v	улучшать	
10	Module 4	4b	increase	v	повышать	
10	Module 4	4b	lifestyle	n	образ жизни	
10	Module 4	4b	modern	adj	современный	
10	Module 4	4b	natural	adj	естественный	
10	Module 4	4b	negative	adj	негативный	
10	Module 4	4b	oxygen	n	кислород	
10	Module 4	4b	power station	n	электростанция	
10	Module 4	4b	programme	n	программа	
10	Module 4	4b	quality	n	качество	
10	Module 4	4b	species	n	вид(ы)	
10	Module 4	4b	transport	n	транспорт	
10	Module 4	4b	wildlife	n	дикая природа	
10	Module 4	4b Phrasal verbs	cut down	phr v	вырубать (деревья)	
10	Module 4	4b Phrases	in return for	phr	в оплату за, в обмен на	
10	Module 4	4c	avid	adj	ярый	
10	Module 4	4c	captivity	n	неволя	
10	Module 4	4c	cycle	v	ехать на велосипеде	
10	Module 4	4c	danger	n	опасность	
10	Module 4	4c	drop	v	бросать	
10	Module 4	4c	extinction	n	вымирание, вырождение	
10	Module 4	4c	identity card	n	удостоверение личности	
10	Module 4	4c	litter	n	мусор, отходы	
10	Module 4	4c	marine life	n	живые ресурсы моря	
10	Module 4	4c	necessary	adj	необходимый	
10	Module 4	4c	obligatory	adj	обязательный	
10	Module 4	4c	own	v	владеть	
10	Module 4	4c	passenger	n	пассажир	
10	Module 4	4c	permission	n	разрешение, позволение	
10	Module 4	4c	phone call	n	телефонный звонок	
10	Module 4	4c	recommend	v	рекомендовать	
10	Module 4	4c	seat belt	n	ремень безопасности	
10	Module 4	4c Phrasal verbs	run away from	phr v	убегать от	
10	Module 4	4c Phrasal verbs	run into	phr v	натолкнуться	
10	Module 4	4c Phrasal verbs	run out of	phr v	исчерпать, закончиться	
10	Module 4	4c Phrasal verbs	run over	phr v	переехать, задавить	
10	Module 4	4c Words often confused	weather/whether	n/conj	погода/ли	
10	Module 4	4c Words often confused	affect/effect	v/n	влиять/результат, эффект	
10	Module 4	4c Words often confused	dessert/desert	n/n	десерт/пустыня	
10	Module 4	4c Words often confused	loose/lose	adj/v	свободный, просторный/терять	
10	Module 4	4d	amazed	adj	удивленный, изумленный	
10	Module 4	4d	amazement	n	удивление, изумление	
10	Module 4	4d	branch	n	ветвь	
10	Module 4	4d	broad	adj	широкий	
10	Module 4	4d	bunch	n	связка, охапка	
10	Module 4	4d	cheek	n	щека	
10	Module 4	4d	clearing	n	очистка	
10	Module 4	4d	clumsy	adj	неуклюжий	
10	Module 4	4d	comrade	n	товарищ, компаньон	
10	Module 4	4d	crash	v	рушиться, падать	
10	Module 4	4d	creature	n	создание	
10	Module 4	4d	describe	v	описывать	
10	Module 4	4d	detective	n	сыщик, детектив	
10	Module 4	4d	dinosaur	n	динозавр	
10	Module 4	4d	discover	v	обнаруживать	
10	Module 4	4d	discovery	n	открытие	
10	Module 4	4d	display	v	показывать, выражать	
10	Module 4	4d	ecstasy	n	экстаз, бурный восторг	
10	Module 4	4d	encounter	v	встретиться, наталкиваться	
10	Module 4	4d	endure	v	вынести, вытерпеть	
10	Module 4	4d	enormous	adj	громадный, огромный	
10	Module 4	4d	excited	adj	взволнованный	
10	Module 4	4d	expedition	n	экспедиция	
10	Module 4	4d	extraordinary	adj	необычный	
10	Module 4	4d	fake	n	мошенник, обманщик	
10	Module 4	4d	fascinating	adj	очаровательный, обворожительный	
10	Module 4	4d	glitter	v	блестеть, сверкать	
10	Module 4	4d	grab	v	хватать, захватывать	
10	Module 4	4d	historical	adj	исторический	
10	Module 4	4d	hop	v	прыгать, подпрыгивать	
10	Module 4	4d	huge	adj	огромный	
10	Module 4	4d	incident	n	случай, происшествие	
10	Module 4	4d	include	v	содержать, включать	
10	Module 4	4d	intently	adv	пристально, внимательно	
10	Module 4	4d	ironic	adj	ироничный	
10	Module 4	4d	liar	n	лжец	
10	Module 4	4d	limitless	adj	безграничный	
10	Module 4	4d	lizard	n	ящерица	
10	Module 4	4d	loudly	adv	громко	
10	Module 4	4d	monstrous	adj	чудовищный	
10	Module 4	4d	motionless	adj	неподвижный	
10	Module 4	4d	muscle	n	мышца	
10	Module 4	4d	overjoyed	adj	счастливый	
10	Module 4	4d	passionate	adj	страстный	
10	Module 4	4d	play	n	пьеса	
10	Module 4	4d	playful	adj	игривый, шутливый	
10	Module 4	4d	point	v	указывать	
10	Module 4	4d	praise	v	хвалить, прославлять	
10	Module 4	4d	prehistoric	adj	доисторический	
10	Module 4	4d	reptile	n	рептилия	
10	Module 4	4d	sapling	n	побег	
10	Module 4	4d	scale	n	чешуя	
10	Module 4	4d	scientific	adj	научный	
10	Module 4	4d	shimmer	v	мерцать, переливаться	
10	Module 4	4d	sight	n	поле зрения	
10	Module 4	4d	skin	n	кожа, шкура	
10	Module 4	4d	slate-coloured	adj	синевато-серый	
10	Module 4	4d	soften	v	смягчаться, успокаиваться	
10	Module 4	4d	specimen	n	образец	
10	Module 4	4d	storyteller	n	рассказчик	
10	Module 4	4d	strength	n	сила	
10	Module 4	4d	strong	adj	сильный	
10	Module 4	4d	swamp	n	болото	
10	Module 4	4d	talent	n	талант	
10	Module 4	4d	thud	n	глухой стук	
10	Module 4	4d	track	n	след	
10	Module 4	4d	triumphantly	adv	с триумфом	
10	Module 4	4d	trunk	n	ствол	
10	Module 4	4d	unintelligent	adj	глупый, неумный	
10	Module 4	4d	vanish	v	исчезать	
10	Module 4	4d	weakness	n	слабость	
10	Module 4	4d	whisper	n	шепот	
10	Module 4	4d Phrasal verbs	put up with	phr v	мириться с	
10	Module 4	4e	access	n	доступ	
10	Module 4	4e	accident	n	авария, несчастный случай	
10	Module 4	4e	aspect	n	сторона, аспект	
10	Module 4	4e	ban	n/v	запрет, запрещать	
10	Module 4	4e	car exhaust	n	выхлопные газы	
10	Module 4	4e	crowded	adj	переполненный	
10	Module 4	4e	drastically	adv	решительно, резко	
10	Module 4	4e	environmentally friendly	adj	экологически чистый	
10	Module 4	4e	excuse	n	оправдание	
10	Module 4	4e	generally	adv	обычно, как правило	
10	Module 4	4e	inconvenient	adj	затруднительный, неудобный	
10	Module 4	4e	route	n	маршрут	
10	Module 4	4e	strongly	adv	резко, решительно	
10	Module 4	4e	suggestion	n	предложение	
10	Module 4	4e	system	n	система	
10	Module 4	4e	total	adj	абсолютный, полный	
10	Module 4	4e	totally	adv	полностью, абсолютно	
10	Module 4	4e	undoubtedly	adv	несомненно, безусловно	
10	Module 4	Culture Corner 4	authorities	n pl	администрация	
10	Module 4	Culture Corner 4	bleach	n	отбеливатель	
10	Module 4	Culture Corner 4	conserve	v	сохранять	
10	Module 4	Culture Corner 4	contain	v	содержать	
10	Module 4	Culture Corner 4	coral reef	n	коралловый риф	
10	Module 4	Culture Corner 4	crystal clear	adj	кристально чистый	
10	Module 4	Culture Corner 4	extinct	adj	вымерший	
10	Module 4	Culture Corner 4	fatal	adj	губительный, смертельный	
10	Module 4	Culture Corner 4	float	v	плавать, держаться на поверхности	
10	Module 4	Culture Corner 4	form	v	образовываться, формироваться	
10	Module 4	Culture Corner 4	harm	v	наносить вред, вредить	
10	Module 4	Culture Corner 4	humpback whale	n	горбатый кит	
10	Module 4	Culture Corner 4	organism	n	организм	
10	Module 4	Culture Corner 4	reverse	v	изменить (ситуацию)	
10	Module 4	Culture Corner 4	shellfish	n	моллюск	
10	Module 4	Culture Corner 4	surface	n	поверхность	
10	Module 4	Culture Corner 4	unique	adj	уникальный	
10	Module 4	Across the Curriculum	absorb	v	поглощать	
10	Module 4	Across the Curriculum	carbohydrate	n	углевод	
10	Module 4	Across the Curriculum	carbon dioxide	n	углекислый газ	
10	Module 4	Across the Curriculum	chemical reaction	n	химическая реакция	
10	Module 4	Across the Curriculum	chlorophyll	n	хлорофилл	
10	Module 4	Across the Curriculum	convert	v	преобразовывать	
10	Module 4	Across the Curriculum	equation	n	уравнение	
10	Module 4	Across the Curriculum	food chain	n	пищевая цепь	
10	Module 4	Across the Curriculum	hole	n	отверстие	
10	Module 4	Across the Curriculum	hydrogen	n	водород	
10	Module 4	Across the Curriculum	life	n	жизнь	
10	Module 4	Across the Curriculum	obtain	v	добывать, получать	
10	Module 4	Across the Curriculum	photosynthesis	n	фотосинтез	
10	Module 4	Across the Curriculum	plant	n	растение	
10	Module 4	Across the Curriculum	reaction	n	реакция	
10	Module 4	Across the Curriculum	root	n	корень	
10	Module 4	Across the Curriculum	soil	n	почва	
10	Module 4	Across the Curriculum	stage	n	стадия	
10	Module 4	Across the Curriculum	store	v	хранить, запасать	
10	Module 4	Across the Curriculum	sunlight	n	солнечный свет	
10	Module 4	Across the Curriculum	tiny	adj	крошечный	
10	Module 4	Across the Curriculum Phrasal verbs	suck up	phr v	всасывать, поглощать	
10	Module 4	Going Green 4	allow	v	разрешать, позволять	
10	Module 4	Going Green 4	atmosphere	n	атмосфера	
10	Module 4	Going Green 4	canopy	n	полог леса, верхний ярус крон	
10	Module 4	Going Green 4	company	n	компания	
10	Module 4	Going Green 4	cough	n	кашель	
10	Module 4	Going Green 4	divide	v	разделять	
10	Module 4	Going Green 4	emergent	n	верхушки деревьев	
10	Module 4	Going Green 4	equator	n	экватор	
10	Module 4	Going Green 4	fuel	n	топливо	
10	Module 4	Going Green 4	grow	v	расти	
10	Module 4	Going Green 4	height	n	высота	
10	Module 4	Going Green 4	hot	adj	жаркий	
10	Module 4	Going Green 4	humid	adj	влажный	
10	Module 4	Going Green 4	land	n	земля	
10	Module 4	Going Green 4	layer	n	ярус	
10	Module 4	Going Green 4	medicine	n	лекарство	
10	Module 4	Going Green 4	mixture	n	микстура	
10	Module 4	Going Green 4	organisation	n	организация	
10	Module 4	Going Green 4	politician	n	политик	
10	Module 4	Going Green 4	rainforest	n	влажный тропический лес	
10	Module 4	Going Green 4	renew	v	обновлять	
10	Module 4	Going Green 4	resin	n	смола	
10	Module 4	Going Green 4	tree bark	n	древесная кора	
10	Module 4	Going Green 4	tropical	adj	тропический	
10	Module 4	Going Green 4	understorey	n	подлесок	
10	Module 4	Going Green 4 Phrasal verbs	stick out	phr v	торчать, высовываться	
10	Module 4	Going Green 4 Phrases	make a difference	phr	сделать мир лучше (здесь)	
10	Module 4	Spotlight on Exams	average	n	средняя величина	
10	Module 4	Spotlight on Exams	bark	v	лаять	
10	Module 4	Spotlight on Exams	befriend	v	подружиться, относиться дружески	
10	Module 4	Spotlight on Exams	birth	n	рождение	
10	Module 4	Spotlight on Exams	boar	n	кабан	
10	Module 4	Spotlight on Exams	breed	v	разводить, выводить	
10	Module 4	Spotlight on Exams	bright	adj	яркий	
10	Module 4	Spotlight on Exams	camouflage	v	маскировать	
10	Module 4	Spotlight on Exams	collar	n	ошейник	
10	Module 4	Spotlight on Exams	conservationist	n	борец за охрану природы	
10	Module 4	Spotlight on Exams	cub	n	детеныш	
10	Module 4	Spotlight on Exams	deforestation	n	вырубка леса, обезлесение	
10	Module 4	Spotlight on Exams	double	v	удваивать	
10	Module 4	Spotlight on Exams	elk	n	лось	
10	Module 4	Spotlight on Exams	female	adj	женский	
10	Module 4	Spotlight on Exams	follow	v	отслеживать, следить	
10	Module 4	Spotlight on Exams	giant	adj	гигантский	
10	Module 4	Spotlight on Exams	hunt	v	охотиться	
10	Module 4	Spotlight on Exams	impressive	adj	впечатляющий, выразительный	
10	Module 4	Spotlight on Exams	indigenous	adj	местный, локальный	
10	Module 4	Spotlight on Exams	length	n	длина	
10	Module 4	Spotlight on Exams	lifetime	n	жизнь, продолжительность жизни	
10	Module 4	Spotlight on Exams	location	n	место	
10	Module 4	Spotlight on Exams	loud	adj	громкий	
10	Module 4	Spotlight on Exams	lucky	adj	удачливый	
10	Module 4	Spotlight on Exams	male	adj	мужской	
10	Module 4	Spotlight on Exams	movement	n	перемещение, передвижение	
10	Module 4	Spotlight on Exams	panda	n	панда	
10	Module 4	Spotlight on Exams	photographer	n	фотограф	
10	Module 4	Spotlight on Exams	predator	n	хищник	
10	Module 4	Spotlight on Exams	prey	n	добыча, жертва	
10	Module 4	Spotlight on Exams	primarily	adv	главным образом	
10	Module 4	Spotlight on Exams	roar	n	рев	
10	Module 4	Spotlight on Exams	scientist	n	ученый	
10	Module 4	Spotlight on Exams	shrink	v	сокращать	
10	Module 4	Spotlight on Exams	Siberian tiger	n	амурский тигр	
10	Module 4	Spotlight on Exams	stealthily	adv	украдкой, крадучись	
10	Module 4	Spotlight on Exams	step	n	шаг	
10	Module 4	Spotlight on Exams	stripe	n	полоса	
10	Module 4	Spotlight on Exams	threat	n	угроза	
10	Module 4	Spotlight on Exams	vision	n	зрение	
10	Module 4	Spotlight on Exams	wild	adj	дикий	
10	Module 4	Spotlight on Exams	truly	adv	действительно	
10	Module 4	Spotlight on Exams	unfortunately	adv	к сожалению	
10	Module 4	Spotlight on Exams Phrasal verbs	come together	phr v	объединиться	
10	Module 4	Spotlight on Exams Phrasal verbs	set up	phr v	создавать	
10	Module 4	Spotlight on Exams Phrasal verbs	sneak up	phr v	подкрасться незаметно	
10	Module 4	Spotlight on Exams Phrases	set free	phr	отпускать на волю	
10	Module 5	5a	ancient	adj	древний	
10	Module 5	5a	annual	adj	ежегодный	
10	Module 5	5a	backpack	n/v	рюкзак, участвовать в туристическом походе	
10	Module 5	5a	barber	n	парикмахер	
10	Module 5	5a	base	v	основываться	
10	Module 5	5a	beach	n	пляж	
10	Module 5	5a	beggar	n	нищий, попрошайка	
10	Module 5	5a	breathtaking	adj	захватывающий дух	
10	Module 5	5a	brochure	n	брошюра, рекламный буклет	
10	Module 5	5a	camp	v	устраивать стоянку, разбивать лагерь	
10	Module 5	5a	candlelit	adj	освещенный свечой	
10	Module 5	5a	climb	v	подниматься, взбираться	
10	Module 5	5a	coast	n	побережье	
10	Module 5	5a	comfort	n	удобство, комфорт	
10	Module 5	5a	contest	n	состязание, соревнование	
10	Module 5	5a	countless	adj	бесчисленный	
10	Module 5	5a	crack	v	трескаться	
10	Module 5	5a	craftsman	n	ремесленник	
10	Module 5	5a	delay	v	задерживать, откладывать	
10	Module 5	5a	delicious	adj	очень вкусный	
10	Module 5	5a	drum	n	барабан	
10	Module 5	5a	escape	v	убежать, избавиться, избежать	
10	Module 5	5a	excursion	n	экскурсия	
10	Module 5	5a	extend	v	длиться определенный период времени	
10	Module 5	5a	festival	n	фестиваль	
10	Module 5	5a	foggy	adj	туманный	
10	Module 5	5a	handicraft	n	изделие ручной работы	
10	Module 5	5a	incredible	adj	невероятный	
10	Module 5	5a	leaflet	n	проспект, брошюра	
10	Module 5	5a	magnificent	adj	великолепный, роскошный	
10	Module 5	5a	nasty	adj	опасный, мерзкий	
10	Module 5	5a	package holidays	n	отдых с полным комплексом услуг	
10	Module 5	5a	parade	n	парад, шествие	
10	Module 5	5a	pavement	n	тротуар	
10	Module 5	5a	peak	n	вершина	
10	Module 5	5a	pottery	n	глиняные изделия, керамика	
10	Module 5	5a	procession	n	процессия, шествие	
10	Module 5	5a	prolong	v	продлевать	
10	Module 5	5a	rocky	adj	скалистый	
10	Module 5	5a	scenery	n	пейзаж, вид	
10	Module 5	5a	shade	n	тень (область, куда не попадает солнце)	
10	Module 5	5a	shadow	n	тень (от какого-либо предмета)	
10	Module 5	5a	sleeping bag	n	спальный мешок	
10	Module 5	5a	snowy	adj	снежный, покрытый снегом	
10	Module 5	5a	souvenir	n	сувенир	
10	Module 5	5a	spectacular	adj	захватывающий, эффектный	
10	Module 5	5a	sunrise	n	восход солнца, заря	
10	Module 5	5a	teahouse	n	чайный домик	
10	Module 5	5a	temple	n	храм	
10	Module 5	5a	trail	n	тропа, дорога	
10	Module 5	5a	traveller	n	путешественник	
10	Module 5	5a	trek	v	пересекать, идти пешком	
10	Module 5	5a	vendor	n	торговец	
10	Module 5	5a	virus	n	вирус	
10	Module 5	5a Phrasal verbs	kick off	phr v	начинать, давать старт	
10	Module 5	5a Phrasal verbs	put up	phr v	устанавливать (палатку)	
10	Module 5	5a Phrasal verbs	wake up	phr v	просыпаться	
10	Module 5	5a Phrases	in the distance	phr	вдалеке, на расстоянии	
10	Module 5	5b	airline	n	авиакомпания	
10	Module 5	5b	appalling	adj	ужасный	
10	Module 5	5b	disappointed	adj	разочарованный	
10	Module 5	5b	fetch	v	сходить, съездить за чем-либо	
10	Module 5	5b	guided tour	n	экскурсия, организованная поездка	
10	Module 5	5b	hostel	n	турбаза, общежитие	
10	Module 5	5b	luggage	n	багаж	
10	Module 5	5b	mosquito	n	комар	
10	Module 5	5b	nightlife	n	ночная жизнь	
10	Module 5	5b	passport	n	паспорт	
10	Module 5	5b	rude	adj	грубый	
10	Module 5	5b	satisfied	adj	удовлетворенный	
10	Module 5	5b	sightseeing tour	n	осмотр достопримечательностей	
10	Module 5	5b	staff	n	персонал	
10	Module 5	5b	suntan	n	загар	
10	Module 5	5b Phrases	boiling hot	phr	очень жаркий	
10	Module 5	5b Phrases	for a start	phr	для начала	
10	Module 5	5b Phrases	go on a cruise	phr	отправиться в путешествие, круиз	
10	Module 5	5b Phrases	go wrong	phr	не получаться, сорваться	
10	Module 5	5b Phrases	have a nice time	phr	хорошо провести время	
10	Module 5	5b Phrases	look on the bright side	phr	быть оптимистом	
10	Module 5	5b Phrases	to make matters worse	phr	ухудшить положение дел	
10	Module 5	5b Phrases	What an absolute nightmare!	phr	Какой кошмар!	
10	Module 5	5b Idioms	heavy heart	idm	камень на сердце, с тяжелым сердцем	
10	Module 5	5b Idioms	hit the road	idm	отправиться в путь	
10	Module 5	5b Idioms	off the beaten track	idm	в стороне от большой дороги, в глубинке	
10	Module 5	5b Idioms	port of call	idm	порт захода (куда заходит круизный лайнер)	
10	Module 5	5c	border	n	граница	
10	Module 5	5c	cover	v	занимать, покрывать	
10	Module 5	5c	credit card	n	кредитная карта	
10	Module 5	5c	crowd	n	толпа	
10	Module 5	5c	disqualified	adj	дисквалифицированный	
10	Module 5	5c	guide book	n	путеводитель	
10	Module 5	5c	hair dryer	n	фен	
10	Module 5	5c	insect repellent	n	средство против насекомых	
10	Module 5	5c	northern	adj	северный	
10	Module 5	5c	realise	v	понимать, осознавать	
10	Module 5	5c	shine	v	светить, сверкать, блестеть	
10	Module 5	5c	sickness pill	n	таблетка от укачивания	
10	Module 5	5c	sun glasses	n	солнцезащитные очки	
10	Module 5	5c	sunscreen	n	солнцезащитный крем	
10	Module 5	5c	sunbathe	v	загорать	
10	Module 5	5c	tidy	v	прибирать, приводить в порядок	
10	Module 5	5c	traveller's cheque	n	дорожный чек	
10	Module 5	5c	uninhabited	adj	незаселенный	
10	Module 5	5c	vast	adj	огромный, громадный	
10	Module 5	5c Phrasal verbs	find out	phr v	выяснять	
10	Module 5	5c Phrasal verbs	get around	phr v	передвигаться, перемещаться	
10	Module 5	5c Phrasal verbs	get by	phr v	сводить концы с концами	
10	Module 5	5c Phrasal verbs	get in	phr v	прибывать	
10	Module 5	5c Phrasal verbs	get off	phr v	уходить, уезжать	
10	Module 5	5c Phrasal verbs	get on (with)	phr v	ладить (с кем-либо)	
10	Module 5	5c Phrasal verbs	make up	phr v	составлять	
10	Module 5	5c Phrasal verbs	pick up	phr v	заехать за, забрать	
10	Module 5	5c Words often confused	miss/lose	v	пропускать/терять	
10	Module 5	5c Words often confused	transfer/crossing	n	передвижение/пересечение	
10	Module 5	5c Words often confused	transport/travel	n	транспорт/путешествие	
10	Module 5	5c Words often confused	bring/fetch	v	принести/сходить за	
10	Module 5	5d	arrival	n	прибытие, приезд	
10	Module 5	5d	astonishment	n	удивление, изумление	
10	Module 5	5d	bare	adj	голый	
10	Module 5	5d	bet	n	пари	
10	Module 5	5d	carpet bag	n	саквояж	
10	Module 5	5d	case	n	чемодан	
10	Module 5	5d	clearly	adv	отчетливо, ясно	
10	Module 5	5d	cloak	n	накидка, плащ	
10	Module 5	5d	collapse	v	рухнуть	
10	Module 5	5d	departure	n	отъезд	
10	Module 5	5d	descend	v	спускаться	
10	Module 5	5d	despair	n	отчаяние, безысходность	
10	Module 5	5d	due	adj	обязанный, должный	
10	Module 5	5d	enquire	v	спрашивать, узнавать	
10	Module 5	5d	eyebrow	n	бровь	
10	Module 5	5d	grin	n	усмешка	
10	Module 5	5d	mackintosh	n	плащ, макинтош	
10	Module 5	5d	master	n	господин, хозяин	
10	Module 5	5d	mud	n	грязь	
10	Module 5	5d	native	adj	родной	
10	Module 5	5d	pioneer	n	первопроходец, пионер	
10	Module 5	5d	plead	v	просить	
10	Module 5	5d	purchase	v	покупать, приобретать	
10	Module 5	5d	shake	v	трясти, качать	
10	Module 5	5d	shut	v	закрывать, запирать	
10	Module 5	5d	slip	v	засовывать	
10	Module 5	5d	soil	n	почва, земля	
10	Module 5	5d	spread	v	расплываться (о лице)	
10	Module 5	5d	steamer	n	пароход	
10	Module 5	5d	stockings	n pl	чулки	
10	Module 5	5d	stout	adj	прочный, крепкий	
10	Module 5	5d	timetable	n	расписание	
10	Module 5	5d	trouble	v	тревожить, беспокоить	
10	Module 5	5d	valet	n	слуга	
10	Module 5	5d	weigh	v	отягощать	
10	Module 5	5d Phrasal verbs	hold up	phr v	выставлять, поднимать	
10	Module 5	5d Phrasal verbs	well up	phr v	навернуться (о слезах)	
10	Module 5	5d Phrases	have in mind	phr	держать в голове	
10	Module 5	5d Phrases	set foot	phr	ступать ногой	
10	Module 5	5e	admire	v	восхищаться	
10	Module 5	5e	airport terminal	n	здание (терминал) аэропорта	
10	Module 5	5e	altitude	n	высота	
10	Module 5	5e	amused	adj	позабавленный, развеселившийся	
10	Module 5	5e	annoyed	adj	недовольный, раздраженный	
10	Module 5	5e	anxious	adj	волнующийся, беспокоящийся	
10	Module 5	5e	anxiously	adv	тревожно, с волнением	
10	Module 5	5e	apartment	n	квартира	
10	Module 5	5e	bored	adj	скучающий, незаинтересованный	
10	Module 5	5e	calm	adj	спокойный	
10	Module 5	5e	certain	adj	уверенный, точный	
10	Module 5	5e	chilly	adj	прохладный	
10	Module 5	5e	cloudless	adj	безоблачный	
10	Module 5	5e	confused	adj	смущенный	
10	Module 5	5e	deafening	adj	оглушающий, очень громкий	
10	Module 5	5e	decorate	v	украшать	
10	Module 5	5e	delighted	adj	довольный, счастливый	
10	Module 5	5e	depressed	adj	подавленный, угнетенный	
10	Module 5	5e	disaster	n	катастрофа, несчастье	
10	Module 5	5e	drip	v	капать, стекать	
10	Module 5	5e	exhausted	adj	истощенный	
10	Module 5	5e	familiar	adj	знакомый	
10	Module 5	5e	float	n	украшенная платформа (здесь)	
10	Module 5	5e	frightened	adj	напуганный	
10	Module 5	5e	gasp	v	ахнуть, вздыхать	
10	Module 5	5e	gigantic	adj	гигантский	
10	Module 5	5e	glad	adj	радостный	
10	Module 5	5e	happily	adv	счастливо, весело	
10	Module 5	5e	hungrily	adv	жадно, как голодный	
10	Module 5	5e	miserable	adj	несчастный	
10	Module 5	5e	panic	v	впадать в панику, терять голову	
10	Module 5	5e	patiently	adv	терпеливо	
10	Module 5	5e	platform	n	платформа	
10	Module 5	5e	pleased	adj	довольный	
10	Module 5	5e	refreshed	adj	отдохнувший	
10	Module 5	5e	relieved	adj	облегченный	
10	Module 5	5e	reunite	v	воссоединяться, собираться вновь	
10	Module 5	5e	scan	v	осматривать	
10	Module 5	5e	scared	adj	напуганный, испуганный	
10	Module 5	5e	scream	v	вопить, визжать	
10	Module 5	5e	separate	v	отделять, разделять	
10	Module 5	5e	shiver	v	дрожать, трястись	
10	Module 5	5e	sip	v	потягивать, пить маленькими глотками	
10	Module 5	5e	slowly	adv	медленно	
10	Module 5	5e	stall	n	лоток, прилавок	
10	Module 5	5e	storm	n	буря, ураган	
10	Module 5	5e	suddenly	adv	внезапно, неожиданно	
10	Module 5	5e	sunlounger	n	шезлонг	
10	Module 5	5e	sure	adj	уверенный	
10	Module 5	5e	terrified	adj	напуганный, ужаснувшийся	
10	Module 5	5e	thrilled	adj	взволнованный, возбужденный	
10	Module 5	5e	tired	adj	уставший	
10	Module 5	5e	unafraid	adj	бесстрашный	
10	Module 5	5e	uncertain	adj	неуверенный, неточный	
10	Module 5	5e	uncontrollably	adv	неудержимо	
10	Module 5	5e	uneasy	adj	беспокойный, встревоженный	
10	Module 5	5e	unpredictable	adj	непредсказуемый	
10	Module 5	5e	violent	adj	жестокий	
10	Module 5	5e	wander	v	бродить, блуждать	
10	Module 5	5e	wildly	adv	дико	
10	Module 5	5e Phrases	a clap of thunder	phr	удар грома	
10	Module 5	5e Phrases	catch a flight	phr	успеть на самолет	
10	Module 5	5e Phrases	freezing cold	phr	очень холодный	
10	Module 5	5e Phrases	go for a walk	phr	гулять	
10	Module 5	5e Phrases	pour with rain	phr	идет дождь	
10	Module 5	5e Phrases	take a look	phr	взглянуть	
10	Module 5	5e Phrases	take a sip	phr	отхлебнуть	
10	Module 5	Culture Corner 5	arsenal	n	склад оружия, арсенал	
10	Module 5	Culture Corner 5	Beefeater	n	служитель охраны лондонского Тауэра, бифитер	
10	Module 5	Culture Corner 5	boat trip	n	прогулка на лодке	
10	Module 5	Culture Corner 5	dome	n	купол	
10	Module 5	Culture Corner 5	faint-hearted	adj	трусливый, нерешительный	
10	Module 5	Culture Corner 5	fortress	n	крепость	
10	Module 5	Culture Corner 5	labyrinth	n	лабиринт	
10	Module 5	Culture Corner 5	lecture	n	лекция	
10	Module 5	Culture Corner 5	medieval	adj	средневековый	
10	Module 5	Culture Corner 5	millennium	n	тысячелетие	
10	Module 5	Culture Corner 5	mirror	n	зеркало	
10	Module 5	Culture Corner 5	palace	n	дворец	
10	Module 5	Culture Corner 5	permanent	adj	постоянный	
10	Module 5	Culture Corner 5	prison	n	тюрьма	
10	Module 5	Culture Corner 5	scary	adj	страшный, пугающий	
10	Module 5	Culture Corner 5	visitor	n	посетитель	
10	Module 5	Culture Corner 5	workshop	n	мастерская	
10	Module 5	Culture Corner 5 Phrases	get a bird's eye view	phr	посмотреть с высоты птичьего полета	
10	Module 5	Culture Corner 5 Phrases	great value for money	phr	разумное использование средств	
10	Module 5	Culture Corner 5 Phrases	have the experience of a lifetime	phr	испытать нечто незабываемое	
10	Module 5	Culture Corner 5 Phrases	hop on and off	phr	садиться и сходить	
10	Module 5	Culture Corner 5 Phrases	scared out of your wits	phr	испуганный до потери сознания	
10	Module 5	Culture Corner 5 Phrases	serve a purpose	phr	подойти, сгодиться	
10	Module 5	Culture Corner 5 Phrases	take a ride	phr	прокатиться	
10	Module 5	Across the Curriculum	arcade	n	галерея игровых автоматов	
10	Module 5	Across the Curriculum	brilliant	adj	блестящий, замечательный	
10	Module 5	Across the Curriculum	café	n	кафе	
10	Module 5	Across the Curriculum	interesting	adj	интересный	
10	Module 5	Across the Curriculum	museum	n	музей	
10	Module 5	Across the Curriculum	stuff	n	оборудование, оснастка	
10	Module 5	Across the Curriculum	sunbathing	n	солнечная ванна	
10	Module 5	Across the Curriculum	surfing	n	серфинг	
10	Module 5	Across the Curriculum Phrases	do some sightseeing	phr	осматривать достопримечательности	
10	Module 5	Across the Curriculum Phrases	go on a guided tour	phr	отправляться на экскурсию в сопровождении экскурсовода	
10	Module 5	Going Green 5	beach ball	n	большой надувной мяч	
10	Module 5	Going Green 5	block	v	блокировать	
10	Module 5	Going Green 5	bucket	n	ведерко	
10	Module 5	Going Green 5	cigarette end	n	окурок	
10	Module 5	Going Green 5	confuse	v	смущать, приводить в замешательство	
10	Module 5	Going Green 5	curious	adj	любопытный	
10	Module 5	Going Green 5	digestive system	n	пищеварительная система	
10	Module 5	Going Green 5	dolphin	n	дельфин	
10	Module 5	Going Green 5	drain	n	канализация	
10	Module 5	Going Green 5	drink can	n	алюминиевая банка	
10	Module 5	Going Green 5	endangered species	n pl	вымирающие виды	
10	Module 5	Going Green 5	enemy	n	враг	
10	Module 5	Going Green 5	examine	v	изучать, обследовать	
10	Module 5	Going Green 5	fisherman	n	рыбак	
10	Module 5	Going Green 5	food wrapper	n	оберточная бумага для пищевых продуктов	
10	Module 5	Going Green 5	horrible	adj	ужасный, противный	
10	Module 5	Going Green 5	injury	n	повреждение, вред	
10	Module 5	Going Green 5	jellyfish	n	медуза	
10	Module 5	Going Green 5	likely	adj	возможный, вероятный	
10	Module 5	Going Green 5	mammal	n	млекопитающее	
10	Module 5	Going Green 5	marine litter	n	морской мусор	
10	Module 5	Going Green 5	organise	v	организовывать	
10	Module 5	Going Green 5	propeller	n	винт	
10	Module 5	Going Green 5	sand	n	песок	
10	Module 5	Going Green 5	sea lion	n	морской лев	
10	Module 5	Going Green 5	sea turtle	n	морская черепаха	
10	Module 5	Going Green 5	seal	n	тюлень, морской котик	
10	Module 5	Going Green 5	solution	n	решение	
10	Module 5	Going Green 5	spade	n	лопата	
10	Module 5	Going Green 5	starve	v	голодать, страдать от голода	
10	Module 5	Going Green 5	stop	v	останавливать	
10	Module 5	Going Green 5	threaten	v	угрожать	
10	Module 5	Going Green 5	toy	n	игрушка	
10	Module 5	Going Green 5 Phrasal verbs	fill up	phr v	заполнять	
10	Module 5	Spotlight on Exams	archaeologist	n	археолог	
10	Module 5	Spotlight on Exams	coffin	n	гроб	
10	Module 5	Spotlight on Exams	death	n	смерть	
10	Module 5	Spotlight on Exams	direction	n	направление	
10	Module 5	Spotlight on Exams	dirt	n	грязь	
10	Module 5	Spotlight on Exams	drawing	n	рисунок	
10	Module 5	Spotlight on Exams	farewell	n	прощание	
10	Module 5	Spotlight on Exams	farmer	n	земледелец	
10	Module 5	Spotlight on Exams	form	n	форма	
10	Module 5	Spotlight on Exams	granite	n	гранит	
10	Module 5	Spotlight on Exams	hieroglyphics	n	иероглифы	
10	Module 5	Spotlight on Exams	jewels	n	драгоценности	
10	Module 5	Spotlight on Exams	journey	n	поездка	
10	Module 5	Spotlight on Exams	limestone	n	известняк	
10	Module 5	Spotlight on Exams	magical	adj	магический, волшебный	
10	Module 5	Spotlight on Exams	marble	n	мрамор	
10	Module 5	Spotlight on Exams	monument	n	памятник	
10	Module 5	Spotlight on Exams	mummy	n	мумия	
10	Module 5	Spotlight on Exams	pyramid	n	пирамида	
10	Module 5	Spotlight on Exams	ramp	n	уклон, скат	
10	Module 5	Spotlight on Exams	ruler	n	правитель	
10	Module 5	Spotlight on Exams	slave	n	раб	
10	Module 5	Spotlight on Exams	square	adj	квадратный	
10	Module 5	Spotlight on Exams	stone	n	камень	
10	Module 5	Spotlight on Exams	survive	v	выживать	
10	Module 5	Spotlight on Exams	tomb	n	могила, мавзолей	
10	Module 5	Spotlight on Exams	tourist destination	n	место, привлекательное для туристов	
10	Module 5	Spotlight on Exams	transfer	v	перевозить	
10	Module 5	Spotlight on Exams	transport	v	перевозить, перемещать	
10	Module 5	Spotlight on Exams	treasure	n	сокровище, драгоценности	
10	Module 5	Spotlight on Exams	tunnel	n	туннель	
10	Module 5	Spotlight on Exams	wonder	n	чудо	
10	Module 5	Spotlight on Exams Phrasal verbs	roll up	phr v	катить, скатывать	
10	Module 6	6a	additive	n	пищевая добавка	
10	Module 6	6a	apple	n	яблоко	
10	Module 6	6a	aubergine	n	баклажан	
10	Module 6	6a	baked	adj	печеный	
10	Module 6	6a	banana	n	банан	
10	Module 6	6a	biscuit	n	печенье	
10	Module 6	6a	bitter	adj	горький	
10	Module 6	6a	boiled	adj	вареный	
10	Module 6	6a	boost	n	стимул, энергия	
10	Module 6	6a	brain	n	мозг	
10	Module 6	6a	bread	n	хлеб	
10	Module 6	6a	broccoli	n	брокколи	
10	Module 6	6a	butter	n	сливочное масло	
10	Module 6	6a	cabbage	n	капуста	
10	Module 6	6a	cake	n	пирожное	
10	Module 6	6a	carrot	n	морковь	
10	Module 6	6a	celery	n	сельдерей	
10	Module 6	6a	cereal	n	злаки, крупа	
10	Module 6	6a	cheese	n	сыр	
10	Module 6	6a	cherry	n	вишня	
10	Module 6	6a	chicken	n	курица	
10	Module 6	6a	chocolate	n	шоколад	
10	Module 6	6a	cinnamon	n	корица	
10	Module 6	6a	complain	v	выражать недовольство, жаловаться	
10	Module 6	6a	concentration	n	сосредоточенность	
10	Module 6	6a	corn	n	кукуруза	
10	Module 6	6a	creative	adj	творческий, творчески одаренный	
10	Module 6	6a	crisps	n pl	чипсы	
10	Module 6	6a	cucumber	n	огурец	
10	Module 6	6a	emotion	n	эмоция, чувство	
10	Module 6	6a	emotionally	adv	эмоционально	
10	Module 6	6a	eyesight	n	зрение	
10	Module 6	6a	fibre	n	клетчатка	
10	Module 6	6a	fig	n	инжир	
10	Module 6	6a	fish	n	рыба	
10	Module 6	6a	fizzy	adj	газированный	
10	Module 6	6a	flop	v	плюхнуться	
10	Module 6	6a	fried	adj	жареный	
10	Module 6	6a	fruit	n	фрукты	
10	Module 6	6a	ginger	n	имбирь	
10	Module 6	6a	grape	n	виноград	
10	Module 6	6a	greedy	adj	прожорливый, жадный	
10	Module 6	6a	grilled	adj	жареный на гриле	
10	Module 6	6a	grin	v	широко улыбаться	
10	Module 6	6a	handful	n	горсть	
10	Module 6	6a	illness	n	болезнь	
10	Module 6	6a	imagine	v	представлять (себе)	
10	Module 6	6a	lemon	n	лимон	
10	Module 6	6a	lemonade	n	лимонад	
10	Module 6	6a	lettuce	n	салат-латук	
10	Module 6	6a	lime	n	лайм	
10	Module 6	6a	main course	n	основное блюдо	
10	Module 6	6a	mango	n	манго	
10	Module 6	6a	meat	n	мясо	
10	Module 6	6a	melon	n	дыня	
10	Module 6	6a	milk	n	молоко	
10	Module 6	6a	minerals	n pl	минеральные вещества	
10	Module 6	6a	oil	n	растительное масло	
10	Module 6	6a	oily	adj	жирный, маслянистый	
10	Module 6	6a	optimistic	adj	оптимистичный	
10	Module 6	6a	orange	n	апельсин	
10	Module 6	6a	pea	n	горох, горошина	
10	Module 6	6a	peach	n	персик	
10	Module 6	6a	pear	n	груша	
10	Module 6	6a	physical	adj	физический	
10	Module 6	6a	physically	adv	физически	
10	Module 6	6a	pineapple	n	ананас	
10	Module 6	6a	plum	n	слива	
10	Module 6	6a	potatoes	n pl	картофель	
10	Module 6	6a	protein	n	белок	
10	Module 6	6a	pumpkin	n	тыква	
10	Module 6	6a	raspberry	n	малина	
10	Module 6	6a	raw	adj	сырой	
10	Module 6	6a	rice	n	рис	
10	Module 6	6a	roasted	adj	жареный	
10	Module 6	6a	rumble	v	урчать	
10	Module 6	6a	slice	n	ломтик	
10	Module 6	6a	soothing	adj	успокаивающий	
10	Module 6	6a	spice	n	специя	
10	Module 6	6a	steamed	adj	приготовленный на пару	
10	Module 6	6a	still	adj	негазированный (о воде)	
10	Module 6	6a	strawberry	n	клубника	
10	Module 6	6a	sweet	n	конфета	
10	Module 6	6a	toasted	adj	зажаренный	
10	Module 6	6a	tomato	n	помидор	
10	Module 6	6a	treat	v	угощать	
10	Module 6	6a	tummy	n	живот	
10	Module 6	6a	vegetables	n	овощи	
10	Module 6	6a	vitamin	n	витамин	
10	Module 6	6a	watermelon	n	арбуз	
10	Module 6	6a	wrinkle	n	морщина	
10	Module 6	6a	yoghurt	n	йогурт	
10	Module 6	6a Phrases	do the gardening	phr	заниматься садоводством	
10	Module 6	6a Phrases	feel down in the dumps	phr	находиться в унынии	
10	Module 6	6b	doughnut	n	пончик	
10	Module 6	6b	indigestion	n	расстройство желудка	
10	Module 6	6b	itchy	adj	зудящий	
10	Module 6	6b	mind	n	разум	
10	Module 6	6b	nut	n	орех	
10	Module 6	6b	overweight	adj	полный (о человеке)	
10	Module 6	6b	pale	adj	бледный	
10	Module 6	6b	seed	n	семечко	
10	Module 6	6b	skinny	adj	очень худой, тощий	
10	Module 6	6b	sleepy	adj	сонный	
10	Module 6	6b	sore	adj	болезненный, причиняющий боль	
10	Module 6	6b	spicy	adj	острый (о еде)	
10	Module 6	6b	stomach ache	n	боль в желудке	
10	Module 6	6b	sugary	adj	сладкий	
10	Module 6	6b	teaspoon	n	чайная ложка	
10	Module 6	6b	tiredness	n	усталость	
10	Module 6	6b	tooth decay	n	разрушение, гниение зубов	
10	Module 6	6b	toothache	n	зубная боль	
10	Module 6	6b	underweight	adj	неполновесный, с недостаточным весом	
10	Module 6	6b	waistline	n	талия	
10	Module 6	6b	well-balanced	adj	сбалансированный	
10	Module 6	6b Phrasal verbs	call over	phr v	позвать, вызывать	
10	Module 6	6b Phrasal verbs	cut down	phr v	сокращать	
10	Module 6	6b Phrasal verbs	cut out	phr v	исключать	
10	Module 6	6b Phrases	catch a cold	phr	простудиться	
10	Module 6	6b Idioms	off colour	idm	нездоровый	
10	Module 6	6b Idioms	on one's feet	idm	выздороветь, оправиться после болезни	
10	Module 6	6b Idioms	get oneself back into shape	idm	привести себя в порядок	
10	Module 6	6b Idioms	take a turn for the worse	idm	измениться к худшему	
10	Module 6	6c	dietician	n	диетолог	
10	Module 6	6c	gentle	adj	мягкий, добрый	
10	Module 6	6c	grain	n	зерно	
10	Module 6	6c	headache	n	головная боль	
10	Module 6	6c	injection	n	укол, инъекция	
10	Module 6	6c	jumper	n	джемпер	
10	Module 6	6c	jungle	n	джунгли	
10	Module 6	6c	painful	adj	болезненный	
10	Module 6	6c	prawn	n	креветка	
10	Module 6	6c	purse	n	кошелек	
10	Module 6	6c	skimmed	adj	обезжиренное (о молоке)	
10	Module 6	6c	wallet	n	бумажник	
10	Module 6	6c Phrasal verbs	give away	phr v	дарить, отдавать	
10	Module 6	6c Phrasal verbs	give back	phr v	возвращать	
10	Module 6	6c Phrasal verbs	give off	phr v	выделять, излучать	
10	Module 6	6c Phrasal verbs	give up	phr v	бросать (привычку), отказываться	
10	Module 6	6c Phrasal verbs	put on	phr v	набирать (вес)	
10	Module 6	6c Words often confused	ache/pain	n	тупая, ноющая боль/страдание, боль	
10	Module 6	6c Words often confused	prescription/recipe	n	рецепт (медицинский)/рецепт (кулинарный)	
10	Module 6	6c Words often confused	rotten/sour	adj	тухлый/кислый	
10	Module 6	6c Words often confused	treat/cure	v	лечить/излечивать, вылечить	
10	Module 6	6c Words often confused	cure/heal	v	излечивать/исцелять	
10	Module 6	6d	accommodation	n	жилье	
10	Module 6	6d	appetite	n	аппетит	
10	Module 6	6d	apron	n	передник	
10	Module 6	6d	assistant	n	помощник	
10	Module 6	6d	bakery	n	пекарня, булочная	
10	Module 6	6d	brick	n	кирпич, брусок	
10	Module 6	6d	companion	n	товарищ	
10	Module 6	6d	copper	n	медь	
10	Module 6	6d	criminal	n	преступник	
10	Module 6	6d	cruelty	n	жестокость	
10	Module 6	6d	debt	n	долг	
10	Module 6	6d	dishonesty	n	нечестность	
10	Module 6	6d	drawn	adj	нерешенный	
10	Module 6	6d	eager	adj	страстно желающий, жаждущий	
10	Module 6	6d	eventual	adj	окончательный	
10	Module 6	6d	finger	n	палец	
10	Module 6	6d	forgive	v	прощать	
10	Module 6	6d	fortune	n	удача, судьба	
10	Module 6	6d	gaze	v	уставиться, пристально глядеть	
10	Module 6	6d	glance	v	взглянуть	
10	Module 6	6d	glare	v	свирепо смотреть	
10	Module 6	6d	grace	n	молитва	
10	Module 6	6d	gruel	n	каша	
10	Module 6	6d	hunger	n	голод	
10	Module 6	6d	improvement	n	улучшение	
10	Module 6	6d	kindness	n	доброта	
10	Module 6	6d	ladle	n	половник	
10	Module 6	6d	ladleful	n	полный половник	
10	Module 6	6d	lick	v	лизать, облизывать	
10	Module 6	6d	matter	n	значение	
10	Module 6	6d	nudge	v	подталкивать	
10	Module 6	6d	own	v	владеть	
10	Module 6	6d	paralyse	v	парализовать	
10	Module 6	6d	peep	v	заглядывать, подглядывать	
10	Module 6	6d	peer	v	вглядываться	
10	Module 6	6d	polish	v	полировать	
10	Module 6	6d	prayer	n	молитва	
10	Module 6	6d	selfishness	n	эгоизм	
10	Module 6	6d	shriek	v	орать, выкрикивать	
10	Module 6	6d	splash	n	капелька	
10	Module 6	6d	stare	v	пристально смотреть, таращить глаза	
10	Module 6	6d	starvation	n	голодная смерть	
10	Module 6	6d	stray	adj	случайный	
10	Module 6	6d	task	n	задание, дело	
10	Module 6	6d	theme	n	основная мысль, сюжет	
10	Module 6	6d	totally	adv	полностью, абсолютно	
10	Module 6	6d	whisper	v	шептать	
10	Module 6	6d	wink	v	подмигивать	
10	Module 6	6d	workhouse	n	мастерская, работный дом	
10	Module 6	6d Phrases	catch a glimpse of	phr	увидеть мельком	
10	Module 6	6d Phrases	catch sight of	phr	заметить, увидеть	
10	Module 6	6d Phrases	take advantage of	phr	воспользоваться чем-либо	
10	Module 6	6d Idioms	a piece of cake	idm	пустячное дело	
10	Module 6	6d Idioms	as cool as a cucumber	idm	абсолютно спокойный	
10	Module 6	6d Idioms	cry over spilt milk	idm	что сделано, то сделано	
10	Module 6	6d Idioms	in hot water	idm	в заботах, в хлопотах	
10	Module 6	6d Idioms	it's not my cup of tea	idm	это не по мне	
10	Module 6	6e	adequate	adj	соответствующий	
10	Module 6	6e	assess	v	оценивать, давать оценку	
10	Module 6	6e	background	n	фон	
10	Module 6	6e	book	v	заказывать, резервировать	
10	Module 6	6e	booking	n	резервирование, бронирование билетов	
10	Module 6	6e	choice	n	выбор	
10	Module 6	6e	cosy	adj	уютный	
10	Module 6	6e	decor	n	оформление, декор	
10	Module 6	6e	dish	n	блюдо	
10	Module 6	6e	consequently	adv	следовательно, в результате	
10	Module 6	6e	efficient	adj	эффективный, действенный	
10	Module 6	6e	effort	n	усилие	
10	Module 6	6e	essential	adj	необходимый	
10	Module 6	6e	fault	n	недостаток	
10	Module 6	6e	funky	adj	в стиле «фанк» (о музыке)	
10	Module 6	6e	furthermore	adv	кроме того	
10	Module 6	6e	helpful	adj	услужливый, полезный	
10	Module 6	6e	inexperienced	adj	неопытный	
10	Module 6	6e	international	adj	международный	
10	Module 6	6e	limited	adj	ограниченный	
10	Module 6	6e	menu	n	меню	
10	Module 6	6e	point	n	особенность	
10	Module 6	6e	popular	adj	популярный	
10	Module 6	6e	popularity	n	популярность	
10	Module 6	6e	presentation	n	презентация, представление	
10	Module 6	6e	price	n	цена	
10	Module 6	6e	professional	adj	профессиональный	
10	Module 6	6e	purpose	n	цель	
10	Module 6	6e	queue	v	стоять в очереди	
10	Module 6	6e	reasonable	adj	умеренный, сносный	
10	Module 6	6e	regret	v	(со)жалеть	
10	Module 6	6e	report	n	доклад	
10	Module 6	6e	representative	n	член, представитель	
10	Module 6	6e	restaurant	n	ресторан	
10	Module 6	6e	school canteen	n	школьная столовая	
10	Module 6	6e	service	n	обслуживание	
10	Module 6	6e	standard	n	норма, стандарт	
10	Module 6	6e	superior	adj	превосходный	
10	Module 6	6e	tasteless	adj	безвкусный	
10	Module 6	6e	tasty	adj	вкусный	
10	Module 6	6e	trendy	adj	ультрамодный	
10	Module 6	6e	unacceptable	adj	неприемлемый	
10	Module 6	6e	unavoidable	adj	неизбежный	
10	Module 6	6e	unhealthy	adj	нездоровый	
10	Module 6	6e	upbeat	adj	жизнерадостный	
10	Module 6	6e	value	n	цена	
10	Module 6	6e	varied	adj	различный, меняющийся	
10	Module 6	6e	variety	n	разнообразие	
10	Module 6	6e	various	adj	разнообразный	
10	Module 6	6e	vegetarian	n	вегетарианец	
10	Module 6	6e	venue	n	место	
10	Module 6	6e	warm	adj	теплый	
10	Module 6	6e	wide	adj	широкий	
10	Module 6	6e Phrases	cost a fortune	phr	влететь в копеечку	
10	Module 6	6e Phrases	I would strongly recommend	phr	я бы настойчиво рекомендовал	
10	Module 6	6e Phrases	in advance	phr	заранее, заблаговременно	
10	Module 6	6e Phrases	it takes ages	phr	на это уйдут годы	
10	Module 6	6e Phrases	on offer	phr	в наличии, в меню	
10	Module 6	6e Phrases	on the whole	phr	в общем, в целом	
10	Module 6	6e Phrases	well worth the money	phr	стоящий этих денег	
10	Module 6	Culture Corner 6	accompany	v	сопровождать	
10	Module 6	Culture Corner 6	bagpiper	n	волынщик	
10	Module 6	Culture Corner 6	celebrate	v	праздновать	
10	Module 6	Culture Corner 6	entertaining	adj	развлекательный, забавный	
10	Module 6	Culture Corner 6	entertainment	n	развлечение, увеселение	
10	Module 6	Culture Corner 6	haggis	n	шотландское блюдо, бараний рубец, начиненный потрохами со специями	
10	Module 6	Culture Corner 6	heart	n	сердце	
10	Module 6	Culture Corner 6	host	n	хозяин, хозяйка	
10	Module 6	Culture Corner 6	knife	n	нож	
10	Module 6	Culture Corner 6	liver	n	печень	
10	Module 6	Culture Corner 6	lung	n	легкое	
10	Module 6	Culture Corner 6	mashed	adj	размятый, растертый	
10	Module 6	Culture Corner 6	oatcake	n	овсяное печенье	
10	Module 6	Culture Corner 6	pipe	v	играть (на волынке)	
10	Module 6	Culture Corner 6	poet	n	поэт	
10	Module 6	Culture Corner 6	recite	v	читать вслух и наизусть	
10	Module 6	Culture Corner 6	Scottish	adj	шотландский	
10	Module 6	Culture Corner 6	sharp	adj	острый	
10	Module 6	Culture Corner 6	sherry trifle	n	бисквит, пропитанный вином	
10	Module 6	Culture Corner 6	starter	n	закуска	
10	Module 6	Culture Corner 6	supper	n	ужин	
10	Module 6	Culture Corner 6	toast	v	говорить тост	
10	Module 6	Culture Corner 6	tradition	n	традиция	
10	Module 6	Culture Corner 6	turnip	n	репа	
10	Module 6	Culture Corner 6	welcome	v	приветствовать	
10	Module 6	Culture Corner 6 Phrases	be in for a treat	phr	быть угощенным	
10	Module 6	Across the Curriculum	acid	n	кислота	
10	Module 6	Across the Curriculum	attached	adj	прикрепленный	
10	Module 6	Across the Curriculum	bacteria	n pl	бактерии	
10	Module 6	Across the Curriculum	bite	v	кусать, надкусывать	
10	Module 6	Across the Curriculum	blood vessel	n	кровеносный сосуд	
10	Module 6	Across the Curriculum	calcium	n	кальций	
10	Module 6	Across the Curriculum	canine	n	клык	
10	Module 6	Across the Curriculum	cell	n	клетка	
10	Module 6	Across the Curriculum	cementum	n	цемент	
10	Module 6	Across the Curriculum	chew	v	жевать, пережевывать	
10	Module 6	Across the Curriculum	crown	n	коронка	
10	Module 6	Across the Curriculum	dentin	n	дентин	
10	Module 6	Across the Curriculum	enamel	n	эмаль	
10	Module 6	Across the Curriculum	fasten	v	прикреплять	
10	Module 6	Across the Curriculum	fluoride	n	фтор	
10	Module 6	Across the Curriculum	grasp	v	хватать, зажимать	
10	Module 6	Across the Curriculum	grind	v	перемалывать, толочь	
10	Module 6	Across the Curriculum	gum	n	десна	
10	Module 6	Across the Curriculum	human	n	человек	
10	Module 6	Across the Curriculum	incisor	n	резец	
10	Module 6	Across the Curriculum	jaw bone	n	челюстная кость	
10	Module 6	Across the Curriculum	layer	n	слой	
10	Module 6	Across the Curriculum	main	adj	основной, главный	
10	Module 6	Across the Curriculum	milk teeth	n pl	молочные зубы	
10	Module 6	Across the Curriculum	molar	n	коренной зуб	
10	Module 6	Across the Curriculum	nerve	n	нерв	
10	Module 6	Across the Curriculum	outer	adj	внешний, наружный	
10	Module 6	Across the Curriculum	part	n	часть	
10	Module 6	Across the Curriculum	permanent teeth	n pl	постоянные зубы	
10	Module 6	Across the Curriculum	pulp	n	пульпа, мякоть зуба	
10	Module 6	Across the Curriculum	root	n	корень	
10	Module 6	Across the Curriculum	securely	adv	надежно	
10	Module 6	Across the Curriculum	tear	v	рвать	
10	Module 6	Across the Curriculum	toothpaste	n	зубная паста	
10	Module 6	Across the Curriculum	unseen	adj	невидимый	
10	Module 6	Across the Curriculum Phrases	in good condition	phr	в хорошем состоянии	
10	Module 6	Across the Curriculum Phrases	in the middle	phr	посередине	
10	Module 6	Going Green 6	beneficial	adj	полезный	
10	Module 6	Going Green 6	combat	v	бороться	
10	Module 6	Going Green 6	crop	n	урожай	
10	Module 6	Going Green 6	ecosystem	n	экосистема	
10	Module 6	Going Green 6	environment	n	окружающая среда	
10	Module 6	Going Green 6	farmer	n	фермер	
10	Module 6	Going Green 6	fertiliser	n	удобрение	
10	Module 6	Going Green 6	field	n	поле	
10	Module 6	Going Green 6	flame	n	пламя	
10	Module 6	Going Green 6	greenfly	n	тля	
10	Module 6	Going Green 6	insect	n	насекомое	
10	Module 6	Going Green 6	insecticide	n	препарат для уничтожения насекомых, инсектицид	
10	Module 6	Going Green 6	intensive	adj	интенсивный	
10	Module 6	Going Green 6	ladybird	n	божья коровка	
10	Module 6	Going Green 6	machinery	n	техника, машины	
10	Module 6	Going Green 6	maintain	v	поддерживать	
10	Module 6	Going Green 6	man-made	adj	сделанный человеком	
10	Module 6	Going Green 6	manure	n	навоз	
10	Module 6	Going Green 6	method	n	метод	
10	Module 6	Going Green 6	natural	adj	натуральный, естественный	
10	Module 6	Going Green 6	nutrient	n	питательное вещество	
10	Module 6	Going Green 6	organic farming	n	органическое земледелие	
10	Module 6	Going Green 6	peelings	n pl	кожура, очистки	
10	Module 6	Going Green 6	pest control	n	борьба с вредителями	
10	Module 6	Going Green 6	pesticide	n	пестицид, ядохимикат	
10	Module 6	Going Green 6	plant	v	сажать	
10	Module 6	Going Green 6	produce	v	производить	
10	Module 6	Going Green 6	reduce	v	снижать, уменьшать	
10	Module 6	Going Green 6	richness	n	плодородие, богатство	
10	Module 6	Going Green 6	rotating	adj	сменяющий одну сельскохозяйственную культуру за другой	
10	Module 6	Going Green 6	spray	v	распылять, опрыскивать	
10	Module 6	Going Green 6	tool	n	инструмент	
10	Module 6	Going Green 6	tractor	n	трактор	
10	Module 6	Going Green 6	weed	n	сорняк	
10	Module 6	Spotlight on Exams	beef	n	говядина	
10	Module 6	Spotlight on Exams	beetroot	n	свекла	
10	Module 6	Spotlight on Exams	castle	n	замок, дворец	
10	Module 6	Spotlight on Exams	deliver	v	доставлять	
10	Module 6	Spotlight on Exams	diced	adj	нарезанный кубиками	
10	Module 6	Spotlight on Exams	fast food	n	еда на скорую руку	
10	Module 6	Spotlight on Exams	fatty	adj	жирный	
10	Module 6	Spotlight on Exams	fresh	adj	свежий	
10	Module 6	Spotlight on Exams	grab	v	хватать, схватить	
10	Module 6	Spotlight on Exams	ingredient	n	составная часть, ингредиент	
10	Module 6	Spotlight on Exams	lemon juice	n	лимонный сок	
10	Module 6	Spotlight on Exams	minced	adj	рубленый	
10	Module 6	Spotlight on Exams	pastry	n	кондитерские изделия	
10	Module 6	Spotlight on Exams	peeled	adj	очищенный	
10	Module 6	Spotlight on Exams	pickled	adj	маринованный	
10	Module 6	Spotlight on Exams	reputation	n	репутация	
10	Module 6	Spotlight on Exams	salad	n	салат	
10	Module 6	Spotlight on Exams	sandwich	n	бутерброд, сэндвич	
10	Module 6	Spotlight on Exams	selection	n	выбор	
10	Module 6	Spotlight on Exams	shredded	adj	резаный	
10	Module 6	Spotlight on Exams	soup	n	суп	
10	Module 6	Spotlight on Exams	suit	v	годиться	
10	Module 6	Spotlight on Exams	takeaway food	n	еда на вынос (с собой)	
10	Module 6	Spotlight on Exams	wedding cake	n	свадебный торт	
10	Module 6	Spotlight on Exams	wholesome	adj	полезный, здоровый	
10	Module 7	7a	addict	n	раб привычки, фанатик	
10	Module 7	7a	admit	v	признавать	
10	Module 7	7a	album	n	альбом	
10	Module 7	7a	anti-social	adj	антиобщественный	
10	Module 7	7a	best seller	n	хит продаж, бестселлер	
10	Module 7	7a	blare	v	громко играть	
10	Module 7	7a	box office	n	театральная касса	
10	Module 7	7a	cast	n	труппа, актерский состав	
10	Module 7	7a	catchy	adj	легко запоминающийся, привлекательный	
10	Module 7	7a	cinema	n	кинотеатр	
10	Module 7	7a	critic	n	критик	
10	Module 7	7a	direct	v	режиссировать, руководить съемками	
10	Module 7	7a	educational	adj	образовательный	
10	Module 7	7a	generation	n	поколение	
10	Module 7	7a	gripping	adj	захватывающий	
10	Module 7	7a	heading	n	заголовок	
10	Module 7	7a	incredible	adj	невероятный	
10	Module 7	7a	label	v	прикреплять ярлык, относить к	
10	Module 7	7a	mall	n	торговый центр	
10	Module 7	7a	moving	adj	волнующий, трогательный	
10	Module 7	7a	musical	n	мюзикл	
10	Module 7	7a	pointless	adj	бессмысленный	
10	Module 7	7a	predictable	adj	предсказуемый	
10	Module 7	7a	record	v	записывать	
10	Module 7	7a	relaxing	adj	расслабляющий	
10	Module 7	7a	repetitive	adj	повторяющийся	
10	Module 7	7a	reserve	v	резервировать, бронировать	
10	Module 7	7a	review	n	обзор	
10	Module 7	7a	script	n	сценарий	
10	Module 7	7a	square-eyed	adj	с квадратными глазами	
10	Module 7	7a	stage	n	сцена	
10	Module 7	7a	star	v	играть главную роль	
10	Module 7	7a	storyline	n	сюжетная линия	
10	Module 7	7a	subtitle	n	субтитр	
10	Module 7	7a	theatre	n	театр	
10	Module 7	7a	tune	n	мелодия, мотив	
10	Module 7	7a	unfair	adj	несправедливый	
10	Module 7	7a	unwind	v	расслабиться, развеяться	
10	Module 7	7a Phrasal verbs	sing along	phr v	петь вместе	
10	Module 7	7a Phrases	couch potato	phr	лентяй, домосед	
10	Module 7	7a Phrases	(it's such) a good laugh	phr	это так весело	
10	Module 7	7a Phrases	take it or leave it	phr	все равно, безразлично	
10	Module 7	7a Phrases	you can't beat the atmosphere	phr	ничто не может сравниться	
10	Module 7	7b	aisle	n	проход между рядами	
10	Module 7	7b	balcony	n	балкон	
10	Module 7	7b	ballet	n	балет	
10	Module 7	7b	booked	adj	зарезервированный, забронированный	
10	Module 7	7b	curtain	n	занавес	
10	Module 7	7b	empty	adj	пустой, свободный	
10	Module 7	7b	fully	adv	полностью	
10	Module 7	7b	further	adv	дальше	
10	Module 7	7b	music concert	n	музыкальный концерт	
10	Module 7	7b	opera	n	опера	
10	Module 7	7b	orchestra	n	оркестр	
10	Module 7	7b	performance	n	представление	
10	Module 7	7b	play	n	пьеса	
10	Module 7	7b	row	n	ряд	
10	Module 7	7b	seat	n	место	
10	Module 7	7b	stalls	n pl	партер	
10	Module 7	7b	surroundings	n pl	обстановка, место	
10	Module 7	7b	usher	n	билетер	
10	Module 7	7b Phrases	be about to	phr	собираться, намереваться	
10	Module 7	7b Phrases	oh my goodness	phr	боже мой	
10	Module 7	7b Idioms	a one hit wonder	idm	певец-однодневка	
10	Module 7	7b Idioms	be hard of hearing	idm	плохо слышать	
10	Module 7	7b Idioms	it's daylight robbery	idm	грабеж средь бела дня	
10	Module 7	7b Idioms	sell like hot cakes	idm	быть нарасхват	
10	Module 7	7c	air-conditioned	adj	оборудованный кондиционером	
10	Module 7	7c	applaud	v	аплодировать	
10	Module 7	7c	chase	v	преследовать, гнаться	
10	Module 7	7c	choreographer	n	хореограф	
10	Module 7	7c	director	n	режиссер	
10	Module 7	7c	far-fetched	adj	неестественный, неправдоподобный, невероятный	
10	Module 7	7c	film	n/v	фильм, снимать (фильм)	
10	Module 7	7c	lifelike	adj	словно живой	
10	Module 7	7c	magnificent	adj	великолепный, изумительный	
10	Module 7	7c	mayor	n	мэр	
10	Module 7	7c	mouth-watering	adj	аппетитный	
10	Module 7	7c	multi-storey	adj	многоэтажный	
10	Module 7	7c	project	v	демонстрировать, проецировать	
10	Module 7	7c	promise	v	обещать	
10	Module 7	7c	record-breaking	adj	бьющий рекорды	
10	Module 7	7c	red-blooded	adj	сильный, энергичный	
10	Module 7	7c	show	n	шоу	
10	Module 7	7c	self-centred	adj	эгоистичный	
10	Module 7	7c	sound	n	звук	
10	Module 7	7c	television	n	телевидение	
10	Module 7	7c	time-consuming	adj	требующий времени	
10	Module 7	7c	ultimate	adj	последний	
10	Module 7	7c Phrasal verbs	turn down	phr v	убавлять (громкость), отказывать(ся)	
10	Module 7	7c Phrasal verbs	turn off	phr v	выключать	
10	Module 7	7c Phrasal verbs	turn on	phr v	включать	
10	Module 7	7c Phrasal verbs	turn over	phr v	переключать (каналы), переворачивать	
10	Module 7	7c Phrases	all over the world	phr	по всему миру	
10	Module 7	7c Phrases	fall in love	phr	влюбиться, полюбить	
10	Module 7	7c Words often confused	audience/group	n	аудитория/группа	
10	Module 7	7c Words often confused	viewer/spectator	n	телезритель/зритель	
10	Module 7	7c Words often confused	act/play	v	играть (в театре)/играть	
10	Module 7	7c Words often confused	set/setting	n	съемочная площадка	
10	Module 7	7d	absence	n	отсутствие	
10	Module 7	7d	badly-dressed	adj	плохо одетый	
10	Module 7	7d	brat	n	ребенок, дитя	
10	Module 7	7d	cellar	n	подвал	
10	Module 7	7d	chorus	n	хор	
10	Module 7	7d	claim	v	заявлять	
10	Module 7	7d	complexion	n	цвет лица	
10	Module 7	7d	court reporter	n	судебный секретарь	
10	Module 7	7d	dare	v	рисковать, посметь	
10	Module 7	7d	dressing-table	n	туалетный столик	
10	Module 7	7d	elegantly	adv	элегантно, изящно	
10	Module 7	7d	engraving	n	гравюра	
10	Module 7	7d	extraordinarily	adv	необычайно, удивительно	
10	Module 7	7d	flee	v	убегать, исчезать	
10	Module 7	7d	frame	n	остов, каркас	
10	Module 7	7d	furniture	n	мебель	
10	Module 7	7d	gala	n	гала-представление	
10	Module 7	7d	genius	n	гений	
10	Module 7	7d	ghost	n	привидение	
10	Module 7	7d	glory	n	слава, триумф	
10	Module 7	7d	grow	v	расти	
10	Module 7	7d	history	n	история	
10	Module 7	7d	ignore	v	игнорировать, не замечать	
10	Module 7	7d	ink	n	чернила	
10	Module 7	7d	invade	v	занимать, захватывать	
10	Module 7	7d	invisible	adj	невидимый	
10	Module 7	7d	joke	n	шутка	
10	Module 7	7d	legend	n	легенда	
10	Module 7	7d	lock	n	локон, пучок волос	
10	Module 7	7d	opera house	n	оперный театр	
10	Module 7	7d	palace	n	дворец	
10	Module 7	7d	passage	n	коридор, проход	
10	Module 7	7d	peculiar	adj	особый, отличный от других	
10	Module 7	7d	plainly	adv	отчетливо, ясно	
10	Module 7	7d	pretend	v	притворяться, разыгрывать из себя	
10	Module 7	7d	proportion	n	пропорция	
10	Module 7	7d	pupil	n	зрачок	
10	Module 7	7d	quarrel	v	ссориться	
10	Module 7	7d	resign	v	отказываться от должности, уходить в отставку	
10	Module 7	7d	retirement	n	отъезд, отставка	
10	Module 7	7d	ruined	adj	загубленный	
10	Module 7	7d	rush	v	вбегать, врываться	
10	Module 7	7d	shadow	n	тень	
10	Module 7	7d	shake	v	трясти, дрожать	
10	Module 7	7d	silent	adj	тихий, безмолвный	
10	Module 7	7d	skeleton	n	скелет	
10	Module 7	7d	skull	n	череп	
10	Module 7	7d	smack	v	смаковать, наслаждаться	
10	Module 7	7d	spectre	n	призрак, видение	
10	Module 7	7d	speech	n	речь	
10	Module 7	7d	stage designer	n	театральный декоратор	
10	Module 7	7d	staircase	n	лестница	
10	Module 7	7d	stalk	v	скрытно передвигаться	
10	Module 7	7d	superstitious	adj	суеверный	
10	Module 7	7d	terrorise	v	устрашать, вселять страх	
10	Module 7	7d	theatre critic	n	театральный критик	
10	Module 7	7d	translate	v	переводить	
10	Module 7	7d	trembling	adj	дрожащий, прерывающийся	
10	Module 7	7d	undertaker	n	сотрудник похоронного бюро	
10	Module 7	7d	unnaturally	adv	неестественно	
10	Module 7	7d	upturned	adj	вздернутый	
10	Module 7	7d	vanish	v	исчезать, скрываться из виду	
10	Module 7	7d Phrases	at ease	phr	непринужденный	
10	Module 7	7d Phrases	drop with a moan	phr	плюхнуться кряхтя	
10	Module 7	7d Phrases	in terror	phr	с ужасом	
10	Module 7	7e	addicted	adj	пристрастившийся, склонный	
10	Module 7	7e	battle	n	битва, сражение	
10	Module 7	7e	believable	adj	вероятный, правдоподобный	
10	Module 7	7e	book blurb	n	аннотация книги	
10	Module 7	7e	charming	adj	очаровательный, обаятельный	
10	Module 7	7e	complicated	adj	сложный	
10	Module 7	7e	convincing	adj	убедительный	
10	Module 7	7e	dreadful	adj	ужасный, страшный	
10	Module 7	7e	fabulous	adj	потрясающий, невероятный	
10	Module 7	7e	graphics	n	графика (компьютерная)	
10	Module 7	7e	irritating	adj	раздражающий	
10	Module 7	7e	laughable	adj	смешной, забавный, смехотворный	
10	Module 7	7e	likeable	adj	привлекательный, милый	
10	Module 7	7e	lyrics	n	слова, стихи (песни)	
10	Module 7	7e	masterpiece	n	шедевр	
10	Module 7	7e	message board	n	форум (о сайте)	
10	Module 7	7e	original	adj	оригинальный	
10	Module 7	7e	outstanding	adj	знаменитый, выдающийся	
10	Module 7	7e	princess	n	принцесса	
10	Module 7	7e	realistic	adj	реалистичный	
10	Module 7	7e	remake	n	новая версия, римейк	
10	Module 7	7e	stunning	adj	оглушительный, сногсшибательный	
10	Module 7	7e	successful	adj	успешный	
10	Module 7	7e	suspense	n	неизвестность, беспокойство, напряжение	
10	Module 7	7e	terrifying	adj	ужасающий, устрашающий	
10	Module 7	7e	track	n	композиция, трек	
10	Module 7	7e	tragic	adj	трагичный	
10	Module 7	7e	unconvincing	adj	неубедительный	
10	Module 7	7e	unimaginative	adj	лишенный воображения	
10	Module 7	7e	unimpressive	adj	невпечатляющий	
10	Module 7	7e	unlikable	adj	непривлекательный	
10	Module 7	7e	unoriginal	adj	неоригинальный	
10	Module 7	7e	video game	n	видеоигра	
10	Module 7	Culture Corner 7	capital	n	столица	
10	Module 7	Culture Corner 7	exhibition	n	выставка	
10	Module 7	Culture Corner 7	explore	v	исследовать	
10	Module 7	Culture Corner 7	fantasy	n	фантазия	
10	Module 7	Culture Corner 7	footballer	n	футболист	
10	Module 7	Culture Corner 7	housekeeper	n	экономка	
10	Module 7	Culture Corner 7	landmark	n	достопримечательность	
10	Module 7	Culture Corner 7	life-sized	adj	в натуральную величину	
10	Module 7	Culture Corner 7	model	n	модель, макет	
10	Module 7	Culture Corner 7	state-of-the-art	adj	новейший, современный	
10	Module 7	Culture Corner 7	voyage	n	путешествие	
10	Module 7	Culture Corner 7	wax	n	воск	
10	Module 7	Culture Corner 7	wax modelling	n	создание восковых фигур	
10	Module 7	Culture Corner 7 Phrasal verbs	bump into	phr v	наткнуться на	
10	Module 7	Culture Corner 7 Phrasal verbs	settle in	phr v	переехать, устроиться	
10	Module 7	Across the Curriculum	amateur	n	любитель, непрофессионал	
10	Module 7	Across the Curriculum	armed	adj	вооруженный	
10	Module 7	Across the Curriculum	artificially	adv	искусственно	
10	Module 7	Across the Curriculum	band	n	группа	
10	Module 7	Across the Curriculum	compose	v	сочинять	
10	Module 7	Across the Curriculum	creativity	n	творческие способности	
10	Module 7	Across the Curriculum	development	n	развитие	
10	Module 7	Across the Curriculum	distortion	n	искажение	
10	Module 7	Across the Curriculum	distribute	v	распространять	
10	Module 7	Across the Curriculum	echo	n	отраженный звук, эхо	
10	Module 7	Across the Curriculum	electronic	adj	электронный	
10	Module 7	Across the Curriculum	empower	v	давать возможность	
10	Module 7	Across the Curriculum	enthusiasm	n	энтузиазм, воодушевление	
10	Module 7	Across the Curriculum	generated	adj	полученный в результате, сгенерированный	
10	Module 7	Across the Curriculum	heavy metal music	n	музыка в стиле хеви-метал	
10	Module 7	Across the Curriculum	hum	v	напевать	
10	Module 7	Across the Curriculum	instrument	n	инструмент	
10	Module 7	Across the Curriculum	mix	v	микшировать, соединять, смешивать	
10	Module 7	Across the Curriculum	musician	n	музыкант	
10	Module 7	Across the Curriculum	revolution	n	революция	
10	Module 7	Across the Curriculum	signal	n	сигнал	
10	Module 7	Across the Curriculum	technique	n	технология	
10	Module 7	Across the Curriculum	triumph	n	триумф, торжество	
10	Module 7	Going Green 7	blank	adj	чистый, неисписанный	
10	Module 7	Going Green 7	cardboard box	n	картонная коробка	
10	Module 7	Going Green 7	carton	n	упаковка для яиц (здесь)	
10	Module 7	Going Green 7	chemical	adj	химический	
10	Module 7	Going Green 7	chop	v	нарезать	
10	Module 7	Going Green 7	communicate	v	общаться	
10	Module 7	Going Green 7	conserve	v	сберегать, сохранять	
10	Module 7	Going Green 7	glossy	adj	глянцевый	
10	Module 7	Going Green 7	harvest	v	заготавливать (древесину)	
10	Module 7	Going Green 7	hole punch	n	дырокол	
10	Module 7	Going Green 7	illustrate	v	иллюстрировать	
10	Module 7	Going Green 7	line	v	застилать	
10	Module 7	Going Green 7	magazine	n	журнал	
10	Module 7	Going Green 7	matt	adj	матовый	
10	Module 7	Going Green 7	newspaper	n	газета	
10	Module 7	Going Green 7	newsprint	n	газетная бумага	
10	Module 7	Going Green 7	paperboard	n	картон	
10	Module 7	Going Green 7	poster	n	плакат, постер	
10	Module 7	Going Green 7	product	n	продукция	
10	Module 7	Going Green 7	pulping	n	превращение в волокнистую массу	
10	Module 7	Going Green 7	recycled	adj	сделанный из вторичного сырья	
10	Module 7	Going Green 7	save	v	экономить, беречь	
10	Module 7	Going Green 7	scribble	v	быстро и небрежно писать	
10	Module 7	Going Green 7	shoe cabinet	n	обувной шкаф	
10	Module 7	Going Green 7	shopping list	n	список покупок	
10	Module 7	Going Green 7	thick	adj	плотный	
10	Module 7	Going Green 7 Phrasal verbs	tear out	phr v	вырывать	
10	Module 7	Spotlight on Exams	agent	n	агент	
10	Module 7	Spotlight on Exams	alien	n	пришелец, инопланетянин	
10	Module 7	Spotlight on Exams	bomb	n	бомба	
10	Module 7	Spotlight on Exams	chef	n	шеф-повар	
10	Module 7	Spotlight on Exams	couple	n	пара	
10	Module 7	Spotlight on Exams	debut	n	дебют	
10	Module 7	Spotlight on Exams	dessert	n	десерт	
10	Module 7	Spotlight on Exams	episode	n	серия	
10	Module 7	Spotlight on Exams	escape	v	сбежать	
10	Module 7	Spotlight on Exams	fearless	adj	бесстрашный	
10	Module 7	Spotlight on Exams	partner	n	напарник, партнер	
10	Module 7	Spotlight on Exams	planet	n	планета	
10	Module 7	Spotlight on Exams	prominence	n	известность	
10	Module 7	Spotlight on Exams	recipe	n	рецепт	
10	Module 7	Spotlight on Exams	recital	n	сольный концерт	
10	Module 7	Spotlight on Exams	rehearsal	n	репетиция	
10	Module 7	Spotlight on Exams	reveal	v	открывать, разоблачать	
10	Module 7	Spotlight on Exams	secret	n	секрет	
10	Module 7	Spotlight on Exams	surprising	adj	удивительный	
10	Module 7	Spotlight on Exams	talk show	n	ток-шоу	
10	Module 7	Spotlight on Exams	upset	adj	разочарованный, расстроенный	
10	Module 7	Spotlight on Exams	warrior	n	воин	
10	Module 7	Spotlight on Exams Phrasal verbs	blow up	phr v	взрывать, поднять на воздух	
10	Module 7	Spotlight on Exams Phrases	by mistake	phr	по ошибке	
10	Module 7	Spotlight on Exams Phrases	have an argument with sb	phr	спорить, ссориться с кем-либо	
10	Module 7	Spotlight on Exams Phrases	the highs and the lows	phr	достоинства и недостатки	
10	Module 8	8a	businesswoman	n	деловая женщина	
10	Module 8	8a	camcorder	n	видеокамера	
10	Module 8	8a	career	n	карьера	
10	Module 8	8a	client	n	клиент	
10	Module 8	8a	collection	n	коллекция	
10	Module 8	8a	convenient	adj	удобный	
10	Module 8	8a	device	n	устройство, приспособление	
10	Module 8	8a	dictaphone	n	диктофон	
10	Module 8	8a	digital camera	n	цифровой фотоаппарат	
10	Module 8	8a	edit	v	редактировать	
10	Module 8	8a	embarrassed	adj	смущенный	
10	Module 8	8a	essay	n	сочинение, эссе	
10	Module 8	8a	freedom	n	свобода	
10	Module 8	8a	gadget	n	техническая новинка	
10	Module 8	8a	headphones	n pl	наушники	
10	Module 8	8a	handy	adj	удобный	
10	Module 8	8a	impossible	adj	невозможный	
10	Module 8	8a	laptop	n	портативный компьютер, ноутбук	
10	Module 8	8a	MP3 player	n	MP3-плейер	
10	Module 8	8a	passion	n	страсть	
10	Module 8	8a	pastime	n	хобби, занятие	
10	Module 8	8a	PDA (personal digital assistant)	n	КПК (карманный персональный компьютер)	
10	Module 8	8a	photography	n	фотография	
10	Module 8	8a	radio cassette player	n	кассетный магнитофон с радио	
10	Module 8	8a	research	n	исследование	
10	Module 8	8a	social life	n	социальная жизнь	
10	Module 8	8a	software	n	программное обеспечение	
10	Module 8	8a	store	v	хранить	
10	Module 8	8a	techno freak	n	фанат техники	
10	Module 8	8a	TV	n	телевизор	
10	Module 8	8a	underground	n	метрополитен	
10	Module 8	8a	university lecture	n	лекция в университете	
10	Module 8	8a	video mobile phone	n	мобильный телефон с камерой	
10	Module 8	8a	voice recorder	n	диктофон	
10	Module 8	8a	Walkman®	n	кассетный плейер	
10	Module 8	8a Phrasal verbs	be hooked on	phr v	быть очень увлеченным	
10	Module 8	8a Phrasal verbs	look up	phr v	искать	
10	Module 8	8a Phrases	be (really) into sth	phr	быть увлеченным чем-либо	
10	Module 8	8a Phrases	be on the move	phr	быть в движении, на ходу	
10	Module 8	8a Phrases	it goes without saying	phr	само собой разумеется	
10	Module 8	8a Phrases	keep a record	phr	вести записи, дневник	
10	Module 8	8b	battery	n	батарейка, элемент питания	
10	Module 8	8b	charged	adj	заряженный	
10	Module 8	8b	charger	n	зарядное устройство	
10	Module 8	8b	crack	v	дать трещину, расколоться	
10	Module 8	8b	drop	v	ронять, уронить	
10	Module 8	8b	guarantee certificate	n	гарантийный талон	
10	Module 8	8b	hard drive	n	жесткий диск, винчестер	
10	Module 8	8b	jam	v	сжимать, зажимать, забиваться	
10	Module 8	8b	lens	n	линза	
10	Module 8	8b	manufacturer	n	производитель	
10	Module 8	8b	memory card	n	карта памяти	
10	Module 8	8b	press	v	нажимать	
10	Module 8	8b	printer	n	принтер	
10	Module 8	8b	receipt	n	чек, квитанция об оплате	
10	Module 8	8b	scratch	v	царапать	
10	Module 8	8b	viewfinder	n	видоискатель	
10	Module 8	8b	virus	n	вирус	
10	Module 8	8b Phrases	free of charge	phr	бесплатно	
10	Module 8	8b Phrases	in stock	phr	в наличии, на складе	
10	Module 8	8b Phrases	just in case	phr	на всякий случай	
10	Module 8	8b Phrases	under guarantee	phr	на гарантии	
10	Module 8	8b Idioms	back to the drawing board	idm	начинать заново	
10	Module 8	8b Idioms	in the works	idm	в разработке	
10	Module 8	8b Idioms	it's not rocket science	idm	не требует незаурядных способностей	
10	Module 8	8b Idioms	put sth under the microscope	idm	подвергнуть тщательному исследованию, анализу	
10	Module 8	8b Idioms	the price is right	idm	разумная цена	
10	Module 8	8c	changeover	n	преобразование, переход	
10	Module 8	8c	cheque	n	чек	
10	Module 8	8c	electronics	n	электроника, радиоэлектроника	
10	Module 8	8c	faulty	adj	бракованный, поврежденный	
10	Module 8	8c	graphic designer	n	графический дизайнер	
10	Module 8	8c	invention	n	изобретение	
10	Module 8	8c	petition	n	прошение, жалоба	
10	Module 8	8c	safety	n	сохранность, надежность	
10	Module 8	8c	security	n	безопасность	
10	Module 8	8c	software designer	n	разработчик программного обеспечения	
10	Module 8	8c	technician	n	техник	
10	Module 8	8c	tight	adj	непроницаемый, надежный	
10	Module 8	8c	up-to-date	adj	самый последний, современный	
10	Module 8	8c	useless	adj	бесполезный	
10	Module 8	8c Phrasal verbs	break into	phr v	вламываться	
10	Module 8	8c Phrasal verbs	bring about	phr v	вызывать, осуществлять	
10	Module 8	8c Phrasal verbs	bring back	phr v	возвращать	
10	Module 8	8c Phrasal verbs	bring on	phr v	вызывать, влиять	
10	Module 8	8c Phrasal verbs	bring up	phr v	воспитывать	
10	Module 8	8c Phrasal verbs	hand in	phr v	сдавать, подавать	
10	Module 8	8c Phrasal verbs	hand over	phr v	передавать, вручать	
10	Module 8	8c Phrasal verbs	set up	phr v	создавать, устанавливать	
10	Module 8	8c Phrases	keep one's promise	phr	сдержать обещание	
10	Module 8	8c Words often confused	learn/teach	v	изучать/обучать	
10	Module 8	8c Words often confused	reason/cause	n	причина/основание	
10	Module 8	8c Words often confused	problem/trouble	n	проблема/беда, горе	
10	Module 8	8c Words often confused	discover/invent	v	обнаруживать/изобретать	
10	Module 8	8d	actual	adj	действительный, реальный	
10	Module 8	8d	anticipation	n	предчувствие	
10	Module 8	8d	apparently	adv	вероятно, видимо	
10	Module 8	8d	arch	n	арка	
10	Module 8	8d	aware	adj	осознающий, осведомленный	
10	Module 8	8d	bar	n	рукоятка	
10	Module 8	8d	brass rail	n	латунный поручень	
10	Module 8	8d	confusedness	n	замешательство, помутнение	
10	Module 8	8d	conscious	adj	ощущающий, сознающий	
10	Module 8	8d	continuous	adj	сплошной, непрекращающийся	
10	Module 8	8d	convey	v	передавать (чувства, ощущения)	
10	Module 8	8d	darkness	n	темнота	
10	Module 8	8d	deepness	n	глубина	
10	Module 8	8d	devote	v	посвящать	
10	Module 8	8d	dim	adj	тусклый, смутный	
10	Module 8	8d	drop	n	капля	
10	Module 8	8d	excessively	adv	чрезвычайно	
10	Module 8	8d	faint	adj	бледный, слабый	
10	Module 8	8d	flicker	v	мерцать, вспыхивать, моргать	
10	Module 8	8d	greyness	n	серость, мрачность	
10	Module 8	8d	hazy	adj	туманный, неясный	
10	Module 8	8d	headlong	adj	безудержный	
10	Module 8	8d	historian	n	историк	
10	Module 8	8d	hop	v	прыгать	
10	Module 8	8d	imminent	adj	неизбежный, надвигающийся	
10	Module 8	8d	intellect	n	интеллект, ум	
10	Module 8	8d	ivory	adj	сделанный из слоновой кости	
10	Module 8	8d	laboratory	n	лаборатория	
10	Module 8	8d	leap	v	прыгать, перепрыгивать (в горизонтальном направлении)	
10	Module 8	8d	light	n	свет	
10	Module 8	8d	luminous	adj	светящийся	
10	Module 8	8d	merge	v	сливаться, соединяться	
10	Module 8	8d	motion	n	движение	
10	Module 8	8d	murmur	n	шепот, приглушенный голос	
10	Module 8	8d	narrator	n	рассказчик, повествователь	
10	Module 8	8d	nightmare	n	кошмар	
10	Module 8	8d	outline	n	очертание	
10	Module 8	8d	principle	n	принцип	
10	Module 8	8d	quartz rod	n	кварцевый рычаг	
10	Module 8	8d	saddle	n	сиденье, седло	
10	Module 8	8d	scaffolding	n	строительные леса	
10	Module 8	8d	screw	n	шуруп, винт	
10	Module 8	8d	sensation	n	ощущение, чувство	
10	Module 8	8d	smash	n	гибель, столкновение	
10	Module 8	8d	sound	adj	исправный, прочный	
10	Module 8	8d	spin	v	вертеть, крутить	
10	Module 8	8d	splendid	adj	прекрасный, великолепный	
10	Module 8	8d	starting lever	n	пусковой рычаг	
10	Module 8	8d	streak	n	полоса	
10	Module 8	8d	succession	n	смена	
10	Module 8	8d	suspect	v	подозревать, предполагать	
10	Module 8	8d	swiftly	adv	быстро	
10	Module 8	8d	tap	n	кран, втулка	
10	Module 8	8d	thud	n	стук, глухой звук	
10	Module 8	8d	time machine	n	машина времени	
10	Module 8	8d	trick	v	обманывать	
10	Module 8	8d	truly	adv	действительно	
10	Module 8	8d	twilight	n	сумерки	
10	Module 8	8d	twinkling	adj	мелькающий, мерцающий	
10	Module 8	8d	unsteady	adj	неустойчивый	
10	Module 8	8d	whirling	adj	кружащийся, вертящийся	
10	Module 8	8e	attack	v	нападать, атаковать	
10	Module 8	8e	constant	adj	постоянный	
10	Module 8	8e	contact	v	связаться, контактировать	
10	Module 8	8e	conversation	n	разговор	
10	Module 8	8e	debate	v	обсуждать	
10	Module 8	8e	distraction	n	отвлечение внимания	
10	Module 8	8e	disturbance	n	нарушение нормальной работы, беспокойство	
10	Module 8	8e	educational system	n	образовательная система	
10	Module 8	8e	emphasis	n	акцент, упор, внимание	
10	Module 8	8e	familiar	adj	знакомый, осведомленный	
10	Module 8	8e	interruption	n	перерыв, помеха	
10	Module 8	8e	personally	adv	лично	
10	Module 8	8e	possessions	n	собственность, имущество	
10	Module 8	8e	remove	v	убирать	
10	Module 8	8e	replace	v	заменять	
10	Module 8	8e	ringtone	n	мелодия телефона	
10	Module 8	8e	risk	n	риск, опасность	
10	Module 8	8e	rob	v	грабить	
10	Module 8	8e	silly	adj	глупый	
10	Module 8	8e	technical	adj	технический	
10	Module 8	8e	technological achievement	n	техническое достижение	
10	Module 8	8e	welfare	n	благосостояние	
10	Module 8	8e Phrasal verbs	show off	phr v	демонстрировать, хвастаться	
10	Module 8	8e Phrases	for instance	phr	например	
10	Module 8	8e Phrases	in case of emergency	phr	при крайней необходимости	
10	Module 8	8e Phrases	to a certain extent	phr	в известной мере	
10	Module 8	8e Phrases	to my mind	phr	по моему мнению, по-моему	
10	Module 8	Culture Corner 8	accurately	adv	точно, тщательно	
10	Module 8	Culture Corner 8	apparatus	n	аппарат, устройство	
10	Module 8	Culture Corner 8	appliance	n	устройство, приспособление	
10	Module 8	Culture Corner 8	computing	n	компьютеризация	
10	Module 8	Culture Corner 8	decade	n	десятилетие	
10	Module 8	Culture Corner 8	detailed	adj	подробный	
10	Module 8	Culture Corner 8	dream	n	мечта	
10	Module 8	Culture Corner 8	electric motor	n	электромотор	
10	Module 8	Culture Corner 8	establish	v	основывать, создавать	
10	Module 8	Culture Corner 8	image	n	изображение	
10	Module 8	Culture Corner 8	locomotive	n	локомотив	
10	Module 8	Culture Corner 8	marvel	n	чудо, диво, нечто необычное	
10	Module 8	Culture Corner 8	mile	n	миля	
10	Module 8	Culture Corner 8	public	n	публика, народ	
10	Module 8	Culture Corner 8	railway	n	железная дорога	
10	Module 8	Culture Corner 8	steam train	n	паровоз	
10	Module 8	Culture Corner 8	string	n	нитка, шнурок	
10	Module 8	Culture Corner 8	subject	n	предмет	
10	Module 8	Culture Corner 8	transmit	v	передавать	
10	Module 8	Culture Corner 8	transmitter	n	передатчик	
10	Module 8	Culture Corner 8	wire	n	провод	
10	Module 8	Culture Corner 8	wireless	adj	беспроводной	
10	Module 8	Culture Corner 8 Phrases	take for granted	phr	принимать как должное	
10	Module 8	Across the Curriculum 8	affect	v	действовать на, влиять	
10	Module 8	Across the Curriculum 8	boiling point	n	точка кипения	
10	Module 8	Across the Curriculum 8	burn	v	обжигать	
10	Module 8	Across the Curriculum 8	column	n	столбик	
10	Module 8	Across the Curriculum 8	constantly	adv	постоянно, непрерывно	
10	Module 8	Across the Curriculum 8	contain	v	содержать	
10	Module 8	Across the Curriculum 8	contract	v	сужаться	
10	Module 8	Across the Curriculum 8	decrease	v	уменьшаться, понижаться	
10	Module 8	Across the Curriculum 8	degree	n	градус	
10	Module 8	Across the Curriculum 8	determine	v	определять	
10	Module 8	Across the Curriculum 8	electricity	n	электричество	
10	Module 8	Across the Curriculum 8	exchange	v	обмениваться	
10	Module 8	Across the Curriculum 8	expand	v	расширяться	
10	Module 8	Across the Curriculum 8	freezing point	n	температура замерзания	
10	Module 8	Across the Curriculum 8	friction	n	трение	
10	Module 8	Across the Curriculum 8	heat	n	тепло, жара	
10	Module 8	Across the Curriculum 8	increase	v	увеличиваться, повышаться	
10	Module 8	Across the Curriculum 8	joule	n	джоуль (мера измерения энергии)	
10	Module 8	Across the Curriculum 8	measure	n/v	мера, измерять	
10	Module 8	Across the Curriculum 8	measurement	n	показатель	
10	Module 8	Across the Curriculum 8	molecule	n	молекула	
10	Module 8	Across the Curriculum 8	nuclear reaction	n	ядерная реакция	
10	Module 8	Across the Curriculum 8	scale	n	шкала	
10	Module 8	Across the Curriculum 8	temperature	n	температура	
10	Module 8	Across the Curriculum 8	thermometer	n	термометр	
10	Module 8	Across the Curriculum 8	tongue	n	язык	
10	Module 8	Across the Curriculum 8	warm	v	нагревать, согревать	
10	Module 8	Going Green 8	alternative energy	n	альтернативный источник энергии	
10	Module 8	Going Green 8	coal	n	уголь	
10	Module 8	Going Green 8	dam	n	дамба, плотина	
10	Module 8	Going Green 8	flow	n	поток, течение	
10	Module 8	Going Green 8	fossil fuels	n	ископаемые виды топлива	
10	Module 8	Going Green 8	fuel	n	топливо	
10	Module 8	Going Green 8	gas	n	газ	
10	Module 8	Going Green 8	generator	n	генератор	
10	Module 8	Going Green 8	lake	n	озеро	
10	Module 8	Going Green 8	oil	n	нефть	
10	Module 8	Going Green 8	pie chart	n	круговая диаграмма	
10	Module 8	Going Green 8	pollute	v	загрязнять	
10	Module 8	Going Green 8	power	v	снабжать энергией	
10	Module 8	Going Green 8	reservoir	n	водохранилище	
10	Module 8	Going Green 8	rooftop	n	крыша	
10	Module 8	Going Green 8	solar cell	n	элемент солнечной батареи	
10	Module 8	Going Green 8	solar power station	n	солнечная электростанция	
10	Module 8	Going Green 8	tower	n	башня	
10	Module 8	Going Green 8	trap	v	запирать, улавливать	
10	Module 8	Going Green 8	waste	n	отходы	
10	Module 8	Going Green 8	wind turbine	n	ветряная турбина	
10	Module 8	Spotlight on Exams	alarm clock	n	будильник	
10	Module 8	Spotlight on Exams	automatically	adv	автоматически	
10	Module 8	Spotlight on Exams	biodegradable	adj	биоразлагаемый	
10	Module 8	Spotlight on Exams	biography	n	биография	
10	Module 8	Spotlight on Exams	biomobile	n	мобильный телефон с чехлом из экологически чистого материала	
10	Module 8	Spotlight on Exams	casing	n	футляр, чехол	
10	Module 8	Spotlight on Exams	computer whizz	n	компьютерный гений	
10	Module 8	Spotlight on Exams	cover	n	футляр, чехол	
10	Module 8	Spotlight on Exams	definitely	adv	точно	
10	Module 8	Spotlight on Exams	diary entry	n	запись в дневнике	
10	Module 8	Spotlight on Exams	environmental pollution	n	загрязнение окружающей среды	
10	Module 8	Spotlight on Exams	fancy	v	нравиться, любить	
10	Module 8	Spotlight on Exams	heap	n	куча, уйма, завал	
10	Module 8	Spotlight on Exams	helicopter	n	вертолет	
10	Module 8	Spotlight on Exams	instruction booklet	n	инструкция по эксплуатации	
10	Module 8	Spotlight on Exams	land	v	приземляться	
10	Module 8	Spotlight on Exams	locker	n	индивидуальный шкафчик	
10	Module 8	Spotlight on Exams	parachute	n	парашют	
10	Module 8	Spotlight on Exams	rival	n	конкурент, соперник	
10	Module 8	Spotlight on Exams	school notice	n	школьное объявление	
10	Module 8	Spotlight on Exams	sketch	n	эскиз, набросок	
10	Module 8	Spotlight on Exams	slope	n	склон	
10	Module 8	Spotlight on Exams	submarine	n	подводная лодка	
10	Module 8	Spotlight on Exams	sunflower	n	подсолнух	
10	Module 8	Spotlight on Exams	timer	n	счетчик, таймер	
10	Module 8	Spotlight on Exams	vehicle	n	средство передвижения, транспорт	
10	Module 8	Spotlight on Exams	volcano	n	вулкан	
10	Module 8	Spotlight on Exams	web page	n	веб-страница (страница в сети Интернет)	
10	Module 8	Spotlight on Exams Phrasal verbs	test out	phr v	тестировать, проверять	
