folder	deck	module	section	term	translation	image
Starter Unit	Starter Unit · в школе и счёт	Starter Unit		alphabet	алфавит	new
Starter Unit	Starter Unit · в школе и счёт	Starter Unit		count	считать, подсчитывать	new
Starter Unit	Starter Unit · в школе и счёт	Starter Unit		date	дата	new
Starter Unit	Starter Unit · в школе и счёт	Starter Unit		equals	равняется	new
Starter Unit	Starter Unit · в школе и счёт	Starter Unit		minus	минус	new
Starter Unit	Starter Unit · в школе и счёт	Starter Unit		name	имя	reuse:2276
Starter Unit	Starter Unit · в школе и счёт	Starter Unit		number	число	new
Starter Unit	Starter Unit · в школе и счёт	Starter Unit		plus	плюс	new
Starter Unit	Starter Unit · в школе и счёт	Starter Unit		pupil	ученик	new
Starter Unit	Starter Unit · в школе и счёт	Starter Unit		question	вопрос	new
Starter Unit	Starter Unit · в школе и счёт	Starter Unit		reading rules	правила чтения	new
Starter Unit	Starter Unit · в школе и счёт	Starter Unit		right	правильный	new
Starter Unit	Starter Unit · в школе и счёт	Starter Unit		school	школа	reuse:32
Starter Unit	Starter Unit · в школе и счёт	Starter Unit		uniform	форма	reuse:4157
Starter Unit	Starter Unit · в школе и счёт	Starter Unit		wrong	неправильный	reuse:2758
Starter Unit	Starter Unit · животные и природа	Starter Unit		ant	муравей	reuse:2991
Starter Unit	Starter Unit · животные и природа	Starter Unit		bird	птица	reuse:633
Starter Unit	Starter Unit · животные и природа	Starter Unit		cat	кот, кошка	reuse:245
Starter Unit	Starter Unit · животные и природа	Starter Unit		fox	лиса	reuse:1265
Starter Unit	Starter Unit · животные и природа	Starter Unit		flower	цветок	reuse:100
Starter Unit	Starter Unit · животные и природа	Starter Unit		grass	трава	reuse:1764
Starter Unit	Starter Unit · животные и природа	Starter Unit		nest	гнездо	reuse:4217
Starter Unit	Starter Unit · животные и природа	Starter Unit		sky	небо	new
Starter Unit	Starter Unit · животные и природа	Starter Unit		snake	змея	reuse:21
Starter Unit	Starter Unit · животные и природа	Starter Unit		sun	солнце	reuse:101
Starter Unit	Starter Unit · животные и природа	Starter Unit		tree	дерево	reuse:102
Starter Unit	Starter Unit · животные и природа	Starter Unit		zebra	зебра	reuse:15
Starter Unit	Starter Unit · еда	Starter Unit		apple	яблоко	reuse:248
Starter Unit	Starter Unit · еда	Starter Unit		cake	пирог, торт	reuse:250
Starter Unit	Starter Unit · еда	Starter Unit		cup	чашка	reuse:322
Starter Unit	Starter Unit · еда	Starter Unit		egg	яйцо	reuse:453
Starter Unit	Starter Unit · еда	Starter Unit		garlic	чеснок	reuse:2695
Starter Unit	Starter Unit · еда	Starter Unit		jam	джем, варенье	reuse:1871
Starter Unit	Starter Unit · еда	Starter Unit		lemon	лимон	reuse:455
Starter Unit	Starter Unit · еда	Starter Unit		melon	дыня	reuse:2696
Starter Unit	Starter Unit · еда	Starter Unit		orange	апельсин	reuse:11
Starter Unit	Starter Unit · игрушки и одежда	Starter Unit		ball	мяч	reuse:235
Starter Unit	Starter Unit · игрушки и одежда	Starter Unit		cap	кепка	reuse:279
Starter Unit	Starter Unit · игрушки и одежда	Starter Unit		doll	кукла	reuse:230
Starter Unit	Starter Unit · игрушки и одежда	Starter Unit		game	игра	new
Starter Unit	Starter Unit · игрушки и одежда	Starter Unit		hat	шляпа	reuse:22
Starter Unit	Starter Unit · игрушки и одежда	Starter Unit		jeans	джинсы	reuse:270
Starter Unit	Starter Unit · игрушки и одежда	Starter Unit		kite	воздушный змей	reuse:227
Starter Unit	Starter Unit · игрушки и одежда	Starter Unit		robot	робот	reuse:70
Starter Unit	Starter Unit · игрушки и одежда	Starter Unit		train	поезд	reuse:232
Starter Unit	Starter Unit · игрушки и одежда	Starter Unit		yacht	яхта	new
Starter Unit	Starter Unit · цвета	Starter Unit		black	чёрный	reuse:224
Starter Unit	Starter Unit · цвета	Starter Unit		blue	синий, голубой	reuse:205
Starter Unit	Starter Unit · цвета	Starter Unit		brown	коричневый	new
Starter Unit	Starter Unit · цвета	Starter Unit		colour	цвет	new
Starter Unit	Starter Unit · цвета	Starter Unit		green	зелёный	reuse:207
Starter Unit	Starter Unit · цвета	Starter Unit		grey	серый	new
Starter Unit	Starter Unit · цвета	Starter Unit		pink	розовый	reuse:225
Starter Unit	Starter Unit · цвета	Starter Unit		purple	пурпурный, фиолетовый	reuse:209
Starter Unit	Starter Unit · цвета	Starter Unit		rainbow	радуга	new
Starter Unit	Starter Unit · цвета	Starter Unit		red	красный	reuse:206
Starter Unit	Starter Unit · цвета	Starter Unit		white	белый	reuse:4174
Starter Unit	Starter Unit · цвета	Starter Unit		yellow	жёлтый	reuse:208
Starter Unit	Starter Unit · школьные принадлежности	Starter Unit		blackboard	школьная доска	reuse:3342
Starter Unit	Starter Unit · школьные принадлежности	Starter Unit		book	книга	reuse:214
Starter Unit	Starter Unit · школьные принадлежности	Starter Unit		chair	стул	reuse:547
Starter Unit	Starter Unit · школьные принадлежности	Starter Unit		crayon	цветной карандаш	new
Starter Unit	Starter Unit · школьные принадлежности	Starter Unit		desk	письменный стол, парта	reuse:548
Starter Unit	Starter Unit · школьные принадлежности	Starter Unit		eraser	ластик	reuse:212
Starter Unit	Starter Unit · школьные принадлежности	Starter Unit		glue	клей	reuse:4275
Starter Unit	Starter Unit · школьные принадлежности	Starter Unit		ink	чернила	new
Starter Unit	Starter Unit · школьные принадлежности	Starter Unit		notebook	тетрадь	reuse:215
Starter Unit	Starter Unit · школьные принадлежности	Starter Unit		paper clips	скрепки	new
Starter Unit	Starter Unit · школьные принадлежности	Starter Unit		pen	ручка	reuse:211
Starter Unit	Starter Unit · школьные принадлежности	Starter Unit		pencil	карандаш	reuse:213
Starter Unit	Starter Unit · школьные принадлежности	Starter Unit		pencil case	пенал	reuse:219
Starter Unit	Starter Unit · школьные принадлежности	Starter Unit		ruler	линейка	reuse:218
Starter Unit	Starter Unit · школьные принадлежности	Starter Unit		schoolbag	портфель, ранец	reuse:4153
Starter Unit	Starter Unit · школьные принадлежности	Starter Unit		sharpener	точилка	new
Starter Unit	Starter Unit · другие слова	Starter Unit		box	коробка	reuse:47
Starter Unit	Starter Unit · другие слова	Starter Unit		flag	флаг	new
Starter Unit	Starter Unit · другие слова	Starter Unit		glass	стекло	reuse:1296
Starter Unit	Starter Unit · другие слова	Starter Unit		hand	рука	reuse:286
Starter Unit	Starter Unit · другие слова	Starter Unit		music	музыка	reuse:310
Starter Unit	Starter Unit · другие слова	Starter Unit		nose	нос	reuse:66
Starter Unit	Starter Unit · другие слова	Starter Unit		now	сейчас	new
Starter Unit	Starter Unit · другие слова	Starter Unit		song	песня	reuse:1645
Starter Unit	Starter Unit · другие слова	Starter Unit		window	окно	reuse:222
Starter Unit	Starter Unit · места и люди	Starter Unit		café	кафе	reuse:26
Starter Unit	Starter Unit · места и люди	Starter Unit		doctor	доктор, врач	reuse:364
Starter Unit	Starter Unit · места и люди	Starter Unit		friend	друг	new
Starter Unit	Starter Unit · места и люди	Starter Unit		girl	девочка	new
Starter Unit	Starter Unit · места и люди	Starter Unit		gym	спортивный зал	reuse:499
Starter Unit	Starter Unit · места и люди	Starter Unit		house	дом	reuse:34
Starter Unit	Starter Unit · места и люди	Starter Unit		I	я	new
Starter Unit	Starter Unit · места и люди	Starter Unit		market	рынок	reuse:2125
Starter Unit	Starter Unit · места и люди	Starter Unit		museum	музей	reuse:745
Starter Unit	Starter Unit · места и люди	Starter Unit		park	парк	reuse:31
Starter Unit	Starter Unit · места и люди	Starter Unit		queen	королева	new
Starter Unit	Starter Unit · места и люди	Starter Unit		shop	магазин	reuse:29
Starter Unit	Starter Unit · места и люди	Starter Unit		vet	ветеринар	reuse:782
Starter Unit	Starter Unit · места и люди	Starter Unit		zoo	зоопарк	reuse:4619
Starter Unit	Starter Unit · действия	Starter Unit		climb	карабкаться, взбираться	reuse:1923
Starter Unit	Starter Unit · действия	Starter Unit		draw	рисовать	reuse:590
Starter Unit	Starter Unit · действия	Starter Unit		eat	есть	new
Starter Unit	Starter Unit · действия	Starter Unit		finish	финиш, окончание; заканчивать	new
Starter Unit	Starter Unit · действия	Starter Unit		have got	иметь	new
Starter Unit	Starter Unit · действия	Starter Unit		know	знать	new
Starter Unit	Starter Unit · действия	Starter Unit		look	смотреть	new
Starter Unit	Starter Unit · действия	Starter Unit		run	бегать	reuse:596
Starter Unit	Starter Unit · действия	Starter Unit		say	сказать	new
Starter Unit	Starter Unit · действия	Starter Unit		sing	петь	reuse:597
Starter Unit	Starter Unit · действия	Starter Unit		sleep	спать	new
Starter Unit	Starter Unit · действия	Starter Unit		speak	говорить	reuse:1512
Starter Unit	Starter Unit · действия	Starter Unit		spell	называть по буквам	reuse:2634
Starter Unit	Starter Unit · действия	Starter Unit		start	начинать	new
Starter Unit	Starter Unit · действия	Starter Unit		walk	ходить, гулять	new
Starter Unit	Starter Unit · действия	Starter Unit		write	писать	reuse:600
Starter Unit	Starter Unit · фразы	Starter Unit		please	пожалуйста	new
Starter Unit	Starter Unit · фразы	Starter Unit		Hello!	Здравствуйте!	new
Starter Unit	Starter Unit · фразы	Starter Unit		Hi!	Привет!	new
Starter Unit	Starter Unit · фразы	Starter Unit		What's your name?	Как тебя зовут?	new
Starter Unit	Starter Unit · фразы	Starter Unit		My name's ...	Меня зовут ...	new
Starter Unit	Starter Unit · фразы	Starter Unit		How are you?	Как дела?	new
Starter Unit	Starter Unit · фразы	Starter Unit		I'm fine, thanks.	Спасибо, хорошо.	new
Starter Unit	Starter Unit · фразы	Starter Unit		Nice to meet you.	Рад познакомиться.	reuse:4825
Starter Unit	Starter Unit · фразы	Starter Unit		Goodbye! Bye!	До свидания! Пока!	new
Starter Unit	Starter Unit · фразы	Starter Unit		Where are you from?	Откуда ты (из какой страны, города)?	new
Module 1: School days	1a School! · школьные предметы	Module 1	1a	art	изобразительное искусство	reuse:304
Module 1: School days	1a School! · школьные предметы	Module 1	1a	break	перемена	reuse:3343
Module 1: School days	1a School! · школьные предметы	Module 1	1a	class	класс, урок	reuse:4167
Module 1: School days	1a School! · школьные предметы	Module 1	1a	English	английский язык	reuse:305
Module 1: School days	1a School! · школьные предметы	Module 1	1a	favourite	любимый	new
Module 1: School days	1a School! · школьные предметы	Module 1	1a	geography	география	reuse:306
Module 1: School days	1a School! · школьные предметы	Module 1	1a	history	история	reuse:307
Module 1: School days	1a School! · школьные предметы	Module 1	1a	information technology (IT)	информационные технологии	new
Module 1: School days	1a School! · школьные предметы	Module 1	1a	mathematics (maths)	математика	reuse:309
Module 1: School days	1a School! · школьные предметы	Module 1	1a	physical education (PE)	физическое воспитание	new
Module 1: School days	1a School! · школьные предметы	Module 1	1a	science	естествознание	reuse:474
Module 1: School days	1a School! · школьные предметы	Module 1	1a	subject	предмет	new
Module 1: School days	1a School! · школьные предметы	Module 1	1a	timetable	расписание	reuse:3350
Module 1: School days	1a School! · в школе	Module 1	1a	atlas	атлас	new
Module 1: School days	1a School! · в школе	Module 1	1a	dictionary	словарь	reuse:476
Module 1: School days	1a School! · в школе	Module 1	1a	notepad	блокнот	new
Module 1: School days	1a School! · в школе	Module 1	1a	school objects	предметы школьного обихода	new
Module 1: School days	1a School! · в школе	Module 1	1a	student	учащийся	new
Module 1: School days	1a School! · в школе	Module 1	1a	teacher	учитель	reuse:781
Module 1: School days	1a School! · в школе	Module 1	1a	textbook	учебник	reuse:3349
Module 1: School days	1a School! · дни недели	Module 1	1a	days of the week	дни недели	new
Module 1: School days	1a School! · дни недели	Module 1	1a	Monday	понедельник	reuse:614
Module 1: School days	1a School! · дни недели	Module 1	1a	Tuesday	вторник	reuse:615
Module 1: School days	1a School! · дни недели	Module 1	1a	Wednesday	среда	reuse:616
Module 1: School days	1a School! · дни недели	Module 1	1a	Thursday	четверг	reuse:617
Module 1: School days	1a School! · дни недели	Module 1	1a	Friday	пятница	reuse:618
Module 1: School days	1a School! · дни недели	Module 1	1a	Saturday	суббота	reuse:619
Module 1: School days	1a School! · дни недели	Module 1	1a	Sunday	воскресенье	reuse:620
Module 1: School days	1b First day! · другие слова и фразы	Module 1	1b	best	лучший	new
Module 1: School days	1b First day! · другие слова и фразы	Module 1	1b	same	такой же	reuse:4495
Module 1: School days	1b First day! · другие слова и фразы	Module 1	1b	grade	класс	new
Module 1: School days	1b First day! · другие слова и фразы	Module 1	1b	new	новый	reuse:524
Module 1: School days	1b First day! · другие слова и фразы	Module 1	1b	strange	странный	reuse:3810
Module 1: School days	1b First day! · другие слова и фразы	Module 1	1b	then	затем	new
Module 1: School days	1b First day! · другие слова и фразы	Module 1	1b	together	вместе	new
Module 1: School days	1b First day! · другие слова и фразы	Module 1	1b	Excuse me, ...	Простите, ... Извините, ...	new
Module 1: School days	1b First day! · другие слова и фразы	Module 1	1b	How do you spell it?	Как это пишется? Как ты это произносишь по буквам?	new
Module 1: School days	1b First day! · другие слова и фразы	Module 1	1b	How old are you?	Сколько тебе лет?	new
Module 1: School days	1b First day! · другие слова и фразы	Module 1	1b	Let's go!	Пошли! Давай пойдём!	new
Module 1: School days	1b First day! · числа	Module 1	1b	eighteen	восемнадцать	new
Module 1: School days	1b First day! · числа	Module 1	1b	eleven	одиннадцать	new
Module 1: School days	1b First day! · числа	Module 1	1b	fifteen	пятнадцать	new
Module 1: School days	1b First day! · числа	Module 1	1b	fourteen	четырнадцать	new
Module 1: School days	1b First day! · числа	Module 1	1b	nineteen	девятнадцать	new
Module 1: School days	1b First day! · числа	Module 1	1b	seventeen	семнадцать	new
Module 1: School days	1b First day! · числа	Module 1	1b	sixteen	шестнадцать	new
Module 1: School days	1b First day! · числа	Module 1	1b	twelve	двенадцать	new
Module 1: School days	1b First day! · числа	Module 1	1b	thirteen	тринадцать	new
Module 1: School days	1b First day! · числа	Module 1	1b	twenty	двадцать	new
Module 1: School days	1c My favourite subjects	Module 1	1c	capital letter	прописная буква	new
Module 1: School days	1c My favourite subjects	Module 1	1c	choose	выбирать	reuse:3471
Module 1: School days	1c My favourite subjects	Module 1	1c	country	страна	new
Module 1: School days	1c My favourite subjects	Module 1	1c	full stop	точка	new
Module 1: School days	1c My favourite subjects	Module 1	1c	language	язык	new
Module 1: School days	1c My favourite subjects	Module 1	1c	other	другой	new
Module 1: School days	1c My favourite subjects	Module 1	1c	secondary school	средняя школа	new
Module 1: School days	1c My favourite subjects	Module 1	1c	subject choice form	анкета (форма) выбора предметов	new
Module 1: School days	1c My favourite subjects	Module 1	1c	What class is he in?	В каком он классе?	new
Module 1: School days	1c My favourite subjects	Module 1	1c	What subjects does he do?	Какие предметы он изучает?	new
Module 1: School days	1d Culture Corner: Schools in England	Module 1	1d - Culture Corner	corner	угол, уголок	new
Module 1: School days	1d Culture Corner: Schools in England	Module 1	1d - Culture Corner	culture	культура	new
Module 1: School days	1d Culture Corner: Schools in England	Module 1	1d - Culture Corner	diagram	диаграмма	new
Module 1: School days	1d Culture Corner: Schools in England	Module 1	1d - Culture Corner	education system	образовательная система	new
Module 1: School days	1d Culture Corner: Schools in England	Module 1	1d - Culture Corner	primary school	начальная школа	new
Module 1: School days	1d Culture Corner: Schools in England	Module 1	1d - Culture Corner	Sixth Form	старшие классы (Великобритания)	new
Module 1: School days	1d Culture Corner: Schools in England	Module 1	1d - Culture Corner	type	тип, вид	new
Module 1: School days	1d Culture Corner: Schools in England	Module 1	1d - Culture Corner	university	университет	reuse:1684
Module 1: School days	English in Use 1	Module 1	English in Use 1	Good afternoon!	Добрый день!	new
Module 1: School days	English in Use 1	Module 1	English in Use 1	Good evening!	Добрый вечер!	new
Module 1: School days	English in Use 1	Module 1	English in Use 1	Good morning!	Доброе утро!	new
Module 1: School days	English in Use 1	Module 1	English in Use 1	Good night!	Спокойной ночи!	new
Module 1: School days	English in Use 1	Module 1	English in Use 1	See you (later)!	Увидимся (позже)!	new
Module 1: School days	English in Use 1	Module 1	English in Use 1	See you tomorrow!	До завтра!	new
Module 1: School days	Across the Curriculum 1: Citizenship	Module 1	Across the Curriculum 1: Citizenship	ask	спрашивать	new
Module 1: School days	Across the Curriculum 1: Citizenship	Module 1	Across the Curriculum 1: Citizenship	citizenship	гражданство; граждановедение	new
Module 1: School days	Across the Curriculum 1: Citizenship	Module 1	Across the Curriculum 1: Citizenship	mime	изображать мимикой и жестами	new
Module 1: School days	Across the Curriculum 1: Citizenship	Module 1	Across the Curriculum 1: Citizenship	share	делиться	reuse:3374
Module 1: School days	Across the Curriculum 1: Citizenship	Module 1	Across the Curriculum 1: Citizenship	smile	улыбаться	new
Module 1: School days	Across the Curriculum 1: Citizenship	Module 1	Across the Curriculum 1: Citizenship	thank	благодарить	new
Module 1: School days	Across the Curriculum 1: Citizenship	Module 1	Across the Curriculum 1: Citizenship	think	думать	reuse:1595
Module 1: School days	Across the Curriculum 1: Citizenship	Module 1	Across the Curriculum 1: Citizenship	work	работать	new
Module 1: School days	Across the Curriculum 1: Citizenship	Module 1	Across the Curriculum 1: Citizenship	alone	один, в одиночку	new
Module 1: School days	Across the Curriculum 1: Citizenship	Module 1	Across the Curriculum 1: Citizenship	in groups	в группах	new
Module 1: School days	Across the Curriculum 1: Citizenship	Module 1	Across the Curriculum 1: Citizenship	in pairs	в парах	new
Module 2: That's me!	2a I'm from… · описание и действия	Module 2	2a	amazing	изумительный	reuse:1768
Module 2: That's me!	2a I'm from… · описание и действия	Module 2	2a	aunt	тётя	reuse:303
Module 2: That's me!	2a I'm from… · описание и действия	Module 2	2a	bite	кусать	reuse:3386
Module 2: That's me!	2a I'm from… · описание и действия	Module 2	2a	brilliant	замечательный; блестящий	reuse:4736
Module 2: That's me!	2a I'm from… · описание и действия	Module 2	2a	can	мочь; уметь	new
Module 2: That's me!	2a I'm from… · описание и действия	Module 2	2a	cartoon character	персонаж мультфильма	new
Module 2: That's me!	2a I'm from… · описание и действия	Module 2	2a	evil	злой	new
Module 2: That's me!	2a I'm from… · описание и действия	Module 2	2a	fast	быстрый	reuse:658
Module 2: That's me!	2a I'm from… · описание и действия	Module 2	2a	find out	выяснять	reuse:994
Module 2: That's me!	2a I'm from… · описание и действия	Module 2	2a	quiet	тихий	reuse:766
Module 2: That's me!	2a I'm from… · описание и действия	Module 2	2a	powers	силы	new
Module 2: That's me!	2a I'm from… · описание и действия	Module 2	2a	special	особенный	new
Module 2: That's me!	2a I'm from… · описание и действия	Module 2	2a	spider	паук	reuse:242
Module 2: That's me!	2a I'm from… · описание и действия	Module 2	2a	stop	останавливать(ся)	new
Module 2: That's me!	2a I'm from… · описание и действия	Module 2	2a	strong	сильный	reuse:660
Module 2: That's me!	2a I'm from… · описание и действия	Module 2	2a	wall	стена	reuse:542
Module 2: That's me!	2a I'm from… · описание и действия	Module 2	2a	watch	смотреть, наблюдать	reuse:3160
Module 2: That's me!	2a I'm from… · описание и действия	Module 2	2a	who	кто	new
Module 2: That's me!	2a I'm from… · страны и национальности	Module 2	2a	American	американский; американец	new
Module 2: That's me!	2a I'm from… · страны и национальности	Module 2	2a	Australian	австралийский; австралиец	new
Module 2: That's me!	2a I'm from… · страны и национальности	Module 2	2a	British	британский; британец	new
Module 2: That's me!	2a I'm from… · страны и национальности	Module 2	2a	Canadian	канадский; канадец	new
Module 2: That's me!	2a I'm from… · страны и национальности	Module 2	2a	English	английский; англичанин	reuse:467
Module 2: That's me!	2a I'm from… · страны и национальности	Module 2	2a	French	французский; француз	reuse:468
Module 2: That's me!	2a I'm from… · страны и национальности	Module 2	2a	Italian	итальянский; итальянец	reuse:1425
Module 2: That's me!	2a I'm from… · страны и национальности	Module 2	2a	Japanese	японский; японец	new
Module 2: That's me!	2a I'm from… · страны и национальности	Module 2	2a	live	жить	new
Module 2: That's me!	2a I'm from… · страны и национальности	Module 2	2a	nationality	национальность	new
Module 2: That's me!	2a I'm from… · страны и национальности	Module 2	2a	New Zealander	житель Новой Зеландии	new
Module 2: That's me!	2a I'm from… · страны и национальности	Module 2	2a	people	люди	new
Module 2: That's me!	2a I'm from… · страны и национальности	Module 2	2a	Russian	русский	reuse:1429
Module 2: That's me!	2a I'm from… · страны и национальности	Module 2	2a	next door	по соседству	new
Module 2: That's me!	2a I'm from… · страны и национальности	Module 2	2a	speak English	разговаривать по-английски	new
Module 2: That's me!	2b My things! · личные вещи	Module 2	2b	basketball	баскетбольный мяч	new
Module 2: That's me!	2b My things! · личные вещи	Module 2	2b	bicycle (bike)	велосипед	reuse:229
Module 2: That's me!	2b My things! · личные вещи	Module 2	2b	digital camera	цифровой фотоаппарат	reuse:1647
Module 2: That's me!	2b My things! · личные вещи	Module 2	2b	gloves	перчатки	reuse:1156
Module 2: That's me!	2b My things! · личные вещи	Module 2	2b	guitar	гитара	reuse:58
Module 2: That's me!	2b My things! · личные вещи	Module 2	2b	handbag	сумочка	reuse:1026
Module 2: That's me!	2b My things! · личные вещи	Module 2	2b	helmet	шлем	reuse:1158
Module 2: That's me!	2b My things! · личные вещи	Module 2	2b	knife	нож	reuse:957
Module 2: That's me!	2b My things! · личные вещи	Module 2	2b	lamp	лампа	reuse:53
Module 2: That's me!	2b My things! · личные вещи	Module 2	2b	personal things	личные вещи	new
Module 2: That's me!	2b My things! · личные вещи	Module 2	2b	present	подарок	reuse:4328
Module 2: That's me!	2b My things! · личные вещи	Module 2	2b	scarf	шарф	reuse:1033
Module 2: That's me!	2b My things! · личные вещи	Module 2	2b	skateboard	скейтборд	reuse:76
Module 2: That's me!	2b My things! · личные вещи	Module 2	2b	teddy bear	плюшевый медведь	reuse:4099
Module 2: That's me!	2b My things! · личные вещи	Module 2	2b	thing	вещь, предмет	new
Module 2: That's me!	2b My things! · личные вещи	Module 2	2b	tie	галстук	reuse:1038
Module 2: That's me!	2b My things! · личные вещи	Module 2	2b	toy	игрушка	reuse:237
Module 2: That's me!	2b My things! · личные вещи	Module 2	2b	trainers	кроссовки	reuse:484
Module 2: That's me!	2b My things! · личные вещи	Module 2	2b	watch	часы	reuse:1417
Module 2: That's me!	2b My things! · личные вещи	Module 2	2b	Happy birthday!	С днём рождения!	new
Module 2: That's me!	2b My things! · необычное множественное число	Module 2	2b	child (pl: children)	ребёнок	reuse:1437
Module 2: That's me!	2b My things! · необычное множественное число	Module 2	2b	fly	муха	reuse:638
Module 2: That's me!	2b My things! · необычное множественное число	Module 2	2b	foot (pl: feet)	ступня	reuse:574
Module 2: That's me!	2b My things! · необычное множественное число	Module 2	2b	man (pl: men)	человек, мужчина	new
Module 2: That's me!	2b My things! · необычное множественное число	Module 2	2b	mouse (pl: mice)	мышь	reuse:247
Module 2: That's me!	2b My things! · необычное множественное число	Module 2	2b	tooth (pl: teeth)	зуб	reuse:1527
Module 2: That's me!	2b My things! · необычное множественное число	Module 2	2b	woman (pl: women)	женщина	new
Module 2: That's me!	2c My collection · коллекции и описание	Module 2	2c	age	возраст	reuse:2273
Module 2: That's me!	2c My collection · коллекции и описание	Module 2	2c	album	альбом	new
Module 2: That's me!	2c My collection · коллекции и описание	Module 2	2c	but	но	new
Module 2: That's me!	2c My collection · коллекции и описание	Module 2	2c	because	потому что	new
Module 2: That's me!	2c My collection · коллекции и описание	Module 2	2c	coin	монета	new
Module 2: That's me!	2c My collection · коллекции и описание	Module 2	2c	collection	коллекция	new
Module 2: That's me!	2c My collection · коллекции и описание	Module 2	2c	easy	лёгкий	reuse:726
Module 2: That's me!	2c My collection · коллекции и описание	Module 2	2c	feel	чувствовать	reuse:4491
Module 2: That's me!	2c My collection · коллекции и описание	Module 2	2c	great	большой, великий, отличный	new
Module 2: That's me!	2c My collection · коллекции и описание	Module 2	2c	happy	счастливый	reuse:705
Module 2: That's me!	2c My collection · коллекции и описание	Module 2	2c	nice	милый, приятный	reuse:584
Module 2: That's me!	2c My collection · коллекции и описание	Module 2	2c	picture	картинка	new
Module 2: That's me!	2c My collection · коллекции и описание	Module 2	2c	stamp	марка	new
Module 2: That's me!	2c My collection · коллекции и описание	Module 2	2c	be proud of	гордиться чем-либо, кем-либо	new
Module 2: That's me!	2c My collection · числа	Module 2	2c	hundred	сто; сотня	reuse:4786
Module 2: That's me!	2c My collection · числа	Module 2	2c	eighty	восемьдесят	reuse:4784
Module 2: That's me!	2c My collection · числа	Module 2	2c	fifty	пятьдесят	reuse:1552
Module 2: That's me!	2c My collection · числа	Module 2	2c	forty	сорок	reuse:1553
Module 2: That's me!	2c My collection · числа	Module 2	2c	ninety	девяносто	reuse:4787
Module 2: That's me!	2c My collection · числа	Module 2	2c	seventy	семьдесят	reuse:4789
Module 2: That's me!	2c My collection · числа	Module 2	2c	sixty	шестьдесят	reuse:1554
Module 2: That's me!	2c My collection · числа	Module 2	2c	thirty	тридцать	reuse:1555
Module 2: That's me!	2d Culture Corner: Souvenirs from Great Britain	Module 2	2d - Culture Corner	buy	покупать	reuse:4336
Module 2: That's me!	2d Culture Corner: Souvenirs from Great Britain	Module 2	2d - Culture Corner	cow	корова	reuse:1825
Module 2: That's me!	2d Culture Corner: Souvenirs from Great Britain	Module 2	2d - Culture Corner	double decker	двухэтажный автобус	new
Module 2: That's me!	2d Culture Corner: Souvenirs from Great Britain	Module 2	2d - Culture Corner	dragon	дракон	reuse:4096
Module 2: That's me!	2d Culture Corner: Souvenirs from Great Britain	Module 2	2d - Culture Corner	holidays	каникулы	new
Module 2: That's me!	2d Culture Corner: Souvenirs from Great Britain	Module 2	2d - Culture Corner	map	карта	reuse:337
Module 2: That's me!	2d Culture Corner: Souvenirs from Great Britain	Module 2	2d - Culture Corner	mug	кружка	reuse:958
Module 2: That's me!	2d Culture Corner: Souvenirs from Great Britain	Module 2	2d - Culture Corner	Northern Irish	ирландец (житель Северной Ирландии)	new
Module 2: That's me!	2d Culture Corner: Souvenirs from Great Britain	Module 2	2d - Culture Corner	pin	значок (зд.)	new
Module 2: That's me!	2d Culture Corner: Souvenirs from Great Britain	Module 2	2d - Culture Corner	popular	популярный	reuse:1772
Module 2: That's me!	2d Culture Corner: Souvenirs from Great Britain	Module 2	2d - Culture Corner	Scottish	шотландский	new
Module 2: That's me!	2d Culture Corner: Souvenirs from Great Britain	Module 2	2d - Culture Corner	shamrock	трилистник (эмблема Ирландии)	new
Module 2: That's me!	2d Culture Corner: Souvenirs from Great Britain	Module 2	2d - Culture Corner	souvenir	сувенир	new
Module 2: That's me!	2d Culture Corner: Souvenirs from Great Britain	Module 2	2d - Culture Corner	stuffed toy	мягкая игрушка	new
Module 2: That's me!	2d Culture Corner: Souvenirs from Great Britain	Module 2	2d - Culture Corner	tartan	шерстяная клетчатая материя	new
Module 2: That's me!	2d Culture Corner: Souvenirs from Great Britain	Module 2	2d - Culture Corner	Union Jack	флаг Великобритании	new
Module 2: That's me!	2d Culture Corner: Souvenirs from Great Britain	Module 2	2d - Culture Corner	Welsh	валлийский, валлиец (житель Уэльса)	new
Module 2: That's me!	English in Use 2	Module 2	English in Use 2	bell	колокольчик	new
Module 2: That's me!	English in Use 2	Module 2	English in Use 2	customer	покупатель, клиент	new
Module 2: That's me!	English in Use 2	Module 2	English in Use 2	key ring	брелок для ключей	new
Module 2: That's me!	English in Use 2	Module 2	English in Use 2	shop assistant	продавец	reuse:779
Module 2: That's me!	English in Use 2	Module 2	English in Use 2	thermos flask	термос	new
Module 2: That's me!	English in Use 2	Module 2	English in Use 2	T-shirt	футболка	reuse:277
Module 2: That's me!	English in Use 2	Module 2	English in Use 2	umbrella	зонт	reuse:388
Module 2: That's me!	English in Use 2	Module 2	English in Use 2	Here you are.	Вот, пожалуйста.	new
Module 2: That's me!	English in Use 2	Module 2	English in Use 2	How about ...?	Как насчёт ... ?	new
Module 2: That's me!	English in Use 2	Module 2	English in Use 2	How can I help you?	Чем я могу помочь?	new
Module 2: That's me!	English in Use 2	Module 2	English in Use 2	How much is it?	Сколько это стоит?	new
Module 2: That's me!	English in Use 2	Module 2	English in Use 2	I want to buy ... .	Я хочу купить ... .	new
Module 2: That's me!	English in Use 2	Module 2	English in Use 2	That's a good idea.	Это хорошая идея.	new
Module 2: That's me!	Across the Curriculum 2: Geography	Module 2	Across the Curriculum 2: Geography	awful	ужасный, страшный	reuse:1906
Module 2: That's me!	Across the Curriculum 2: Geography	Module 2	Across the Curriculum 2: Geography	capital (city)	столица	reuse:4659
Module 2: That's me!	Across the Curriculum 2: Geography	Module 2	Across the Curriculum 2: Geography	continent	континент, материк	new
Module 2: That's me!	Across the Curriculum 2: Geography	Module 2	Across the Curriculum 2: Geography	English-speaking countries	англоговорящие страны	new
Module 2: That's me!	Across the Curriculum 2: Geography	Module 2	Across the Curriculum 2: Geography	hole	отверстие, дырка	new
Module 2: That's me!	Across the Curriculum 2: Geography	Module 2	Across the Curriculum 2: Geography	quiz	викторина	new
Module 3: My home, my castle	3a At home · объявление о продаже	Module 3	3a	advert	рекламное объявление	reuse:3137
Module 3: My home, my castle	3a At home · объявление о продаже	Module 3	3a	architect	архитектор	reuse:1351
Module 3: My home, my castle	3a At home · объявление о продаже	Module 3	3a	article	статья	reuse:2208
Module 3: My home, my castle	3a At home · объявление о продаже	Module 3	3a	letter	письмо	new
Module 3: My home, my castle	3a At home · объявление о продаже	Module 3	3a	number (of)	количество	new
Module 3: My home, my castle	3a At home · объявление о продаже	Module 3	3a	pay	платить	new
Module 3: My home, my castle	3a At home · объявление о продаже	Module 3	3a	price	цена	reuse:2034
Module 3: My home, my castle	3a At home · объявление о продаже	Module 3	3a	for sale	на продажу	new
Module 3: My home, my castle	3a At home · комнаты	Module 3	3a	bathroom	ванная комната	reuse:259
Module 3: My home, my castle	3a At home · комнаты	Module 3	3a	bedroom	спальня	reuse:260
Module 3: My home, my castle	3a At home · комнаты	Module 3	3a	dining room	столовая	reuse:263
Module 3: My home, my castle	3a At home · комнаты	Module 3	3a	garage	гараж	reuse:538
Module 3: My home, my castle	3a At home · комнаты	Module 3	3a	hall	коридор, холл	reuse:262
Module 3: My home, my castle	3a At home · комнаты	Module 3	3a	kitchen	кухня	reuse:264
Module 3: My home, my castle	3a At home · комнаты	Module 3	3a	lift	лифт	reuse:355
Module 3: My home, my castle	3a At home · комнаты	Module 3	3a	living room	гостиная	reuse:261
Module 3: My home, my castle	3a At home · комнаты	Module 3	3a	reception room	зал для приёма гостей	new
Module 3: My home, my castle	3a At home · комнаты	Module 3	3a	swimming pool	бассейн	reuse:33
Module 3: My home, my castle	3a At home · описание	Module 3	3a	beautiful	красивый	reuse:732
Module 3: My home, my castle	3a At home · описание	Module 3	3a	false	неверный	reuse:4277
Module 3: My home, my castle	3a At home · описание	Module 3	3a	famous	известный	reuse:3694
Module 3: My home, my castle	3a At home · описание	Module 3	3a	great	великий, большой, отличный	new
Module 3: My home, my castle	3a At home · описание	Module 3	3a	own	собственный	new
Module 3: My home, my castle	3a At home · описание	Module 3	3a	true	верный	reuse:4276
Module 3: My home, my castle	3a At home · описание	Module 3	3a	unusual	необычный	reuse:1773
Module 3: My home, my castle	3a At home · описание	Module 3	3a	view	вид	new
Module 3: My home, my castle	3a At home · описание	Module 3	3a	keep fit	поддерживать форму	reuse:2110
Module 3: My home, my castle	3a At home · дом и этажи	Module 3	3a	first	первый	reuse:4785
Module 3: My home, my castle	3a At home · дом и этажи	Module 3	3a	flat	квартира	reuse:35
Module 3: My home, my castle	3a At home · дом и этажи	Module 3	3a	floor	пол, этаж	reuse:537
Module 3: My home, my castle	3a At home · дом и этажи	Module 3	3a	ground floor	первый этаж	reuse:983
Module 3: My home, my castle	3a At home · дом и этажи	Module 3	3a	home	дом	reuse:34
Module 3: My home, my castle	3a At home · дом и этажи	Module 3	3a	roof	крыша	reuse:1939
Module 3: My home, my castle	3a At home · дом и этажи	Module 3	3a	second	второй	reuse:4788
Module 3: My home, my castle	3a At home · дом и этажи	Module 3	3a	step	ступенька	reuse:3892
Module 3: My home, my castle	3a At home · дом и этажи	Module 3	3a	third	третий	reuse:4791
Module 3: My home, my castle	3a At home · дом и этажи	Module 3	3a	tower	башня	reuse:341
Module 3: My home, my castle	3a At home · дом и этажи	Module 3	3a	villa	вилла	new
Module 3: My home, my castle	3a At home · дом и этажи	Module 3	3a	block of flats	многоквартирный дом	reuse:967
Module 3: My home, my castle	3a At home · дом и этажи	Module 3	3a	live high up	жить на верхних этажах	new
Module 3: My home, my castle	3b Move in! · кухня, ванная и фразы	Module 3	3b	appliance	бытовой прибор, устройство	new
Module 3: My home, my castle	3b Move in! · кухня, ванная и фразы	Module 3	3b	bath	ванна	reuse:545
Module 3: My home, my castle	3b Move in! · кухня, ванная и фразы	Module 3	3b	cooker	кухонная плита	reuse:2320
Module 3: My home, my castle	3b Move in! · кухня, ванная и фразы	Module 3	3b	fridge	холодильник	reuse:549
Module 3: My home, my castle	3b Move in! · кухня, ванная и фразы	Module 3	3b	sink	раковина (на кухне)	reuse:990
Module 3: My home, my castle	3b Move in! · кухня, ванная и фразы	Module 3	3b	toilet	туалет	reuse:1468
Module 3: My home, my castle	3b Move in! · кухня, ванная и фразы	Module 3	3b	washbasin	раковина (в ванной)	new
Module 3: My home, my castle	3b Move in! · кухня, ванная и фразы	Module 3	3b	How many?	Сколько?	new
Module 3: My home, my castle	3b Move in! · кухня, ванная и фразы	Module 3	3b	Really?	На самом деле?	new
Module 3: My home, my castle	3b Move in! · кухня, ванная и фразы	Module 3	3b	Sounds great!	Хорошо! Здорово!	new
Module 3: My home, my castle	3b Move in! · кухня, ванная и фразы	Module 3	3b	What's your new flat like?	Как выглядит твоя новая квартира?	new
Module 3: My home, my castle	3b Move in! · кухня, ванная и фразы	Module 3	3b	heads or tails	(о монете) орёл или решка	new
Module 3: My home, my castle	3b Move in! · мебель	Module 3	3b	armchair	кресло	reuse:52
Module 3: My home, my castle	3b Move in! · мебель	Module 3	3b	bed	кровать	reuse:54
Module 3: My home, my castle	3b Move in! · мебель	Module 3	3b	bookcase	книжный шкаф	reuse:268
Module 3: My home, my castle	3b Move in! · мебель	Module 3	3b	book shelves	книжные полки	new
Module 3: My home, my castle	3b Move in! · мебель	Module 3	3b	carpet	ковёр	reuse:553
Module 3: My home, my castle	3b Move in! · мебель	Module 3	3b	coffee table	журнальный столик	new
Module 3: My home, my castle	3b Move in! · мебель	Module 3	3b	furniture	мебель	reuse:2505
Module 3: My home, my castle	3b Move in! · мебель	Module 3	3b	mirror	зеркало	reuse:51
Module 3: My home, my castle	3b Move in! · мебель	Module 3	3b	painting	картина	reuse:269
Module 3: My home, my castle	3b Move in! · мебель	Module 3	3b	sofa	диван, софа	reuse:56
Module 3: My home, my castle	3b Move in! · мебель	Module 3	3b	table	стол	reuse:55
Module 3: My home, my castle	3b Move in! · мебель	Module 3	3b	television (TV)	телевизор	reuse:558
Module 3: My home, my castle	3b Move in! · мебель	Module 3	3b	wardrobe	гардероб	reuse:552
Module 3: My home, my castle	3b Move in! · мебель	Module 3	3b	window	окно	reuse:222
Module 3: My home, my castle	3c My bedroom	Module 3	3c	call	называть	new
Module 3: My home, my castle	3c My bedroom	Module 3	3c	computer	компьютер	reuse:685
Module 3: My home, my castle	3c My bedroom	Module 3	3c	everything	всё	new
Module 3: My home, my castle	3c My bedroom	Module 3	3c	poster	плакат, постер	reuse:557
Module 3: My home, my castle	3c My bedroom	Module 3	3c	wall	стена	reuse:542
Module 3: My home, my castle	3c My bedroom	Module 3	3c	I like ... very much.	Мне очень нравится ... .	new
Module 3: My home, my castle	3c My bedroom	Module 3	3c	Where exactly is it?	Где именно это находится?	new
Module 3: My home, my castle	3d Culture Corner: A typical English house	Module 3	3d - Culture Corner	all	все, весь	new
Module 3: My home, my castle	3d Culture Corner: A typical English house	Module 3	3d - Culture Corner	another	другой	new
Module 3: My home, my castle	3d Culture Corner: A typical English house	Module 3	3d - Culture Corner	back garden	сад за домом	new
Module 3: My home, my castle	3d Culture Corner: A typical English house	Module 3	3d - Culture Corner	central heating	центральное отопление	new
Module 3: My home, my castle	3d Culture Corner: A typical English house	Module 3	3d - Culture Corner	downstairs	внизу	reuse:292
Module 3: My home, my castle	3d Culture Corner: A typical English house	Module 3	3d - Culture Corner	fireplace	камин	new
Module 3: My home, my castle	3d Culture Corner: A typical English house	Module 3	3d - Culture Corner	front garden	сад перед домом	new
Module 3: My home, my castle	3d Culture Corner: A typical English house	Module 3	3d - Culture Corner	inside	внутри	reuse:4641
Module 3: My home, my castle	3d Culture Corner: A typical English house	Module 3	3d - Culture Corner	outside	снаружи	reuse:4650
Module 3: My home, my castle	3d Culture Corner: A typical English house	Module 3	3d - Culture Corner	plan	схема, план	reuse:3960
Module 3: My home, my castle	3d Culture Corner: A typical English house	Module 3	3d - Culture Corner	semi-detached	имеющий общую стену	new
Module 3: My home, my castle	3d Culture Corner: A typical English house	Module 3	3d - Culture Corner	special features	особенности	new
Module 3: My home, my castle	3d Culture Corner: A typical English house	Module 3	3d - Culture Corner	typical	типичный	new
Module 3: My home, my castle	3d Culture Corner: A typical English house	Module 3	3d - Culture Corner	upstairs	вверху	reuse:291
Module 3: My home, my castle	3d Culture Corner: A typical English house	Module 3	3d - Culture Corner	keep people warm	согревать людей	new
Module 3: My home, my castle	English in Use 3	Module 3	English in Use 3	big	большой	reuse:520
Module 3: My home, my castle	English in Use 3	Module 3	English in Use 3	key	ключ	reuse:4502
Module 3: My home, my castle	English in Use 3	Module 3	English in Use 3	quite	вполне	reuse:2260
Module 3: My home, my castle	English in Use 3	Module 3	English in Use 3	Here we are.	Вот мы и здесь.	new
Module 3: My home, my castle	English in Use 3	Module 3	English in Use 3	It's great.	Здорово.	new
Module 3: My home, my castle	English in Use 3	Module 3	English in Use 3	Take a look.	Взгляни.	new
Module 3: My home, my castle	Across the Curriculum 3: Art & Design	Module 3	Across the Curriculum 3: Art & Design	admire	восхищаться	reuse:3469
Module 3: My home, my castle	Across the Curriculum 3: Art & Design	Module 3	Across the Curriculum 3: Art & Design	building	здание	new
Module 3: My home, my castle	Across the Curriculum 3: Art & Design	Module 3	Across the Curriculum 3: Art & Design	design	конструирование, дизайн	reuse:3234
Module 3: My home, my castle	Across the Curriculum 3: Art & Design	Module 3	Across the Curriculum 3: Art & Design	different	различный	new
Module 3: My home, my castle	Across the Curriculum 3: Art & Design	Module 3	Across the Curriculum 3: Art & Design	dome	купол	new
Module 3: My home, my castle	Across the Curriculum 3: Art & Design	Module 3	Across the Curriculum 3: Art & Design	fantastic	фантастический	reuse:1771
Module 3: My home, my castle	Across the Curriculum 3: Art & Design	Module 3	Across the Curriculum 3: Art & Design	marble	мрамор	new
Module 3: My home, my castle	Across the Curriculum 3: Art & Design	Module 3	Across the Curriculum 3: Art & Design	minaret	минарет	new
Module 3: My home, my castle	Across the Curriculum 3: Art & Design	Module 3	Across the Curriculum 3: Art & Design	pearl	жемчужина	new
Module 3: My home, my castle	Across the Curriculum 3: Art & Design	Module 3	Across the Curriculum 3: Art & Design	palace	дворец	reuse:1938
Module 3: My home, my castle	Across the Curriculum 3: Art & Design	Module 3	Across the Curriculum 3: Art & Design	precious	драгоценный	new
Module 3: My home, my castle	Across the Curriculum 3: Art & Design	Module 3	Across the Curriculum 3: Art & Design	shine	сверкать, сиять	reuse:4434
Module 3: My home, my castle	Across the Curriculum 3: Art & Design	Module 3	Across the Curriculum 3: Art & Design	stone	камень	new
Module 3: My home, my castle	Across the Curriculum 3: Art & Design	Module 3	Across the Curriculum 3: Art & Design	sunshine	солнечная погода	new
Module 3: My home, my castle	Across the Curriculum 3: Art & Design	Module 3	Across the Curriculum 3: Art & Design	wonder	чудо	new
Module 3: My home, my castle	Across the Curriculum 3: Art & Design	Module 3	Across the Curriculum 3: Art & Design	world	мир, земля	reuse:4612
Module 3: My home, my castle	Across the Curriculum 3: Art & Design	Module 3	Across the Curriculum 3: Art & Design	in the centre	в центре	new
Module 3: My home, my castle	Across the Curriculum 3: Art & Design	Module 3	Across the Curriculum 3: Art & Design	be made of	быть изготовленным, сделанным из	new
Module 4: Family ties	4a My family! · семья	Module 4	4a	baby	ребёнок	reuse:1434
Module 4: Family ties	4a My family! · семья	Module 4	4a	boy	мальчик	new
Module 4: Family ties	4a My family! · семья	Module 4	4a	brother	брат	reuse:422
Module 4: Family ties	4a My family! · семья	Module 4	4a	dad	папа	reuse:414
Module 4: Family ties	4a My family! · семья	Module 4	4a	family	семья	reuse:4264
Module 4: Family ties	4a My family! · семья	Module 4	4a	family members	члены семьи	new
Module 4: Family ties	4a My family! · семья	Module 4	4a	father	отец	reuse:413
Module 4: Family ties	4a My family! · семья	Module 4	4a	grandfather	дед	reuse:296
Module 4: Family ties	4a My family! · семья	Module 4	4a	grandma	бабушка	reuse:4474
Module 4: Family ties	4a My family! · семья	Module 4	4a	grandmother	бабушка	reuse:297
Module 4: Family ties	4a My family! · семья	Module 4	4a	grandpa	дедушка	reuse:4263
Module 4: Family ties	4a My family! · семья	Module 4	4a	grandparents	дедушка и бабушка	reuse:1407
Module 4: Family ties	4a My family! · семья	Module 4	4a	mother	мать	reuse:411
Module 4: Family ties	4a My family! · семья	Module 4	4a	mum	мама	reuse:412
Module 4: Family ties	4a My family! · семья	Module 4	4a	sister	сестра	reuse:423
Module 4: Family ties	4a My family! · действия и хобби	Module 4	4a	burn	гореть, пригорать	reuse:3388
Module 4: Family ties	4a My family! · действия и хобби	Module 4	4a	cookie	домашнее печенье	reuse:4598
Module 4: Family ties	4a My family! · действия и хобби	Module 4	4a	dance	танцевать	reuse:4144
Module 4: Family ties	4a My family! · действия и хобби	Module 4	4a	diary	дневник	reuse:1743
Module 4: Family ties	4a My family! · действия и хобби	Module 4	4a	food	еда	reuse:2504
Module 4: Family ties	4a My family! · действия и хобби	Module 4	4a	give	давать	new
Module 4: Family ties	4a My family! · действия и хобби	Module 4	4a	hobby	хобби	new
Module 4: Family ties	4a My family! · действия и хобби	Module 4	4a	laugh	смеяться	new
Module 4: Family ties	4a My family! · действия и хобби	Module 4	4a	make	делать, готовить	new
Module 4: Family ties	4a My family! · действия и хобби	Module 4	4a	piano	фортепиано	reuse:1229
Module 4: Family ties	4a My family! · действия и хобби	Module 4	4a	pilot	пилот	reuse:777
Module 4: Family ties	4a My family! · действия и хобби	Module 4	4a	play	играть	reuse:1506
Module 4: Family ties	4a My family! · действия и хобби	Module 4	4a	secret	секрет; тайный, секретный	new
Module 4: Family ties	4a My family! · действия и хобби	Module 4	4a	see	видеть	reuse:1594
Module 4: Family ties	4a My family! · действия и хобби	Module 4	4a	tell	говорить, рассказывать	reuse:3765
Module 4: Family ties	4a My family! · действия и хобби	Module 4	4a	violin	скрипка	reuse:1232
Module 4: Family ties	4a My family! · действия и хобби	Module 4	4a	visit	посещать, навещать	reuse:1796
Module 4: Family ties	4a My family! · действия и хобби	Module 4	4a	weekend	выходные, уик-энд	new
Module 4: Family ties	4a My family! · действия и хобби	Module 4	4a	yet	ещё, пока что	new
Module 4: Family ties	4a My family! · действия и хобби	Module 4	4a	every summer	каждое лето	new
Module 4: Family ties	4a My family! · характер	Module 4	4a	caring	заботливый, внимательный	reuse:3193
Module 4: Family ties	4a My family! · характер	Module 4	4a	clever	умный	reuse:580
Module 4: Family ties	4a My family! · характер	Module 4	4a	cool	классный	reuse:522
Module 4: Family ties	4a My family! · характер	Module 4	4a	friendly	дружелюбный	reuse:581
Module 4: Family ties	4a My family! · характер	Module 4	4a	funny	смешной	reuse:582
Module 4: Family ties	4a My family! · характер	Module 4	4a	kind	добрый	reuse:737
Module 4: Family ties	4a My family! · характер	Module 4	4a	naughty	непослушный	reuse:4646
Module 4: Family ties	4a My family! · характер	Module 4	4a	noisy	шумный	reuse:851
Module 4: Family ties	4a My family! · характер	Module 4	4a	sweet	сладкий, милый	reuse:966
Module 4: Family ties	4b Who is who? · внешность	Module 4	4b	appearance	внешность	new
Module 4: Family ties	4b Who is who? · внешность	Module 4	4b	build	телосложение	new
Module 4: Family ties	4b Who is who? · внешность	Module 4	4b	description	описание	new
Module 4: Family ties	4b Who is who? · внешность	Module 4	4b	ear	ухо	reuse:1515
Module 4: Family ties	4b Who is who? · внешность	Module 4	4b	eye	глаз	reuse:1516
Module 4: Family ties	4b Who is who? · внешность	Module 4	4b	facial features	черты лица	new
Module 4: Family ties	4b Who is who? · внешность	Module 4	4b	fair	светлый, белокурый	reuse:2735
Module 4: Family ties	4b Who is who? · внешность	Module 4	4b	fat	толстый, упитанный	reuse:1733
Module 4: Family ties	4b Who is who? · внешность	Module 4	4b	hair	волосы	reuse:63
Module 4: Family ties	4b Who is who? · внешность	Module 4	4b	height	рост	new
Module 4: Family ties	4b Who is who? · внешность	Module 4	4b	long	длинный	reuse:523
Module 4: Family ties	4b Who is who? · внешность	Module 4	4b	lovely	красивый	reuse:1907
Module 4: Family ties	4b Who is who? · внешность	Module 4	4b	moustache	усы	reuse:1059
Module 4: Family ties	4b Who is who? · внешность	Module 4	4b	mouth	рот	reuse:69
Module 4: Family ties	4b Who is who? · внешность	Module 4	4b	nose	нос	reuse:66
Module 4: Family ties	4b Who is who? · внешность	Module 4	4b	plump	полный, пухлый	reuse:4518
Module 4: Family ties	4b Who is who? · внешность	Module 4	4b	short	короткий, невысокий	reuse:526
Module 4: Family ties	4b Who is who? · внешность	Module 4	4b	tall	высокий	reuse:1693
Module 4: Family ties	4b Who is who? · внешность	Module 4	4b	thin	худой	new
Module 4: Family ties	4b Who is who? · другие слова	Module 4	4b	classmate	одноклассник	reuse:2468
Module 4: Family ties	4b Who is who? · другие слова	Module 4	4b	come	приходить	reuse:1591
Module 4: Family ties	4b Who is who? · другие слова	Module 4	4b	match	устанавливать соответствие, подходить	new
Module 4: Family ties	4b Who is who? · другие слова	Module 4	4b	party	вечеринка	new
Module 4: Family ties	4b Who is who? · другие слова	Module 4	4b	talk	разговаривать	new
Module 4: Family ties	4b Who is who? · другие слова	Module 4	4b	whose	чей	new
Module 4: Family ties	4b Who is who? · другие слова	Module 4	4b	with	с	new
Module 4: Family ties	4b Who is who? · другие слова	Module 4	4b	over there	вон там	new
Module 4: Family ties	4c Famous people	Module 4	4c	cooking	кулинария	reuse:2596
Module 4: Family ties	4c Famous people	Module 4	4c	dancing	танцы	reuse:1599
Module 4: Family ties	4c Famous people	Module 4	4c	full name	полное имя	new
Module 4: Family ties	4c Famous people	Module 4	4c	grace	грация, изящество	new
Module 4: Family ties	4c Famous people	Module 4	4c	guess	угадывать	reuse:2629
Module 4: Family ties	4c Famous people	Module 4	4c	jazz	джаз	reuse:831
Module 4: Family ties	4c Famous people	Module 4	4c	painting	рисование	reuse:304
Module 4: Family ties	4c Famous people	Module 4	4c	person	личность, человек	new
Module 4: Family ties	4c Famous people	Module 4	4c	place	место	reuse:4356
Module 4: Family ties	4c Famous people	Module 4	4c	profile	анкета, краткие сведения	new
Module 4: Family ties	4c Famous people	Module 4	4c	singer	певец, певица	reuse:780
Module 4: Family ties	4c Famous people	Module 4	4c	singing	пение	reuse:2606
Module 4: Family ties	4c Famous people	Module 4	4c	voice	голос	reuse:3915
Module 4: Family ties	4c Famous people	Module 4	4c	young	молодой	reuse:1741
Module 4: Family ties	4d Culture Corner: American TV families	Module 4	4d - Culture Corner	comic book	книга (журнал) комиксов	new
Module 4: Family ties	4d Culture Corner: American TV families	Module 4	4d - Culture Corner	cook	готовить	reuse:324
Module 4: Family ties	4d Culture Corner: American TV families	Module 4	4d - Culture Corner	drink	пить	new
Module 4: Family ties	4d Culture Corner: American TV families	Module 4	4d - Culture Corner	patient	терпеливый	reuse:854
Module 4: Family ties	4d Culture Corner: American TV families	Module 4	4d - Culture Corner	saxophone	саксофон	reuse:1230
Module 4: Family ties	4d Culture Corner: American TV families	Module 4	4d - Culture Corner	slim	стройный	reuse:1739
Module 4: Family ties	4d Culture Corner: American TV families	Module 4	4d - Culture Corner	show	шоу, зрелище	new
Module 4: Family ties	4d Culture Corner: American TV families	Module 4	4d - Culture Corner	Swedish	шведский	new
Module 4: Family ties	4d Culture Corner: American TV families	Module 4	4d - Culture Corner	all over the world	во всём мире	new
Module 4: Family ties	4d Culture Corner: American TV families	Module 4	4d - Culture Corner	be afraid (of)	бояться (чего-либо)	new
Module 4: Family ties	4d Culture Corner: American TV families	Module 4	4d - Culture Corner	What are they like?	Какие они? (по нраву, характеру)	new
Module 4: Family ties	4d Culture Corner: American TV families	Module 4	4d - Culture Corner	What do they look like?	Как они выглядят?	new
Module 4: Family ties	English in Use 4	Module 4	English in Use 4	now	сейчас	new
Module 4: Family ties	English in Use 4	Module 4	English in Use 4	pretty	симпатичный, хорошенький	reuse:2252
Module 4: Family ties	English in Use 4	Module 4	English in Use 4	as well	также	new
Module 4: Family ties	English in Use 4	Module 4	English in Use 4	What does she look like?	Как она выглядит?	new
Module 4: Family ties	English in Use 4	Module 4	English in Use 4	What is she like?	Какая она? (по нраву, характеру)	new
Module 4: Family ties	Across the Curriculum 4: Literature · животные	Module 4	Across the Curriculum 4: Literature	bee	пчела	reuse:2993
Module 4: Family ties	Across the Curriculum 4: Literature · животные	Module 4	Across the Curriculum 4: Literature	lamb	ягнёнок, овечка	reuse:4720
Module 4: Family ties	Across the Curriculum 4: Literature · животные	Module 4	Across the Curriculum 4: Literature	mule	мул, осёл	new
Module 4: Family ties	Across the Curriculum 4: Literature · животные	Module 4	Across the Curriculum 4: Literature	owl	сова	new
Module 4: Family ties	Across the Curriculum 4: Literature · животные	Module 4	Across the Curriculum 4: Literature	ox (pl: oxen)	бык	new
Module 4: Family ties	Across the Curriculum 4: Literature · животные	Module 4	Across the Curriculum 4: Literature	peacock	павлин	new
Module 4: Family ties	Across the Curriculum 4: Literature · животные	Module 4	Across the Curriculum 4: Literature	snail	улитка	new
Module 4: Family ties	Across the Curriculum 4: Literature · описание	Module 4	Across the Curriculum 4: Literature	busy	занятой	reuse:1960
Module 4: Family ties	Across the Curriculum 4: Literature · описание	Module 4	Across the Curriculum 4: Literature	gentle	добрый, мягкий	new
Module 4: Family ties	Across the Curriculum 4: Literature · описание	Module 4	Across the Curriculum 4: Literature	playful	игривый, весёлый	reuse:4298
Module 4: Family ties	Across the Curriculum 4: Literature · описание	Module 4	Across the Curriculum 4: Literature	slow	медленный	reuse:659
Module 4: Family ties	Across the Curriculum 4: Literature · описание	Module 4	Across the Curriculum 4: Literature	stubborn	упрямый	new
Module 4: Family ties	Across the Curriculum 4: Literature · описание	Module 4	Across the Curriculum 4: Literature	wise	мудрый	new
Module 4: Family ties	Across the Curriculum 4: Literature · описание	Module 4	Across the Curriculum 4: Literature	as ... as	такой ..., как	new
Module 4: Family ties	Across the Curriculum 4: Literature · стихи и литература	Module 4	Across the Curriculum 4: Literature	granny	бабушка	reuse:419
Module 4: Family ties	Across the Curriculum 4: Literature · стихи и литература	Module 4	Across the Curriculum 4: Literature	literature	литература	new
Module 4: Family ties	Across the Curriculum 4: Literature · стихи и литература	Module 4	Across the Curriculum 4: Literature	poem	стихотворение	new
Module 4: Family ties	Across the Curriculum 4: Literature · стихи и литература	Module 4	Across the Curriculum 4: Literature	rhyming words	рифмующиеся слова	new
Module 4: Family ties	Across the Curriculum 4: Literature · стихи и литература	Module 4	Across the Curriculum 4: Literature	simile	сравнение	new
Module 4: Family ties	Across the Curriculum 4: Literature · стихи и литература	Module 4	Across the Curriculum 4: Literature	title	заглавие, название	reuse:2681
Module 4: Family ties	Across the Curriculum 4: Literature · стихи и литература	Module 4	Across the Curriculum 4: Literature	send an email	отправить сообщение по электронной почте	reuse:698
Module 5: World animals	5a Amazing creatures · описание и природа	Module 5	5a	amazing	чудесный, восхитительный	reuse:1768
Module 5: World animals	5a Amazing creatures · описание и природа	Module 5	5a	dangerous	опасный	reuse:657
Module 5: World animals	5a Amazing creatures · описание и природа	Module 5	5a	female	женский	new
Module 5: World animals	5a Amazing creatures · описание и природа	Module 5	5a	grass	трава	reuse:1764
Module 5: World animals	5a Amazing creatures · описание и природа	Module 5	5a	habit	привычка	new
Module 5: World animals	5a Amazing creatures · описание и природа	Module 5	5a	heavy	тяжёлый	reuse:1306
Module 5: World animals	5a Amazing creatures · описание и природа	Module 5	5a	metre	метр	new
Module 5: World animals	5a Amazing creatures · описание и природа	Module 5	5a	mud	грязь	new
Module 5: World animals	5a Amazing creatures · описание и природа	Module 5	5a	permanent	постоянный	new
Module 5: World animals	5a Amazing creatures · описание и природа	Module 5	5a	plant	растение	reuse:556
Module 5: World animals	5a Amazing creatures · животные	Module 5	5a	animal	животное	new
Module 5: World animals	5a Amazing creatures · животные	Module 5	5a	camel	верблюд	reuse:4728
Module 5: World animals	5a Amazing creatures · животные	Module 5	5a	cobra	кобра	new
Module 5: World animals	5a Amazing creatures · животные	Module 5	5a	creature	создание, творение	reuse:3311
Module 5: World animals	5a Amazing creatures · животные	Module 5	5a	crocodile	крокодил	reuse:17
Module 5: World animals	5a Amazing creatures · животные	Module 5	5a	deer (pl: deer)	олень	reuse:2995
Module 5: World animals	5a Amazing creatures · животные	Module 5	5a	elephant	слон	reuse:238
Module 5: World animals	5a Amazing creatures · животные	Module 5	5a	horn	рог	reuse:4424
Module 5: World animals	5a Amazing creatures · животные	Module 5	5a	leopard	леопард	reuse:1267
Module 5: World animals	5a Amazing creatures · животные	Module 5	5a	lion	лев	reuse:642
Module 5: World animals	5a Amazing creatures · животные	Module 5	5a	rhino	носорог	reuse:1272
Module 5: World animals	5a Amazing creatures · животные	Module 5	5a	stripe	полоса	new
Module 5: World animals	5a Amazing creatures · животные	Module 5	5a	tiger	тигр	reuse:16
Module 5: World animals	5a Amazing creatures · животные	Module 5	5a	trunk	хобот	new
Module 5: World animals	5a Amazing creatures · действия	Module 5	5a	bite	кусать	reuse:3386
Module 5: World animals	5a Amazing creatures · действия	Module 5	5a	carry	носить, переносить	reuse:4529
Module 5: World animals	5a Amazing creatures · действия	Module 5	5a	cry	плакать	new
Module 5: World animals	5a Amazing creatures · действия	Module 5	5a	hide	прятать(ся)	new
Module 5: World animals	5a Amazing creatures · действия	Module 5	5a	hunt	охотиться	reuse:1275
Module 5: World animals	5a Amazing creatures · действия	Module 5	5a	relax	отдыхать, расслабляться	reuse:2109
Module 5: World animals	5a Amazing creatures · действия	Module 5	5a	sleep	спать	new
Module 5: World animals	5a Amazing creatures · действия	Module 5	5a	swim	плавать	reuse:599
Module 5: World animals	5a Amazing creatures · действия	Module 5	5a	use	использовать	new
Module 5: World animals	5a Amazing creatures · действия	Module 5	5a	wash	мыть	new
Module 5: World animals	5b At the zoo · другие слова	Module 5	5b	address	адрес	reuse:2272
Module 5: World animals	5b At the zoo · другие слова	Module 5	5b	anyway	в любом случае	new
Module 5: World animals	5b At the zoo · другие слова	Module 5	5b	find	находить	reuse:4181
Module 5: World animals	5b At the zoo · другие слова	Module 5	5b	fruit	фрукт	reuse:435
Module 5: World animals	5b At the zoo · другие слова	Module 5	5b	hear	слышать	new
Module 5: World animals	5b At the zoo · другие слова	Module 5	5b	highlighted	выделенный	new
Module 5: World animals	5b At the zoo · другие слова	Module 5	5b	opening times	часы работы	new
Module 5: World animals	5b At the zoo · другие слова	Module 5	5b	reason	причина	new
Module 5: World animals	5b At the zoo · другие слова	Module 5	5b	sound	звук	reuse:4522
Module 5: World animals	5b At the zoo · другие слова	Module 5	5b	ticket	билет	reuse:1983
Module 5: World animals	5b At the zoo · животные	Module 5	5b	adult	взрослый	new
Module 5: World animals	5b At the zoo · животные	Module 5	5b	bear	медведь	reuse:14
Module 5: World animals	5b At the zoo · животные	Module 5	5b	cute	милый, симпатичный	reuse:656
Module 5: World animals	5b At the zoo · животные	Module 5	5b	fish	рыба	reuse:254
Module 5: World animals	5b At the zoo · животные	Module 5	5b	giraffe	жираф	reuse:640
Module 5: World animals	5b At the zoo · животные	Module 5	5b	monkey	обезьяна	reuse:20
Module 5: World animals	5b At the zoo · животные	Module 5	5b	otter	выдра	new
Module 5: World animals	5b At the zoo · животные	Module 5	5b	peacock	павлин	new
Module 5: World animals	5b At the zoo · животные	Module 5	5b	penguin	пингвин	reuse:1270
Module 5: World animals	5b At the zoo · животные	Module 5	5b	thick	толстый	new
Module 5: World animals	5b At the zoo · животные	Module 5	5b	wild	дикий	new
Module 5: World animals	5b At the zoo · части тела животных	Module 5	5b	beak	клюв	new
Module 5: World animals	5b At the zoo · части тела животных	Module 5	5b	feather	перо	new
Module 5: World animals	5b At the zoo · части тела животных	Module 5	5b	fur	мех	new
Module 5: World animals	5b At the zoo · части тела животных	Module 5	5b	leg	нога	reuse:288
Module 5: World animals	5b At the zoo · части тела животных	Module 5	5b	mane	грива	new
Module 5: World animals	5b At the zoo · части тела животных	Module 5	5b	neck	шея	reuse:578
Module 5: World animals	5b At the zoo · части тела животных	Module 5	5b	paw	лапа	new
Module 5: World animals	5b At the zoo · части тела животных	Module 5	5b	tail	хвост	reuse:4423
Module 5: World animals	5b At the zoo · части тела животных	Module 5	5b	trunk	хобот	new
Module 5: World animals	5b At the zoo · части тела животных	Module 5	5b	tusk	бивень	new
Module 5: World animals	5b At the zoo · части тела животных	Module 5	5b	wing	крыло	new
Module 5: World animals	5b At the zoo · части тела животных	Module 5	5b	parts of the body	части тела	new
Module 5: World animals	5c My pet · другие слова	Module 5	5c	activity	деятельность, занятие	reuse:4489
Module 5: World animals	5c My pet · другие слова	Module 5	5c	bright	яркий	reuse:4088
Module 5: World animals	5c My pet · другие слова	Module 5	5c	else	ещё	new
Module 5: World animals	5c My pet · другие слова	Module 5	5c	golden	золотой	reuse:4250
Module 5: World animals	5c My pet · другие слова	Module 5	5c	guy	парень	new
Module 5: World animals	5c My pet · другие слова	Module 5	5c	list	составлять список, относить к чему-либо	reuse:2630
Module 5: World animals	5c My pet · другие слова	Module 5	5c	notify	оповещать, уведомлять	new
Module 5: World animals	5c My pet · другие слова	Module 5	5c	take	брать	reuse:4149
Module 5: World animals	5c My pet · другие слова	Module 5	5c	all day long	весь день	new
Module 5: World animals	5c My pet · другие слова	Module 5	5c	take sb for walks	брать кого-либо на прогулку	new
Module 5: World animals	5c My pet · другие слова	Module 5	5c	talk online	разговаривать через интернет	new
Module 5: World animals	5c My pet · домашние животные	Module 5	5c	budgie	волнистый попугайчик	new
Module 5: World animals	5c My pet · домашние животные	Module 5	5c	cow	корова	reuse:1825
Module 5: World animals	5c My pet · домашние животные	Module 5	5c	dog	собака	reuse:244
Module 5: World animals	5c My pet · домашние животные	Module 5	5c	duck	утка	reuse:243
Module 5: World animals	5c My pet · домашние животные	Module 5	5c	farm animals	домашний скот	new
Module 5: World animals	5c My pet · домашние животные	Module 5	5c	goat	козел, коза	new
Module 5: World animals	5c My pet · домашние животные	Module 5	5c	goldfish	золотая рыбка	reuse:650
Module 5: World animals	5c My pet · домашние животные	Module 5	5c	goose (pl: geese)	гусь	new
Module 5: World animals	5c My pet · домашние животные	Module 5	5c	guinea pig	морская свинка	new
Module 5: World animals	5c My pet · домашние животные	Module 5	5c	hen	курица	reuse:255
Module 5: World animals	5c My pet · домашние животные	Module 5	5c	pet	домашний питомец	new
Module 5: World animals	5c My pet · домашние животные	Module 5	5c	rabbit	кролик	reuse:654
Module 5: World animals	5c My pet · домашние животные	Module 5	5c	sheep (pl: sheep)	овца	reuse:1832
Module 5: World animals	5c My pet · домашние животные	Module 5	5c	tortoise	черепаха	reuse:655
Module 5: World animals	5d Culture Corner: Furry friends · коала и природа	Module 5	5d - Culture Corner	characteristic	характеристика	new
Module 5: World animals	5d Culture Corner: Furry friends · коала и природа	Module 5	5d - Culture Corner	eucalyptus	эвкалипт	new
Module 5: World animals	5d Culture Corner: Furry friends · коала и природа	Module 5	5d - Culture Corner	fact file	анкета	new
Module 5: World animals	5d Culture Corner: Furry friends · коала и природа	Module 5	5d - Culture Corner	koala	коала	new
Module 5: World animals	5d Culture Corner: Furry friends · коала и природа	Module 5	5d - Culture Corner	leaf (pl: leaves)	лист	new
Module 5: World animals	5d Culture Corner: Furry friends · коала и природа	Module 5	5d - Culture Corner	liquid	жидкость	new
Module 5: World animals	5d Culture Corner: Furry friends · коала и природа	Module 5	5d - Culture Corner	mammal	млекопитающее	new
Module 5: World animals	5d Culture Corner: Furry friends · коала и природа	Module 5	5d - Culture Corner	marsupial	сумчатый	new
Module 5: World animals	5d Culture Corner: Furry friends · коала и природа	Module 5	5d - Culture Corner	zoologist	зоолог	new
Module 5: World animals	5d Culture Corner: Furry friends · другие слова	Module 5	5d - Culture Corner	complete	заполнять, завершать	new
Module 5: World animals	5d Culture Corner: Furry friends · другие слова	Module 5	5d - Culture Corner	get	получать	reuse:1592
Module 5: World animals	5d Culture Corner: Furry friends · другие слова	Module 5	5d - Culture Corner	mean	иметь в виду, обозначать	new
Module 5: World animals	5d Culture Corner: Furry friends · другие слова	Module 5	5d - Culture Corner	need	нуждаться	reuse:4222
Module 5: World animals	5d Culture Corner: Furry friends · другие слова	Module 5	5d - Culture Corner	never	никогда	reuse:4540
Module 5: World animals	5d Culture Corner: Furry friends · другие слова	Module 5	5d - Culture Corner	during the day	в течение дня	new
Module 5: World animals	5d Culture Corner: Furry friends · другие слова	Module 5	5d - Culture Corner	they don't make good pets	они не поддаются приручению	new
Module 5: World animals	5d Culture Corner: Furry friends · описание	Module 5	5d - Culture Corner	cute	милый, симпатичный	reuse:656
Module 5: World animals	5d Culture Corner: Furry friends · описание	Module 5	5d - Culture Corner	furry	пушистый, меховой	new
Module 5: World animals	5d Culture Corner: Furry friends · описание	Module 5	5d - Culture Corner	little	маленький	reuse:1691
Module 5: World animals	5d Culture Corner: Furry friends · описание	Module 5	5d - Culture Corner	round	круглый	reuse:2378
Module 5: World animals	5d Culture Corner: Furry friends · описание	Module 5	5d - Culture Corner	sharp	острый	new
Module 5: World animals	5d Culture Corner: Furry friends · описание	Module 5	5d - Culture Corner	soft	мягкий	reuse:1309
Module 5: World animals	English in Use 5	Module 5	English in Use 5	breast	грудь	reuse:2956
Module 5: World animals	English in Use 5	Module 5	English in Use 5	breath	дыхание	new
Module 5: World animals	English in Use 5	Module 5	English in Use 5	broken	сломанный	reuse:2968
Module 5: World animals	English in Use 5	Module 5	English in Use 5	earache	боль в ухе	reuse:365
Module 5: World animals	English in Use 5	Module 5	English in Use 5	fleas	блохи	new
Module 5: World animals	English in Use 5	Module 5	English in Use 5	health	здоровье	new
Module 5: World animals	English in Use 5	Module 5	English in Use 5	parrot	попугай	reuse:19
Module 5: World animals	English in Use 5	Module 5	English in Use 5	problem	проблема	new
Module 5: World animals	English in Use 5	Module 5	English in Use 5	toothache	зубная боль	reuse:369
Module 5: World animals	English in Use 5	Module 5	English in Use 5	vet	ветеринар	reuse:782
Module 5: World animals	English in Use 5	Module 5	English in Use 5	visit	визит, посещение; посещать	reuse:1796
Module 5: World animals	English in Use 5	Module 5	English in Use 5	be ill	болеть	reuse:2979
Module 5: World animals	English in Use 5	Module 5	English in Use 5	What's the matter?	Что случилось?	new
Module 5: World animals	English in Use 5	Module 5	English in Use 5	What's wrong (with him)?	Что (с ним) случилось?	new
Module 5: World animals	Across the Curriculum 5: Science · насекомые	Module 5	Across the Curriculum 5: Science	ant	муравей	reuse:2991
Module 5: World animals	Across the Curriculum 5: Science · насекомые	Module 5	Across the Curriculum 5: Science	antenna (plural: antennae)	усик, щупальце	new
Module 5: World animals	Across the Curriculum 5: Science · насекомые	Module 5	Across the Curriculum 5: Science	bee	пчела	reuse:2993
Module 5: World animals	Across the Curriculum 5: Science · насекомые	Module 5	Across the Curriculum 5: Science	beetle	жук	new
Module 5: World animals	Across the Curriculum 5: Science · насекомые	Module 5	Across the Curriculum 5: Science	butterfly	бабочка	reuse:634
Module 5: World animals	Across the Curriculum 5: Science · насекомые	Module 5	Across the Curriculum 5: Science	buzz around	жужжать	new
Module 5: World animals	Across the Curriculum 5: Science · насекомые	Module 5	Across the Curriculum 5: Science	dragonfly	стрекоза	new
Module 5: World animals	Across the Curriculum 5: Science · насекомые	Module 5	Across the Curriculum 5: Science	fly	муха	reuse:638
Module 5: World animals	Across the Curriculum 5: Science · насекомые	Module 5	Across the Curriculum 5: Science	grasshopper	кузнечик	new
Module 5: World animals	Across the Curriculum 5: Science · насекомые	Module 5	Across the Curriculum 5: Science	honey	мёд	reuse:1869
Module 5: World animals	Across the Curriculum 5: Science · насекомые	Module 5	Across the Curriculum 5: Science	insect	насекомое	reuse:3397
Module 5: World animals	Across the Curriculum 5: Science · насекомые	Module 5	Across the Curriculum 5: Science	ladybird	божья коровка	new
Module 5: World animals	Across the Curriculum 5: Science · насекомые	Module 5	Across the Curriculum 5: Science	mosquito	комар	reuse:3001
Module 5: World animals	Across the Curriculum 5: Science · насекомые	Module 5	Across the Curriculum 5: Science	wasp	оса	new
Module 5: World animals	Across the Curriculum 5: Science · другие слова	Module 5	Across the Curriculum 5: Science	call	называть	new
Module 5: World animals	Across the Curriculum 5: Science · другие слова	Module 5	Across the Curriculum 5: Science	detective	детектив; детективный	reuse:1243
Module 5: World animals	Across the Curriculum 5: Science · другие слова	Module 5	Across the Curriculum 5: Science	expect	ожидать	new
Module 5: World animals	Across the Curriculum 5: Science · другие слова	Module 5	Across the Curriculum 5: Science	important	важный	reuse:1689
Module 5: World animals	Across the Curriculum 5: Science · другие слова	Module 5	Across the Curriculum 5: Science	keep	хранить	new
Module 5: World animals	Across the Curriculum 5: Science · другие слова	Module 5	Across the Curriculum 5: Science	million	миллион	reuse:1294
Module 5: World animals	Across the Curriculum 5: Science · другие слова	Module 5	Across the Curriculum 5: Science	present	представлять	new
Module 5: World animals	Across the Curriculum 5: Science · природа и отходы	Module 5	Across the Curriculum 5: Science	dead	мёртвый	new
Module 5: World animals	Across the Curriculum 5: Science · природа и отходы	Module 5	Across the Curriculum 5: Science	field	поле	new
Module 5: World animals	Across the Curriculum 5: Science · природа и отходы	Module 5	Across the Curriculum 5: Science	forest	лес	reuse:390
Module 5: World animals	Across the Curriculum 5: Science · природа и отходы	Module 5	Across the Curriculum 5: Science	ground	земля	new
Module 5: World animals	Across the Curriculum 5: Science · природа и отходы	Module 5	Across the Curriculum 5: Science	life	жизнь	new
Module 5: World animals	Across the Curriculum 5: Science · природа и отходы	Module 5	Across the Curriculum 5: Science	rubbish	мусор	reuse:2873
Module 5: World animals	Across the Curriculum 5: Science · природа и отходы	Module 5	Across the Curriculum 5: Science	unwanted	ненужный, лишний	new
Module 5: World animals	Across the Curriculum 5: Science · природа и отходы	Module 5	Across the Curriculum 5: Science	waste	отходы	new
Module 6: Round the clock	6a Wakey, wakey! · спорт и герои	Module 6	6a	acrobatics	акробатика	new
Module 6: Round the clock	6a Wakey, wakey! · спорт и герои	Module 6	6a	action hero	герой боевика	new
Module 6: Round the clock	6a Wakey, wakey! · спорт и герои	Module 6	6a	archaeologist	археолог	new
Module 6: Round the clock	6a Wakey, wakey! · спорт и герои	Module 6	6a	fight	бороться	new
Module 6: Round the clock	6a Wakey, wakey! · спорт и герои	Module 6	6a	go jogging	совершать пробежку	new
Module 6: Round the clock	6a Wakey, wakey! · спорт и герои	Module 6	6a	practise kick boxing	упражняться в кикбоксинге	new
Module 6: Round the clock	6a Wakey, wakey! · как часто	Module 6	6a	after	после	new
Module 6: Round the clock	6a Wakey, wakey! · как часто	Module 6	6a	always	всегда	reuse:4525
Module 6: Round the clock	6a Wakey, wakey! · как часто	Module 6	6a	before	перед (о времени)	new
Module 6: Round the clock	6a Wakey, wakey! · как часто	Module 6	6a	daily	ежедневный	new
Module 6: Round the clock	6a Wakey, wakey! · как часто	Module 6	6a	late	поздно	reuse:1810
Module 6: Round the clock	6a Wakey, wakey! · как часто	Module 6	6a	often	часто	new
Module 6: Round the clock	6a Wakey, wakey! · как часто	Module 6	6a	sometimes	иногда	reuse:4547
Module 6: Round the clock	6a Wakey, wakey! · как часто	Module 6	6a	usually	обычно	reuse:4549
Module 6: Round the clock	6a Wakey, wakey! · время	Module 6	6a	clock	часы	reuse:1474
Module 6: Round the clock	6a Wakey, wakey! · время	Module 6	6a	at ... o'clock	в ... часов	new
Module 6: Round the clock	6a Wakey, wakey! · время	Module 6	6a	at midnight/at night	в полночь/ночью	new
Module 6: Round the clock	6a Wakey, wakey! · время	Module 6	6a	at noon	в полдень	new
Module 6: Round the clock	6a Wakey, wakey! · время	Module 6	6a	for a while	некоторое время	reuse:4664
Module 6: Round the clock	6a Wakey, wakey! · время	Module 6	6a	half past seven	половина восьмого	new
Module 6: Round the clock	6a Wakey, wakey! · время	Module 6	6a	Have you got the time, please?	Скажите, пожалуйста, который час?	new
Module 6: Round the clock	6a Wakey, wakey! · время	Module 6	6a	quarter past seven	четверть восьмого	new
Module 6: Round the clock	6a Wakey, wakey! · время	Module 6	6a	quarter to seven	без четверти семь	new
Module 6: Round the clock	6a Wakey, wakey! · время	Module 6	6a	What's the time, please?	Скажите, пожалуйста, который час?	new
Module 6: Round the clock	6a Wakey, wakey! · распорядок дня	Module 6	6a	daily routine	распорядок дня	new
Module 6: Round the clock	6a Wakey, wakey! · распорядок дня	Module 6	6a	get up	вставать (с постели)	reuse:1
Module 6: Round the clock	6a Wakey, wakey! · распорядок дня	Module 6	6a	wake up	просыпаться	reuse:996
Module 6: Round the clock	6a Wakey, wakey! · распорядок дня	Module 6	6a	at home	дома	new
Module 6: Round the clock	6a Wakey, wakey! · распорядок дня	Module 6	6a	do homework	делать домашнее задание	reuse:2228
Module 6: Round the clock	6a Wakey, wakey! · распорядок дня	Module 6	6a	do the/go shopping	ходить за покупками	reuse:1706
Module 6: Round the clock	6a Wakey, wakey! · распорядок дня	Module 6	6a	have/eat dinner	ужинать	reuse:8
Module 6: Round the clock	6a Wakey, wakey! · распорядок дня	Module 6	6a	have/eat lunch	обедать	reuse:6
Module 6: Round the clock	6a Wakey, wakey! · распорядок дня	Module 6	6a	get dressed	одеваться	reuse:2
Module 6: Round the clock	6a Wakey, wakey! · распорядок дня	Module 6	6a	go to bed	ложиться спать	reuse:9
Module 6: Round the clock	6a Wakey, wakey! · распорядок дня	Module 6	6a	go to school	ходить в школу	reuse:5
Module 6: Round the clock	6a Wakey, wakey! · распорядок дня	Module 6	6a	work on computer	работать на компьютере	new
Module 6: Round the clock	6b At work · места в городе	Module 6	6b	ambulance	машина скорой помощи	new
Module 6: Round the clock	6b At work · места в городе	Module 6	6b	baker's	булочная, пекарня	reuse:871
Module 6: Round the clock	6b At work · места в городе	Module 6	6b	bakery	булочная, пекарня	reuse:2568
Module 6: Round the clock	6b At work · места в городе	Module 6	6b	café	кафе	reuse:26
Module 6: Round the clock	6b At work · места в городе	Module 6	6b	hospital	больница	reuse:24
Module 6: Round the clock	6b At work · места в городе	Module 6	6b	a street scene	уличная сцена	new
Module 6: Round the clock	6b At work · места в городе	Module 6	6b	across the road	через дорогу	new
Module 6: Round the clock	6b At work · места в городе	Module 6	6b	by the fire	у огня	new
Module 6: Round the clock	6b At work · профессии	Module 6	6b	baker	булочник, пекарь	reuse:4527
Module 6: Round the clock	6b At work · профессии	Module 6	6b	doctor	доктор, врач	reuse:364
Module 6: Round the clock	6b At work · профессии	Module 6	6b	job	работа	new
Module 6: Round the clock	6b At work · профессии	Module 6	6b	mechanic	механик	reuse:1951
Module 6: Round the clock	6b At work · профессии	Module 6	6b	Mr	мистер, господин	new
Module 6: Round the clock	6b At work · профессии	Module 6	6b	Ms	мисс	new
Module 6: Round the clock	6b At work · профессии	Module 6	6b	Mrs	миссис	new
Module 6: Round the clock	6b At work · профессии	Module 6	6b	nurse	медицинская сестра, сиделка	reuse:367
Module 6: Round the clock	6b At work · профессии	Module 6	6b	painter	маляр, художник	new
Module 6: Round the clock	6b At work · профессии	Module 6	6b	postman	почтальон	reuse:4544
Module 6: Round the clock	6b At work · профессии	Module 6	6b	taxi driver	таксист	reuse:4567
Module 6: Round the clock	6b At work · профессии	Module 6	6b	waiter	официант	reuse:1662
Module 6: Round the clock	6b At work · профессии	Module 6	6b	waitress	официантка	reuse:1663
Module 6: Round the clock	6b At work · профессии	Module 6	6b	What does your dad do?	Чем занимается твой папа?	new
Module 6: Round the clock	6b At work · действия	Module 6	6b	drive	водить, управлять автомобилем	reuse:1788
Module 6: Round the clock	6b At work · действия	Module 6	6b	paint	красить, рисовать (красками)	reuse:1316
Module 6: Round the clock	6b At work · действия	Module 6	6b	serve	подавать, обслуживать	reuse:4545
Module 6: Round the clock	6b At work · действия	Module 6	6b	wait	ждать	reuse:4569
Module 6: Round the clock	6b At work · действия	Module 6	6b	act out a dialogue	разыгрывать диалог	new
Module 6: Round the clock	6b At work · действия	Module 6	6b	catch the bus home	сесть на автобус до дома	new
Module 6: Round the clock	6b At work · действия	Module 6	6b	deliver letters	доставлять письма	new
Module 6: Round the clock	6b At work · действия	Module 6	6b	do a crossword	разгадывать кроссворд	new
Module 6: Round the clock	6b At work · действия	Module 6	6b	repair	ремонтировать	new
Module 6: Round the clock	6b At work · действия	Module 6	6b	say goodbye to ...	попрощаться с ...	new
Module 6: Round the clock	6c Weekends	Module 6	6c	boring	скучный, неинтересный	reuse:521
Module 6: Round the clock	6c Weekends	Module 6	6c	hard work	трудная работа	reuse:1253
Module 6: Round the clock	6c Weekends	Module 6	6c	newspaper	газета	reuse:1644
Module 6: Round the clock	6c Weekends	Module 6	6c	Drop me a line.	Напиши мне пару строк.	new
Module 6: Round the clock	6c Weekends	Module 6	6c	Have a good time!	Желаю вам хорошо провести время!	new
Module 6: Round the clock	6c Weekends	Module 6	6c	Great to hear from you.	Рад получить весточку от тебя.	new
Module 6: Round the clock	6c Weekends	Module 6	6c	make phone calls	звонить по телефону	new
Module 6: Round the clock	6c Weekends	Module 6	6c	plant flowers	сажать цветы	new
Module 6: Round the clock	6c Weekends	Module 6	6c	play (games) with	играть (в игры) с ...	new
Module 6: Round the clock	6c Weekends	Module 6	6c	That's all for now!	Пока это всё!	new
Module 6: Round the clock	6c Weekends	Module 6	6c	Write back soon.	Отвечай поскорее.	new
Module 6: Round the clock	6d Culture Corner: Main sights	Module 6	6d - Culture Corner	above	над	new
Module 6: Round the clock	6d Culture Corner: Main sights	Module 6	6d - Culture Corner	belfry	колокольня	new
Module 6: Round the clock	6d Culture Corner: Main sights	Module 6	6d - Culture Corner	exactly	точно	new
Module 6: Round the clock	6d Culture Corner: Main sights	Module 6	6d - Culture Corner	hour hand	часовая стрелка	new
Module 6: Round the clock	6d Culture Corner: Main sights	Module 6	6d - Culture Corner	huge	огромный	reuse:3295
Module 6: Round the clock	6d Culture Corner: Main sights	Module 6	6d - Culture Corner	interesting	интересный	reuse:763
Module 6: Round the clock	6d Culture Corner: Main sights	Module 6	6d - Culture Corner	know	знать	new
Module 6: Round the clock	6d Culture Corner: Main sights	Module 6	6d - Culture Corner	landmark	достопримечательность	new
Module 6: Round the clock	6d Culture Corner: Main sights	Module 6	6d - Culture Corner	minute hand	минутная стрелка	new
Module 6: Round the clock	6d Culture Corner: Main sights	Module 6	6d - Culture Corner	most (people)	большинство (людей)	new
Module 6: Round the clock	6d Culture Corner: Main sights	Module 6	6d - Culture Corner	perhaps	возможно	new
Module 6: Round the clock	6d Culture Corner: Main sights	Module 6	6d - Culture Corner	ton	тонна	new
Module 6: Round the clock	6d Culture Corner: Main sights	Module 6	6d - Culture Corner	top	верхушка, шпиль	new
Module 6: Round the clock	6d Culture Corner: Main sights	Module 6	6d - Culture Corner	tour guide	экскурсовод	reuse:1361
Module 6: Round the clock	6d Culture Corner: Main sights	Module 6	6d - Culture Corner	tourist attraction	место, привлекающее туристов	new
Module 6: Round the clock	6d Culture Corner: Main sights	Module 6	6d - Culture Corner	wide	широкий	new
Module 6: Round the clock	6d Culture Corner: Main sights	Module 6	6d - Culture Corner	commissioner of works	руководитель работ	new
Module 6: Round the clock	6d Culture Corner: Main sights	Module 6	6d - Culture Corner	every year	каждый год	new
Module 6: Round the clock	English in Use 6	Module 6	English in Use 6	agree	соглашаться	reuse:3937
Module 6: Round the clock	English in Use 6	Module 6	English in Use 6	free	свободный	new
Module 6: Round the clock	English in Use 6	Module 6	English in Use 6	respond	отвечать	new
Module 6: Round the clock	English in Use 6	Module 6	English in Use 6	suggestion	предложение	new
Module 6: Round the clock	English in Use 6	Module 6	English in Use 6	go to the cinema	ходить в кино	new
Module 6: Round the clock	English in Use 6	Module 6	English in Use 6	be tired	уставать	reuse:896
Module 6: Round the clock	English in Use 6	Module 6	English in Use 6	See you at ... o'clock.	Увидимся в ... часов.	new
Module 6: Round the clock	English in Use 6	Module 6	English in Use 6	Sure, that's a good idea.	Конечно, это хорошая идея.	new
Module 6: Round the clock	English in Use 6	Module 6	English in Use 6	What/How about having a coffee?	Как насчёт кофе?	new
Module 6: Round the clock	English in Use 6	Module 6	English in Use 6	Why don't we go ... ?	Почему бы нам не пойти ... ?	new
Module 6: Round the clock	Across the Curriculum 6: Science · другие слова	Module 6	Across the Curriculum 6: Science	be ready	быть готовым	new
Module 6: Round the clock	Across the Curriculum 6: Science · другие слова	Module 6	Across the Curriculum 6: Science	correct	правильный, верный	new
Module 6: Round the clock	Across the Curriculum 6: Science · другие слова	Module 6	Across the Curriculum 6: Science	different	различный	new
Module 6: Round the clock	Across the Curriculum 6: Science · другие слова	Module 6	Across the Curriculum 6: Science	nearby	близлежащий	new
Module 6: Round the clock	Across the Curriculum 6: Science · другие слова	Module 6	Across the Curriculum 6: Science	need	нуждаться	reuse:4222
Module 6: Round the clock	Across the Curriculum 6: Science · другие слова	Module 6	Across the Curriculum 6: Science	perfect	идеальный, отличный	reuse:1909
Module 6: Round the clock	Across the Curriculum 6: Science · другие слова	Module 6	Across the Curriculum 6: Science	until	до	new
Module 6: Round the clock	Across the Curriculum 6: Science · другие слова	Module 6	Across the Curriculum 6: Science	do the same	делать то же самое	new
Module 6: Round the clock	Across the Curriculum 6: Science · предметы и действия	Module 6	Across the Curriculum 6: Science	centimetre	сантиметр	new
Module 6: Round the clock	Across the Curriculum 6: Science · предметы и действия	Module 6	Across the Curriculum 6: Science	hole	отверстие, дырка	new
Module 6: Round the clock	Across the Curriculum 6: Science · предметы и действия	Module 6	Across the Curriculum 6: Science	lid	крышка	new
Module 6: Round the clock	Across the Curriculum 6: Science · предметы и действия	Module 6	Across the Curriculum 6: Science	mark	отметка	new
Module 6: Round the clock	Across the Curriculum 6: Science · предметы и действия	Module 6	Across the Curriculum 6: Science	mobile phone	мобильный телефон	reuse:356
Module 6: Round the clock	Across the Curriculum 6: Science · предметы и действия	Module 6	Across the Curriculum 6: Science	place	место	reuse:4356
Module 6: Round the clock	Across the Curriculum 6: Science · предметы и действия	Module 6	Across the Curriculum 6: Science	point	указывать	reuse:2837
Module 6: Round the clock	Across the Curriculum 6: Science · предметы и действия	Module 6	Across the Curriculum 6: Science	put	класть	reuse:4151
Module 6: Round the clock	Across the Curriculum 6: Science · предметы и действия	Module 6	Across the Curriculum 6: Science	side	сторона	new
Module 6: Round the clock	Across the Curriculum 6: Science · предметы и действия	Module 6	Across the Curriculum 6: Science	stone	камень	new
Module 6: Round the clock	Across the Curriculum 6: Science · предметы и действия	Module 6	Across the Curriculum 6: Science	straw	соломинка	new
Module 6: Round the clock	Across the Curriculum 6: Science · предметы и действия	Module 6	Across the Curriculum 6: Science	tape	прикрепить скотчем (зд.)	new
Module 6: Round the clock	Across the Curriculum 6: Science · предметы и действия	Module 6	Across the Curriculum 6: Science	top	верх, верхушка	new
Module 6: Round the clock	Across the Curriculum 6: Science · предметы и действия	Module 6	Across the Curriculum 6: Science	use	использовать	new
Module 6: Round the clock	Across the Curriculum 6: Science · солнце и стороны света	Module 6	Across the Curriculum 6: Science	compass	компас	reuse:4366
Module 6: Round the clock	Across the Curriculum 6: Science · солнце и стороны света	Module 6	Across the Curriculum 6: Science	early	ранний; рано	reuse:2784
Module 6: Round the clock	Across the Curriculum 6: Science · солнце и стороны света	Module 6	Across the Curriculum 6: Science	east	восток	reuse:4370
Module 6: Round the clock	Across the Curriculum 6: Science · солнце и стороны света	Module 6	Across the Curriculum 6: Science	move around	вращаться вокруг	new
Module 6: Round the clock	Across the Curriculum 6: Science · солнце и стороны света	Module 6	Across the Curriculum 6: Science	north	север	reuse:4367
Module 6: Round the clock	Across the Curriculum 6: Science · солнце и стороны света	Module 6	Across the Curriculum 6: Science	shadow	тень	new
Module 6: Round the clock	Across the Curriculum 6: Science · солнце и стороны света	Module 6	Across the Curriculum 6: Science	sky	небо	new
Module 6: Round the clock	Across the Curriculum 6: Science · солнце и стороны света	Module 6	Across the Curriculum 6: Science	south	юг	reuse:4368
Module 6: Round the clock	Across the Curriculum 6: Science · солнце и стороны света	Module 6	Across the Curriculum 6: Science	sundial	солнечные часы	new
Module 6: Round the clock	Across the Curriculum 6: Science · солнце и стороны света	Module 6	Across the Curriculum 6: Science	sunny day	солнечный день	new
Module 6: Round the clock	Across the Curriculum 6: Science · солнце и стороны света	Module 6	Across the Curriculum 6: Science	west	запад	reuse:4369
Module 7: In all weathers	7a Year after year · времена года и месяцы	Module 7	7a	autumn	осень	reuse:1775
Module 7: In all weathers	7a Year after year · времена года и месяцы	Module 7	7a	month	месяц	new
Module 7: In all weathers	7a Year after year · времена года и месяцы	Module 7	7a	January	январь	reuse:621
Module 7: In all weathers	7a Year after year · времена года и месяцы	Module 7	7a	February	февраль	reuse:622
Module 7: In all weathers	7a Year after year · времена года и месяцы	Module 7	7a	March	март	reuse:623
Module 7: In all weathers	7a Year after year · времена года и месяцы	Module 7	7a	April	апрель	reuse:624
Module 7: In all weathers	7a Year after year · времена года и месяцы	Module 7	7a	May	май	reuse:625
Module 7: In all weathers	7a Year after year · времена года и месяцы	Module 7	7a	June	июнь	reuse:626
Module 7: In all weathers	7a Year after year · времена года и месяцы	Module 7	7a	July	июль	reuse:627
Module 7: In all weathers	7a Year after year · времена года и месяцы	Module 7	7a	August	август	reuse:628
Module 7: In all weathers	7a Year after year · времена года и месяцы	Module 7	7a	September	сентябрь	reuse:629
Module 7: In all weathers	7a Year after year · времена года и месяцы	Module 7	7a	October	октябрь	reuse:630
Module 7: In all weathers	7a Year after year · времена года и месяцы	Module 7	7a	November	ноябрь	reuse:631
Module 7: In all weathers	7a Year after year · времена года и месяцы	Module 7	7a	December	декабрь	reuse:632
Module 7: In all weathers	7a Year after year · времена года и месяцы	Module 7	7a	season	время года	reuse:3405
Module 7: In all weathers	7a Year after year · времена года и месяцы	Module 7	7a	spring	весна	reuse:1780
Module 7: In all weathers	7a Year after year · времена года и месяцы	Module 7	7a	summer	лето	reuse:1781
Module 7: In all weathers	7a Year after year · времена года и месяцы	Module 7	7a	winter	зима	reuse:1785
Module 7: In all weathers	7a Year after year · времена года и месяцы	Module 7	7a	year	год	new
Module 7: In all weathers	7a Year after year · занятия и другие слова	Module 7	7a	balcony	балкон	reuse:979
Module 7: In all weathers	7a Year after year · занятия и другие слова	Module 7	7a	chat log	чат	new
Module 7: In all weathers	7a Year after year · занятия и другие слова	Module 7	7a	computer screen	экран компьютера	new
Module 7: In all weathers	7a Year after year · занятия и другие слова	Module 7	7a	go swimming	идти купаться/плавать; ходить купаться	reuse:1403
Module 7: In all weathers	7a Year after year · занятия и другие слова	Module 7	7a	image	изображение, образ	new
Module 7: In all weathers	7a Year after year · занятия и другие слова	Module 7	7a	magazine	журнал	new
Module 7: In all weathers	7a Year after year · занятия и другие слова	Module 7	7a	mind	ум, разум	reuse:1254
Module 7: In all weathers	7a Year after year · занятия и другие слова	Module 7	7a	proverb	пословица, поговорка	new
Module 7: In all weathers	7a Year after year · занятия и другие слова	Module 7	7a	statement	утверждение	new
Module 7: In all weathers	7a Year after year · занятия и другие слова	Module 7	7a	pick flowers	собирать цветы	new
Module 7: In all weathers	7a Year after year · занятия и другие слова	Module 7	7a	rake leaves	сгребать листья	new
Module 7: In all weathers	7a Year after year · погода	Module 7	7a	snow	снег	reuse:1779
Module 7: In all weathers	7a Year after year · погода	Module 7	7a	weather	погода	new
Module 7: In all weathers	7a Year after year · погода	Module 7	7a	weather forecast	прогноз погоды	new
Module 7: In all weathers	7a Year after year · погода	Module 7	7a	It's (very) hot.	(Очень) жарко.	new
Module 7: In all weathers	7a Year after year · погода	Module 7	7a	It's cold.	Холодно.	new
Module 7: In all weathers	7a Year after year · погода	Module 7	7a	It's freezing.	Морозно.	new
Module 7: In all weathers	7a Year after year · погода	Module 7	7a	It's raining (heavily).	Идёт (сильный) дождь.	reuse:2787
Module 7: In all weathers	7a Year after year · погода	Module 7	7a	It's snowing.	Идёт снег.	new
Module 7: In all weathers	7a Year after year · погода	Module 7	7a	It's warm.	Тепло.	new
Module 7: In all weathers	7a Year after year · погода	Module 7	7a	The sun is shining.	Светит солнце.	new
Module 7: In all weathers	7a Year after year · погода	Module 7	7a	What's the weather like in ...?	Какая погода в ...?	new
Module 7: In all weathers	7a Year after year · фразы	Module 7	7a	at the moment	сейчас, в настоящий момент	new
Module 7: In all weathers	7a Year after year · фразы	Module 7	7a	be fed up with sth	устать от чего-либо	new
Module 7: In all weathers	7a Year after year · фразы	Module 7	7a	How are you doing?	Как дела?	new
Module 7: In all weathers	7a Year after year · фразы	Module 7	7a	It doesn't suit me.	Это не по мне.	new
Module 7: In all weathers	7a Year after year · фразы	Module 7	7a	It's fabulous!	Это потрясающе!	new
Module 7: In all weathers	7a Year after year · фразы	Module 7	7a	It's awful!	Это ужасно!	new
Module 7: In all weathers	7a Year after year · фразы	Module 7	7a	It's terrible!	Это ужасно!	new
Module 7: In all weathers	7a Year after year · фразы	Module 7	7a	That's not my kind of place.	Это место не для меня.	new
Module 7: In all weathers	7a Year after year · фразы	Module 7	7a	You're lucky.	Тебе повезло.	new
Module 7: In all weathers	7b Dress right · другие слова	Module 7	7b	airport	аэропорт	reuse:1974
Module 7: In all weathers	7b Dress right · другие слова	Module 7	7b	couple	пара	new
Module 7: In all weathers	7b Dress right · другие слова	Module 7	7b	get on	садиться на ... (о транспорте)	reuse:802
Module 7: In all weathers	7b Dress right · другие слова	Module 7	7b	habit	привычка	new
Module 7: In all weathers	7b Dress right · другие слова	Module 7	7b	hang up	вешать телефонную трубку	new
Module 7: In all weathers	7b Dress right · другие слова	Module 7	7b	joke	шутка	reuse:3433
Module 7: In all weathers	7b Dress right · другие слова	Module 7	7b	telephone conversation	телефонный разговор	new
Module 7: In all weathers	7b Dress right · другие слова	Module 7	7b	go on foot	ходить пешком	new
Module 7: In all weathers	7b Dress right · одежда	Module 7	7b	bag	сумка	reuse:48
Module 7: In all weathers	7b Dress right · одежда	Module 7	7b	blouse	блузка	new
Module 7: In all weathers	7b Dress right · одежда	Module 7	7b	boots	ботинки	reuse:504
Module 7: In all weathers	7b Dress right · одежда	Module 7	7b	clothes	одежда	reuse:1476
Module 7: In all weathers	7b Dress right · одежда	Module 7	7b	coat	пальто	reuse:506
Module 7: In all weathers	7b Dress right · одежда	Module 7	7b	dress	платье	reuse:280
Module 7: In all weathers	7b Dress right · одежда	Module 7	7b	high heels	высокие каблуки	new
Module 7: In all weathers	7b Dress right · одежда	Module 7	7b	jumper	джемпер	reuse:511
Module 7: In all weathers	7b Dress right · одежда	Module 7	7b	raincoat	плащ	reuse:386
Module 7: In all weathers	7b Dress right · одежда	Module 7	7b	shirt	рубашка	reuse:512
Module 7: In all weathers	7b Dress right · одежда	Module 7	7b	shoes	туфли	reuse:1725
Module 7: In all weathers	7b Dress right · одежда	Module 7	7b	shorts	шорты	reuse:274
Module 7: In all weathers	7b Dress right · одежда	Module 7	7b	skirt	юбка	reuse:273
Module 7: In all weathers	7b Dress right · одежда	Module 7	7b	socks	носки	reuse:276
Module 7: In all weathers	7b Dress right · одежда	Module 7	7b	suit	костюм	reuse:2019
Module 7: In all weathers	7b Dress right · одежда	Module 7	7b	trainers	кроссовки	reuse:484
Module 7: In all weathers	7b Dress right · одежда	Module 7	7b	trousers	брюки	reuse:519
Module 7: In all weathers	7b Dress right · как сидит одежда	Module 7	7b	light	лёгкий, светлый	reuse:1307
Module 7: In all weathers	7b Dress right · как сидит одежда	Module 7	7b	loose	свободный (об одежде)	reuse:2773
Module 7: In all weathers	7b Dress right · как сидит одежда	Module 7	7b	put on	надевать	new
Module 7: In all weathers	7b Dress right · как сидит одежда	Module 7	7b	tight	тесный (об одежде), обтягивающий	reuse:1050
Module 7: In all weathers	7b Dress right · как сидит одежда	Module 7	7b	wear	носить	new
Module 7: In all weathers	7b Dress right · как сидит одежда	Module 7	7b	How do I look in this?	Как я выгляжу в этом?	new
Module 7: In all weathers	7b Dress right · как сидит одежда	Module 7	7b	How does this look on me?	Как это на мне смотрится?	new
Module 7: In all weathers	7b Dress right · как сидит одежда	Module 7	7b	I'm not sure it suits you.	Я не уверен, что это подходит тебе.	new
Module 7: In all weathers	7c It's fun!	Module 7	7c	beach	пляж	reuse:710
Module 7: In all weathers	7c It's fun!	Module 7	7c	enjoy	наслаждаться, получать удовольствие	new
Module 7: In all weathers	7c It's fun!	Module 7	7c	greeting	приветствие; поздравление	new
Module 7: In all weathers	7c It's fun!	Module 7	7c	local club	местный клуб	new
Module 7: In all weathers	7c It's fun!	Module 7	7c	postcard	открытка	reuse:4360
Module 7: In all weathers	7c It's fun!	Module 7	7c	stay	останавливаться, оставаться	reuse:1793
Module 7: In all weathers	7c It's fun!	Module 7	7c	sunbathe	загорать	reuse:3620
Module 7: In all weathers	7c It's fun!	Module 7	7c	go camping	ходить в поход	reuse:883
Module 7: In all weathers	7c It's fun!	Module 7	7c	go skiing	кататься на лыжах	new
Module 7: In all weathers	7c It's fun!	Module 7	7c	have a picnic	устраивать пикник	new
Module 7: In all weathers	7c It's fun!	Module 7	7c	It's fun.	Весело.	new
Module 7: In all weathers	7c It's fun!	Module 7	7c	make a snowman	лепить снеговика	new
Module 7: In all weathers	7c It's fun!	Module 7	7c	play golf	играть в гольф	new
Module 7: In all weathers	7c It's fun!	Module 7	7c	See you soon.	Скоро увидимся.	new
Module 7: In all weathers	7d Culture Corner: Climate: Alaska	Module 7	7d - Culture Corner	calm	спокойный, тихий	reuse:2337
Module 7: In all weathers	7d Culture Corner: Climate: Alaska	Module 7	7d - Culture Corner	climate	климат	new
Module 7: In all weathers	7d Culture Corner: Climate: Alaska	Module 7	7d - Culture Corner	cool	прохладный	reuse:2333
Module 7: In all weathers	7d Culture Corner: Climate: Alaska	Module 7	7d - Culture Corner	decide	решать	new
Module 7: In all weathers	7d Culture Corner: Climate: Alaska	Module 7	7d - Culture Corner	jacket	куртка	reuse:271
Module 7: In all weathers	7d Culture Corner: Climate: Alaska	Module 7	7d - Culture Corner	long-sleeved	с длинными рукавами	new
Module 7: In all weathers	7d Culture Corner: Climate: Alaska	Module 7	7d - Culture Corner	northwest	северо-западный	new
Module 7: In all weathers	7d Culture Corner: Climate: Alaska	Module 7	7d - Culture Corner	pack	упаковывать	new
Module 7: In all weathers	7d Culture Corner: Climate: Alaska	Module 7	7d - Culture Corner	sad	грустный	reuse:706
Module 7: In all weathers	7d Culture Corner: Climate: Alaska	Module 7	7d - Culture Corner	short-sleeved	с короткими рукавами	new
Module 7: In all weathers	7d Culture Corner: Climate: Alaska	Module 7	7d - Culture Corner	stressed	напряжённый	reuse:3020
Module 7: In all weathers	7d Culture Corner: Climate: Alaska	Module 7	7d - Culture Corner	temperature	температура	new
Module 7: In all weathers	7d Culture Corner: Climate: Alaska	Module 7	7d - Culture Corner	vary	различаться	new
Module 7: In all weathers	7d Culture Corner: Climate: Alaska	Module 7	7d - Culture Corner	walking shoes	спортивная обувь	new
Module 7: In all weathers	7d Culture Corner: Climate: Alaska	Module 7	7d - Culture Corner	wool sweater	шерстяной свитер	new
Module 7: In all weathers	7d Culture Corner: Climate: Alaska	Module 7	7d - Culture Corner	make sure	убеждаться, удостовериться	reuse:4580
Module 7: In all weathers	English in Use 7	Module 7	English in Use 7	clothing sizes	размеры одежды	new
Module 7: In all weathers	English in Use 7	Module 7	English in Use 7	customer	покупатель, клиент	new
Module 7: In all weathers	English in Use 7	Module 7	English in Use 7	collar	воротник	new
Module 7: In all weathers	English in Use 7	Module 7	English in Use 7	Any particular colour?	Какой-то особенный цвет?	new
Module 7: In all weathers	English in Use 7	Module 7	English in Use 7	Have a nice day!	Приятного дня!	new
Module 7: In all weathers	English in Use 7	Module 7	English in Use 7	Here you are.	Вот, пожалуйста.	new
Module 7: In all weathers	English in Use 7	Module 7	English in Use 7	How can I help you?	Чем я могу вам помочь?	new
Module 7: In all weathers	English in Use 7	Module 7	English in Use 7	How much does it cost?	Сколько это стоит?	new
Module 7: In all weathers	English in Use 7	Module 7	English in Use 7	How much is it?	Сколько это стоит?	new
Module 7: In all weathers	English in Use 7	Module 7	English in Use 7	I'm looking for ... .	Я ищу ... .	new
Module 7: In all weathers	English in Use 7	Module 7	English in Use 7	Thank you — You're welcome.	Спасибо — Пожалуйста.	new
Module 7: In all weathers	English in Use 7	Module 7	English in Use 7	What size are you?	Какой у вас размер?	new
Module 7: In all weathers	Across the Curriculum 7: Literature	Module 7	Across the Curriculum 7: Literature	blow away	уносить (ветром)	reuse:3225
Module 7: In all weathers	Across the Curriculum 7: Literature	Module 7	Across the Curriculum 7: Literature	branch	ветка	new
Module 7: In all weathers	Across the Curriculum 7: Literature	Module 7	Across the Curriculum 7: Literature	dancing ballerina	танцующая балерина	new
Module 7: In all weathers	Across the Curriculum 7: Literature	Module 7	Across the Curriculum 7: Literature	go away	уходить	reuse:2918
Module 7: In all weathers	Across the Curriculum 7: Literature	Module 7	Across the Curriculum 7: Literature	go up	подниматься вверх	new
Module 7: In all weathers	Across the Curriculum 7: Literature	Module 7	Across the Curriculum 7: Literature	land	земля	new
Module 7: In all weathers	Across the Curriculum 7: Literature	Module 7	Across the Curriculum 7: Literature	sea	море	reuse:718
Module 7: In all weathers	Across the Curriculum 7: Literature	Module 7	Across the Curriculum 7: Literature	sky	небо	new
Module 7: In all weathers	Across the Curriculum 7: Literature	Module 7	Across the Curriculum 7: Literature	wind	ветер	reuse:1784
Module 8: Special days	8a Festivals and celebrations · еда и урожай	Module 8	8a	banana	банан	reuse:10
Module 8: Special days	8a Festivals and celebrations · еда и урожай	Module 8	8a	biscuit	печенье	reuse:428
Module 8: Special days	8a Festivals and celebrations · еда и урожай	Module 8	8a	carrot	морковь	reuse:258
Module 8: Special days	8a Festivals and celebrations · еда и урожай	Module 8	8a	cookery competition	кулинарный конкурс	new
Module 8: Special days	8a Festivals and celebrations · еда и урожай	Module 8	8a	cranberry sauce	клюквенный соус	new
Module 8: Special days	8a Festivals and celebrations · еда и урожай	Module 8	8a	crop	урожай	reuse:3312
Module 8: Special days	8a Festivals and celebrations · еда и урожай	Module 8	8a	dessert	десерт	reuse:4672
Module 8: Special days	8a Festivals and celebrations · еда и урожай	Module 8	8a	dish	блюдо	new
Module 8: Special days	8a Festivals and celebrations · еда и урожай	Module 8	8a	fresh	свежий	reuse:2941
Module 8: Special days	8a Festivals and celebrations · еда и урожай	Module 8	8a	harvest	урожай; собирать урожай	new
Module 8: Special days	8a Festivals and celebrations · еда и урожай	Module 8	8a	pumpkin pie	тыквенный пирог	new
Module 8: Special days	8a Festivals and celebrations · еда и урожай	Module 8	8a	rice	рис	reuse:442
Module 8: Special days	8a Festivals and celebrations · еда и урожай	Module 8	8a	sweet potato	сладкий картофель	new
Module 8: Special days	8a Festivals and celebrations · еда и урожай	Module 8	8a	turkey	индейка	new
Module 8: Special days	8a Festivals and celebrations · еда и урожай	Module 8	8a	wheat	пшеница	new
Module 8: Special days	8a Festivals and celebrations · другие слова	Module 8	8a	both	оба	reuse:4513
Module 8: Special days	8a Festivals and celebrations · другие слова	Module 8	8a	choose	выбирать	reuse:3471
Module 8: Special days	8a Festivals and celebrations · другие слова	Module 8	8a	complete	заполнять, завершать	new
Module 8: Special days	8a Festivals and celebrations · другие слова	Module 8	8a	cut	резать, разрезать	new
Module 8: Special days	8a Festivals and celebrations · другие слова	Module 8	8a	dictionary entry	словарная статья	new
Module 8: Special days	8a Festivals and celebrations · другие слова	Module 8	8a	different varieties	различные виды	new
Module 8: Special days	8a Festivals and celebrations · другие слова	Module 8	8a	farmer	фермер	reuse:773
Module 8: Special days	8a Festivals and celebrations · другие слова	Module 8	8a	radio show	радиопрограмма	new
Module 8: Special days	8a Festivals and celebrations · праздники	Module 8	8a	celebrate	праздновать	reuse:4235
Module 8: Special days	8a Festivals and celebrations · праздники	Module 8	8a	celebration	празднование, праздник	new
Module 8: Special days	8a Festivals and celebrations · праздники	Module 8	8a	costume	костюм (карнавальный, театральный)	new
Module 8: Special days	8a Festivals and celebrations · праздники	Module 8	8a	dress up	наряжаться	new
Module 8: Special days	8a Festivals and celebrations · праздники	Module 8	8a	festive	весёлый, праздничный	new
Module 8: Special days	8a Festivals and celebrations · праздники	Module 8	8a	festival	праздник	reuse:3256
Module 8: Special days	8a Festivals and celebrations · праздники	Module 8	8a	holiday	праздник	new
Module 8: Special days	8a Festivals and celebrations · праздники	Module 8	8a	last	длиться, продолжаться	new
Module 8: Special days	8a Festivals and celebrations · праздники	Module 8	8a	moon	луна	new
Module 8: Special days	8a Festivals and celebrations · праздники	Module 8	8a	street parade	уличный парад	new
Module 8: Special days	8a Festivals and celebrations · праздники	Module 8	8a	light bonfires	разжигать костры	new
Module 8: Special days	8a Festivals and celebrations · праздники	Module 8	8a	set off fireworks	запускать фейерверки	new
Module 8: Special days	8a Festivals and celebrations · праздники	Module 8	8a	exchange gifts	обмениваться подарками	new
Module 8: Special days	8b Master Chef · упаковка и посуда	Module 8	8b	bottle	бутылка	reuse:1664
Module 8: Special days	8b Master Chef · упаковка и посуда	Module 8	8b	bowl	миска, тарелка	reuse:321
Module 8: Special days	8b Master Chef · упаковка и посуда	Module 8	8b	box	коробка	reuse:47
Module 8: Special days	8b Master Chef · упаковка и посуда	Module 8	8b	carton	пакет	reuse:4596
Module 8: Special days	8b Master Chef · упаковка и посуда	Module 8	8b	container	ёмкость, сосуд	new
Module 8: Special days	8b Master Chef · упаковка и посуда	Module 8	8b	cupboard	шкаф для посуды	reuse:987
Module 8: Special days	8b Master Chef · упаковка и посуда	Module 8	8b	glass	стакан	reuse:323
Module 8: Special days	8b Master Chef · упаковка и посуда	Module 8	8b	jar	банка	reuse:4601
Module 8: Special days	8b Master Chef · упаковка и посуда	Module 8	8b	packet	пакет, пачка	reuse:4606
Module 8: Special days	8b Master Chef · еда	Module 8	8b	bread	хлеб	reuse:42
Module 8: Special days	8b Master Chef · еда	Module 8	8b	burger	гамбургер	reuse:2039
Module 8: Special days	8b Master Chef · еда	Module 8	8b	butter	масло	reuse:451
Module 8: Special days	8b Master Chef · еда	Module 8	8b	cake	торт	reuse:250
Module 8: Special days	8b Master Chef · еда	Module 8	8b	cereal	крупы, злаки, хлопья	reuse:430
Module 8: Special days	8b Master Chef · еда	Module 8	8b	cheese	сыр	reuse:315
Module 8: Special days	8b Master Chef · еда	Module 8	8b	chicken	курица, цыплёнок	reuse:255
Module 8: Special days	8b Master Chef · еда	Module 8	8b	chocolate	шоколад	reuse:452
Module 8: Special days	8b Master Chef · еда	Module 8	8b	ice cream	мороженое	reuse:4135
Module 8: Special days	8b Master Chef · еда	Module 8	8b	meat	мясо	reuse:437
Module 8: Special days	8b Master Chef · еда	Module 8	8b	olive oil	оливковое масло	reuse:4582
Module 8: Special days	8b Master Chef · еда	Module 8	8b	pasta	паста, макаронные изделия	reuse:440
Module 8: Special days	8b Master Chef · еда	Module 8	8b	pizza	пицца	reuse:251
Module 8: Special days	8b Master Chef · еда	Module 8	8b	sausage	сосиска	reuse:252
Module 8: Special days	8b Master Chef · еда	Module 8	8b	sugar	сахар	reuse:458
Module 8: Special days	8b Master Chef · фрукты и овощи	Module 8	8b	cabbage	капуста	reuse:1863
Module 8: Special days	8b Master Chef · фрукты и овощи	Module 8	8b	cherry	вишня; черешня	reuse:4597
Module 8: Special days	8b Master Chef · фрукты и овощи	Module 8	8b	garlic	чеснок	reuse:2695
Module 8: Special days	8b Master Chef · фрукты и овощи	Module 8	8b	grapes	виноград	reuse:44
Module 8: Special days	8b Master Chef · фрукты и овощи	Module 8	8b	onion	лук	reuse:4605
Module 8: Special days	8b Master Chef · фрукты и овощи	Module 8	8b	pineapple	ананас	reuse:4585
Module 8: Special days	8b Master Chef · фрукты и овощи	Module 8	8b	strawberry	клубника	reuse:457
Module 8: Special days	8b Master Chef · фрукты и овощи	Module 8	8b	tomato	помидор	reuse:4590
Module 8: Special days	8b Master Chef · напитки и другие слова	Module 8	8b	everything	всё	new
Module 8: Special days	8b Master Chef · напитки и другие слова	Module 8	8b	lemonade	лимонад	reuse:316
Module 8: Special days	8b Master Chef · напитки и другие слова	Module 8	8b	master chef	шеф-повар	reuse:771
Module 8: Special days	8b Master Chef · напитки и другие слова	Module 8	8b	meal	приём пищи	reuse:4559
Module 8: Special days	8b Master Chef · напитки и другие слова	Module 8	8b	milk	молоко	reuse:456
Module 8: Special days	8b Master Chef · напитки и другие слова	Module 8	8b	orange juice	апельсиновый сок	reuse:438
Module 8: Special days	8b Master Chef · напитки и другие слова	Module 8	8b	shopping list	список покупок	reuse:860
Module 8: Special days	8b Master Chef · напитки и другие слова	Module 8	8b	tonight	сегодня вечером	new
Module 8: Special days	8c It's my birthday! · праздник и фразы	Module 8	8c	balloon	воздушный шар	reuse:210
Module 8: Special days	8c It's my birthday! · праздник и фразы	Module 8	8c	bring	приносить	new
Module 8: Special days	8c It's my birthday! · праздник и фразы	Module 8	8c	envelope	конверт	new
Module 8: Special days	8c It's my birthday! · праздник и фразы	Module 8	8c	full of	полный чего-либо	new
Module 8: Special days	8c It's my birthday! · праздник и фразы	Module 8	8c	good luck	удача	new
Module 8: Special days	8c It's my birthday! · праздник и фразы	Module 8	8c	magazine entry	журнальная статья	new
Module 8: Special days	8c It's my birthday! · праздник и фразы	Module 8	8c	mean	значить, означать	new
Module 8: Special days	8c It's my birthday! · праздник и фразы	Module 8	8c	money	деньги	reuse:2510
Module 8: Special days	8c It's my birthday! · праздник и фразы	Module 8	8c	paper	бумага	reuse:220
Module 8: Special days	8c It's my birthday! · праздник и фразы	Module 8	8c	unlucky	неудачливый	reuse:2766
Module 8: Special days	8c It's my birthday! · праздник и фразы	Module 8	8c	I'd love to ...	Мне бы хотелось ...	new
Module 8: Special days	8c It's my birthday! · праздник и фразы	Module 8	8c	I don't think so.	Я так не думаю.	new
Module 8: Special days	8c It's my birthday! · праздник и фразы	Module 8	8c	Would you like ...?	Не желаете ...?	new
Module 8: Special days	8c It's my birthday! · еда	Module 8	8c	Chinese	китайский	reuse:1423
Module 8: Special days	8c It's my birthday! · еда	Module 8	8c	crisps	чипсы	new
Module 8: Special days	8c It's my birthday! · еда	Module 8	8c	noodles	лапша	reuse:2049
Module 8: Special days	8c It's my birthday! · еда	Module 8	8c	sandwich	бутерброд	new
Module 8: Special days	8c It's my birthday! · еда	Module 8	8c	soup	суп	reuse:318
Module 8: Special days	8c It's my birthday! · еда	Module 8	8c	stick	палка, палочка	new
Module 8: Special days	8c It's my birthday! · еда	Module 8	8c	treat	угощение	reuse:4591
Module 8: Special days	8d Culture Corner: Thanksgiving	Module 8	8d - Culture Corner	baseball	бейсбол	reuse:85
Module 8: Special days	8d Culture Corner: Thanksgiving	Module 8	8d - Culture Corner	basketball	баскетбол	reuse:84
Module 8: Special days	8d Culture Corner: Thanksgiving	Module 8	8d - Culture Corner	corn	кукуруза	new
Module 8: Special days	8d Culture Corner: Thanksgiving	Module 8	8d - Culture Corner	custom	обычай	new
Module 8: Special days	8d Culture Corner: Thanksgiving	Module 8	8d - Culture Corner	fries	картофель фри	new
Module 8: Special days	8d Culture Corner: Thanksgiving	Module 8	8d - Culture Corner	hamburger	гамбургер	new
Module 8: Special days	8d Culture Corner: Thanksgiving	Module 8	8d - Culture Corner	quiz	викторина	new
Module 8: Special days	8d Culture Corner: Thanksgiving	Module 8	8d - Culture Corner	score	очко, гол	reuse:1151
Module 8: Special days	8d Culture Corner: Thanksgiving	Module 8	8d - Culture Corner	Thanksgiving (Day)	День благодарения	new
Module 8: Special days	English in Use 8	Module 8	English in Use 8	baked potato	печёный картофель	new
Module 8: Special days	English in Use 8	Module 8	English in Use 8	beef	говядина	reuse:4594
Module 8: Special days	English in Use 8	Module 8	English in Use 8	cashier	кассир	reuse:857
Module 8: Special days	English in Use 8	Module 8	English in Use 8	chilli	острый стручковый перец (чили)	new
Module 8: Special days	English in Use 8	Module 8	English in Use 8	chips	чипсы	new
Module 8: Special days	English in Use 8	Module 8	English in Use 8	coke	кока-кола	new
Module 8: Special days	English in Use 8	Module 8	English in Use 8	fast food	еда быстрого приготовления	reuse:4763
Module 8: Special days	English in Use 8	Module 8	English in Use 8	medium	средний	new
Module 8: Special days	English in Use 8	Module 8	English in Use 8	menu	меню	reuse:2480
Module 8: Special days	English in Use 8	Module 8	English in Use 8	mineral water	минеральная вода	reuse:2060
Module 8: Special days	English in Use 8	Module 8	English in Use 8	order	заказ; заказывать	new
Module 8: Special days	English in Use 8	Module 8	English in Use 8	takeaway	еда на вынос	new
Module 8: Special days	English in Use 8	Module 8	English in Use 8	tuna	тунец	reuse:447
Module 8: Special days	English in Use 8	Module 8	English in Use 8	vanilla	ваниль	new
Module 8: Special days	English in Use 8	Module 8	English in Use 8	Enjoy your meal!	Приятного аппетита!	new
Module 8: Special days	English in Use 8	Module 8	English in Use 8	Is that eat in or take away?	Вы будете есть здесь или заберёте с собой?	new
Module 8: Special days	Across the Curriculum 8: PSHE · продукты и другие слова	Module 8	Across the Curriculum 8: PSHE	back	назад	new
Module 8: Special days	Across the Curriculum 8: PSHE · продукты и другие слова	Module 8	Across the Curriculum 8: PSHE	dairy products	молочные продукты	new
Module 8: Special days	Across the Curriculum 8: PSHE · продукты и другие слова	Module 8	Across the Curriculum 8: PSHE	first	сначала	new
Module 8: Special days	Across the Curriculum 8: PSHE · продукты и другие слова	Module 8	Across the Curriculum 8: PSHE	forget	забывать	new
Module 8: Special days	Across the Curriculum 8: PSHE · продукты и другие слова	Module 8	Across the Curriculum 8: PSHE	fruit & vegetables	фрукты и овощи	new
Module 8: Special days	Across the Curriculum 8: PSHE · продукты и другие слова	Module 8	Across the Curriculum 8: PSHE	PSHE (Personal Social & Health Education)	основы безопасности жизнедеятельности (ОБЖ)	new
Module 8: Special days	Across the Curriculum 8: PSHE · продукты и другие слова	Module 8	Across the Curriculum 8: PSHE	yoghurt	йогурт	reuse:450
Module 8: Special days	Across the Curriculum 8: PSHE · продукты и другие слова	Module 8	Across the Curriculum 8: PSHE	the list of dos and don'ts	список того, что можно и нельзя делать	new
Module 8: Special days	Across the Curriculum 8: PSHE · продукты и другие слова	Module 8	Across the Curriculum 8: PSHE	for example	например	new
Module 8: Special days	Across the Curriculum 8: PSHE · безопасность на кухне	Module 8	Across the Curriculum 8: PSHE	bacteria	бактерии	new
Module 8: Special days	Across the Curriculum 8: PSHE · безопасность на кухне	Module 8	Across the Curriculum 8: PSHE	carefully	аккуратно, тщательно	reuse:2783
Module 8: Special days	Across the Curriculum 8: PSHE · безопасность на кухне	Module 8	Across the Curriculum 8: PSHE	chop	резать	reuse:943
Module 8: Special days	Across the Curriculum 8: PSHE · безопасность на кухне	Module 8	Across the Curriculum 8: PSHE	clean	чистить, очищать	reuse:4530
Module 8: Special days	Across the Curriculum 8: PSHE · безопасность на кухне	Module 8	Across the Curriculum 8: PSHE	danger	опасность	new
Module 8: Special days	Across the Curriculum 8: PSHE · безопасность на кухне	Module 8	Across the Curriculum 8: PSHE	keep away	держаться вдали от	new
Module 8: Special days	Across the Curriculum 8: PSHE · безопасность на кухне	Module 8	Across the Curriculum 8: PSHE	keep out	не допускать, не позволять	new
Module 8: Special days	Across the Curriculum 8: PSHE · безопасность на кухне	Module 8	Across the Curriculum 8: PSHE	knife	нож	reuse:957
Module 8: Special days	Across the Curriculum 8: PSHE · безопасность на кухне	Module 8	Across the Curriculum 8: PSHE	prepare	готовить, подготавливать	reuse:2691
Module 8: Special days	Across the Curriculum 8: PSHE · безопасность на кухне	Module 8	Across the Curriculum 8: PSHE	sharp	острый	new
Module 8: Special days	Across the Curriculum 8: PSHE · безопасность на кухне	Module 8	Across the Curriculum 8: PSHE	store	хранить	new
Module 8: Special days	Across the Curriculum 8: PSHE · безопасность на кухне	Module 8	Across the Curriculum 8: PSHE	surface	поверхность	reuse:3893
Module 8: Special days	Across the Curriculum 8: PSHE · безопасность на кухне	Module 8	Across the Curriculum 8: PSHE	touch	касаться, дотрагиваться	reuse:4413
Module 8: Special days	Across the Curriculum 8: PSHE · безопасность на кухне	Module 8	Across the Curriculum 8: PSHE	keep clean	содержать в чистоте	new
Module 9: Modern living	9a Shopping time · покупки и другие слова	Module 9	9a	aspirin	аспирин	new
Module 9: Modern living	9a Shopping time · покупки и другие слова	Module 9	9a	mean	иметь в виду, означать	new
Module 9: Modern living	9a Shopping time · покупки и другие слова	Module 9	9a	mention	упоминать	new
Module 9: Modern living	9a Shopping time · покупки и другие слова	Module 9	9a	sell	продавать	new
Module 9: Modern living	9a Shopping time · покупки и другие слова	Module 9	9a	tulip	тюльпан	new
Module 9: Modern living	9a Shopping time · покупки и другие слова	Module 9	9a	look for	искать	reuse:995
Module 9: Modern living	9a Shopping time · покупки и другие слова	Module 9	9a	pair of shoes	пара туфель	new
Module 9: Modern living	9a Shopping time · магазины	Module 9	9a	baker's	булочная	reuse:871
Module 9: Modern living	9a Shopping time · магазины	Module 9	9a	bakery	булочная	reuse:2568
Module 9: Modern living	9a Shopping time · магазины	Module 9	9a	chemist's	аптека	reuse:873
Module 9: Modern living	9a Shopping time · магазины	Module 9	9a	florist's	цветочный магазин	new
Module 9: Modern living	9a Shopping time · магазины	Module 9	9a	greengrocer's	овощной магазин	reuse:876
Module 9: Modern living	9a Shopping time · магазины	Module 9	9a	jeweller's	ювелирный магазин	new
Module 9: Modern living	9a Shopping time · магазины	Module 9	9a	newsagent's	газетный киоск	reuse:877
Module 9: Modern living	9a Shopping time · магазины	Module 9	9a	record shop	музыкальный магазин	new
Module 9: Modern living	9a Shopping time · магазины	Module 9	9a	shoe shop	обувной магазин	reuse:878
Module 9: Modern living	9a Shopping time · магазины	Module 9	9a	shop	магазин; делать покупки	reuse:29
Module 9: Modern living	9a Shopping time · магазины	Module 9	9a	shopping centre/mall	торговый центр	reuse:754
Module 9: Modern living	9a Shopping time · магазины	Module 9	9a	fast food restaurant	ресторан быстрого питания, фаст-фуд	new
Module 9: Modern living	9b Let's go…	Module 9	9b	adventure park	парк аттракционов	reuse:335
Module 9: Modern living	9b Let's go…	Module 9	9b	advertise	рекламировать	new
Module 9: Modern living	9b Let's go…	Module 9	9b	art gallery	картинная галерея	reuse:2489
Module 9: Modern living	9b Let's go…	Module 9	9b	candyfloss	сахарная вата	reuse:4257
Module 9: Modern living	9b Let's go…	Module 9	9b	classical	классический	reuse:830
Module 9: Modern living	9b Let's go…	Module 9	9b	concert hall	концертный зал	reuse:3254
Module 9: Modern living	9b Let's go…	Module 9	9b	exhibition	выставка	new
Module 9: Modern living	9b Let's go…	Module 9	9b	museum	музей	reuse:745
Module 9: Modern living	9b Let's go…	Module 9	9b	Net	интернет	new
Module 9: Modern living	9b Let's go…	Module 9	9b	play	пьеса; играть	new
Module 9: Modern living	9b Let's go…	Module 9	9b	queue	очередь	reuse:2912
Module 9: Modern living	9b Let's go…	Module 9	9b	ride	аттракцион (в парке)	new
Module 9: Modern living	9b Let's go…	Module 9	9b	roller coaster	американские горки	new
Module 9: Modern living	9b Let's go…	Module 9	9b	royal	королевский	new
Module 9: Modern living	9b Let's go…	Module 9	9b	theatre	театр	reuse:751
Module 9: Modern living	9b Let's go…	Module 9	9b	theme park	тематический парк	reuse:4738
Module 9: Modern living	9b Let's go…	Module 9	9b	yesterday	вчера	reuse:4694
Module 9: Modern living	9b Let's go…	Module 9	9b	zoo	зоопарк	reuse:4619
Module 9: Modern living	9c Don't miss it! · кино	Module 9	9c	action film	фильм жанра экшн, боевик	reuse:1167
Module 9: Modern living	9c Don't miss it! · кино	Module 9	9c	adventure film	фильм-приключение	reuse:1168
Module 9: Modern living	9c Don't miss it! · кино	Module 9	9c	animated	мультипликационный	reuse:3415
Module 9: Modern living	9c Don't miss it! · кино	Module 9	9c	comedy	комедия	reuse:1170
Module 9: Modern living	9c Don't miss it! · кино	Module 9	9c	hero	герой	new
Module 9: Modern living	9c Don't miss it! · кино	Module 9	9c	horror film	фильм ужасов	reuse:1173
Module 9: Modern living	9c Don't miss it! · кино	Module 9	9c	romance	романтический фильм	new
Module 9: Modern living	9c Don't miss it! · кино	Module 9	9c	heading	заголовок	reuse:2210
Module 9: Modern living	9c Don't miss it! · кино	Module 9	9c	leading star	актёр/актриса в главной роли	new
Module 9: Modern living	9c Don't miss it! · кино	Module 9	9c	main character	главный персонаж	new
Module 9: Modern living	9c Don't miss it! · кино	Module 9	9c	plot	сюжет	reuse:3045
Module 9: Modern living	9c Don't miss it! · кино	Module 9	9c	review	обзор	reuse:2214
Module 9: Modern living	9c Don't miss it! · другие слова	Module 9	9c	adult	взрослый	new
Module 9: Modern living	9c Don't miss it! · другие слова	Module 9	9c	become	становиться	new
Module 9: Modern living	9c Don't miss it! · другие слова	Module 9	9c	face	сталкиваться (зд.)	new
Module 9: Modern living	9c Don't miss it! · другие слова	Module 9	9c	miss	пропускать	new
Module 9: Modern living	9c Don't miss it! · другие слова	Module 9	9c	recommend	рекомендовать	new
Module 9: Modern living	9c Don't miss it! · другие слова	Module 9	9c	recommendation	рекомендация	reuse:3511
Module 9: Modern living	9c Don't miss it! · другие слова	Module 9	9c	save	спасать	reuse:1280
Module 9: Modern living	9c Don't miss it! · другие слова	Module 9	9c	It is (well) worth seeing.	Это стоит того, чтобы посмотреть.	new
Module 9: Modern living	9d Culture Corner: Window shopping	Module 9	9d - Culture Corner	busy spot	оживлённое место	new
Module 9: Modern living	9d Culture Corner: Window shopping	Module 9	9d - Culture Corner	cinema	кинотеатр	reuse:25
Module 9: Modern living	9d Culture Corner: Window shopping	Module 9	9d - Culture Corner	nearby	поблизости	new
Module 9: Modern living	9d Culture Corner: Window shopping	Module 9	9d - Culture Corner	nightclub	ночной клуб	new
Module 9: Modern living	9d Culture Corner: Window shopping	Module 9	9d - Culture Corner	premiere	премьера	new
Module 9: Modern living	9d Culture Corner: Window shopping	Module 9	9d - Culture Corner	pronounce	произносить	new
Module 9: Modern living	9d Culture Corner: Window shopping	Module 9	9d - Culture Corner	seat	место (для сидения)	reuse:2419
Module 9: Modern living	9d Culture Corner: Window shopping	Module 9	9d - Culture Corner	square	площадь	reuse:1940
Module 9: Modern living	9d Culture Corner: Window shopping	Module 9	9d - Culture Corner	statue	статуя	reuse:1942
Module 9: Modern living	9d Culture Corner: Window shopping	Module 9	9d - Culture Corner	how much/many	сколько	new
Module 9: Modern living	English in Use 9	Module 9	English in Use 9	opposite	напротив	new
Module 9: Modern living	English in Use 9	Module 9	English in Use 9	supermarket	супермаркет	reuse:340
Module 9: Modern living	English in Use 9	Module 9	English in Use 9	Can you tell me where the ... is?	Не подскажете, где находится ...?	new
Module 9: Modern living	English in Use 9	Module 9	English in Use 9	Could you tell me how to get to ...?	Скажите, как добраться до...	new
Module 9: Modern living	English in Use 9	Module 9	English in Use 9	Excuse me. Is there a ... around here?	Простите, где-нибудь поблизости есть ...?	new
Module 9: Modern living	English in Use 9	Module 9	English in Use 9	on one's left/right	слева/справа от кого-либо	new
Module 9: Modern living	English in Use 9	Module 9	English in Use 9	turn right/left	поворачивать направо/налево	new
Module 9: Modern living	English in Use 9	Module 9	English in Use 9	walk down	идти вниз по	new
Module 9: Modern living	Across the Curriculum 9: Maths	Module 9	Across the Curriculum 9: Maths	bar	плитка	reuse:4592
Module 9: Modern living	Across the Curriculum 9: Maths	Module 9	Across the Curriculum 9: Maths	change	сдача	reuse:2924
Module 9: Modern living	Across the Curriculum 9: Maths	Module 9	Across the Curriculum 9: Maths	coin	монета	new
Module 9: Modern living	Across the Curriculum 9: Maths	Module 9	Across the Curriculum 9: Maths	cost	стоить	new
Module 9: Modern living	Across the Curriculum 9: Maths	Module 9	Across the Curriculum 9: Maths	item	пункт, предмет	new
Module 9: Modern living	Across the Curriculum 9: Maths	Module 9	Across the Curriculum 9: Maths	pence	пенсы (мн.ч.)	reuse:1757
Module 9: Modern living	Across the Curriculum 9: Maths	Module 9	Across the Curriculum 9: Maths	penny	пенс	new
Module 9: Modern living	Across the Curriculum 9: Maths	Module 9	Across the Curriculum 9: Maths	pound	фунт стерлингов	reuse:1758
Module 10: Holidays	10a Travel and leisure · путешествие	Module 10	10a	abroad	за границей	reuse:3352
Module 10: Holidays	10a Travel and leisure · путешествие	Module 10	10a	advert	реклама	reuse:3137
Module 10: Holidays	10a Travel and leisure · путешествие	Module 10	10a	apartment	квартира, апартаменты	reuse:35
Module 10: Holidays	10a Travel and leisure · путешествие	Module 10	10a	book	заказывать, бронировать	new
Module 10: Holidays	10a Travel and leisure · путешествие	Module 10	10a	credit card	кредитная карточка	new
Module 10: Holidays	10a Travel and leisure · путешествие	Module 10	10a	fill in	заполнять	new
Module 10: Holidays	10a Travel and leisure · путешествие	Module 10	10a	free brochure	бесплатная брошюра	new
Module 10: Holidays	10a Travel and leisure · путешествие	Module 10	10a	full board	полный пансион	new
Module 10: Holidays	10a Travel and leisure · путешествие	Module 10	10a	holiday	каникулы, праздник, отпуск	new
Module 10: Holidays	10a Travel and leisure · путешествие	Module 10	10a	hotel	гостиница	reuse:743
Module 10: Holidays	10a Travel and leisure · путешествие	Module 10	10a	price	цена	reuse:2034
Module 10: Holidays	10a Travel and leisure · путешествие	Module 10	10a	travel	путешествие; путешествовать	reuse:1795
Module 10: Holidays	10a Travel and leisure · путешествие	Module 10	10a	travel agent	туристический агент	new
Module 10: Holidays	10a Travel and leisure · виды отдыха и транспорт	Module 10	10a	activity holiday	активный отдых	new
Module 10: Holidays	10a Travel and leisure · виды отдыха и транспорт	Module 10	10a	camp	лагерь; разбивать лагерь	new
Module 10: Holidays	10a Travel and leisure · виды отдыха и транспорт	Module 10	10a	coach	автобус (междугородний)	reuse:1698
Module 10: Holidays	10a Travel and leisure · виды отдыха и транспорт	Module 10	10a	cruise	круиз	reuse:3619
Module 10: Holidays	10a Travel and leisure · виды отдыха и транспорт	Module 10	10a	extreme sports	экстремальный спорт	new
Module 10: Holidays	10a Travel and leisure · виды отдыха и транспорт	Module 10	10a	motorbike	мотоцикл	reuse:77
Module 10: Holidays	10a Travel and leisure · виды отдыха и транспорт	Module 10	10a	mountaineering	альпинизм	new
Module 10: Holidays	10a Travel and leisure · виды отдыха и транспорт	Module 10	10a	rock climbing	скалолазание	reuse:2437
Module 10: Holidays	10a Travel and leisure · виды отдыха и транспорт	Module 10	10a	safari	сафари	new
Module 10: Holidays	10a Travel and leisure · виды отдыха и транспорт	Module 10	10a	ship	теплоход, корабль	reuse:72
Module 10: Holidays	10a Travel and leisure · виды отдыха и транспорт	Module 10	10a	sightseeing tour	тур по достопримечательностям	new
Module 10: Holidays	10a Travel and leisure · виды отдыха и транспорт	Module 10	10a	trekking	горный туризм	new
Module 10: Holidays	10a Travel and leisure · действия	Module 10	10a	advise	советовать	reuse:3935
Module 10: Holidays	10a Travel and leisure · действия	Module 10	10a	discover	обнаруживать, открывать	reuse:4717
Module 10: Holidays	10a Travel and leisure · действия	Module 10	10a	experience	испытывать, знать по опыту	new
Module 10: Holidays	10a Travel and leisure · действия	Module 10	10a	join (in)	присоединяться	reuse:3480
Module 10: Holidays	10a Travel and leisure · действия	Module 10	10a	learn (about)	узнавать (о)	new
Module 10: Holidays	10a Travel and leisure · действия	Module 10	10a	leisure	свободное время, досуг	new
Module 10: Holidays	10a Travel and leisure · действия	Module 10	10a	rest	отдых	reuse:4757
Module 10: Holidays	10a Travel and leisure · действия	Module 10	10a	spend	проводить (время)	new
Module 10: Holidays	10a Travel and leisure · места и описание	Module 10	10a	ancient culture	древняя культура	new
Module 10: Holidays	10a Travel and leisure · места и описание	Module 10	10a	beauty	красота	new
Module 10: Holidays	10a Travel and leisure · места и описание	Module 10	10a	countryside	сельская местность	reuse:1760
Module 10: Holidays	10a Travel and leisure · места и описание	Module 10	10a	historic	исторический	reuse:3287
Module 10: Holidays	10a Travel and leisure · места и описание	Module 10	10a	magic	волшебство, магия	new
Module 10: Holidays	10a Travel and leisure · места и описание	Module 10	10a	magnificent	великолепный	new
Module 10: Holidays	10a Travel and leisure · места и описание	Module 10	10a	sand	песок	reuse:4443
Module 10: Holidays	10b Let's have fun! · другие слова	Module 10	10b	airport	аэропорт	reuse:1974
Module 10: Holidays	10b Let's have fun! · другие слова	Module 10	10b	business	бизнес	new
Module 10: Holidays	10b Let's have fun! · другие слова	Module 10	10b	decide	решать	new
Module 10: Holidays	10b Let's have fun! · другие слова	Module 10	10b	mind	ум	reuse:1254
Module 10: Holidays	10b Let's have fun! · другие слова	Module 10	10b	Don't worry!	Не волнуйтесь!	new
Module 10: Holidays	10b Let's have fun! · другие слова	Module 10	10b	pass the exam	сдать экзамен	new
Module 10: Holidays	10b Let's have fun! · чувства и описание	Module 10	10b	bored	скучающий	reuse:704
Module 10: Holidays	10b Let's have fun! · чувства и описание	Module 10	10b	boring	скучный	reuse:521
Module 10: Holidays	10b Let's have fun! · чувства и описание	Module 10	10b	difficult	трудный, сложный	reuse:725
Module 10: Holidays	10b Let's have fun! · чувства и описание	Module 10	10b	enjoyable	приятный, доставляющий удовольствие	reuse:3692
Module 10: Holidays	10b Let's have fun! · чувства и описание	Module 10	10b	excited	взволнованный	reuse:1808
Module 10: Holidays	10b Let's have fun! · чувства и описание	Module 10	10b	exciting	волнующий	reuse:727
Module 10: Holidays	10b Let's have fun! · чувства и описание	Module 10	10b	feeling	ощущение, чувство	new
Module 10: Holidays	10b Let's have fun! · чувства и описание	Module 10	10b	hard	тяжёлый, трудный	new
Module 10: Holidays	10b Let's have fun! · чувства и описание	Module 10	10b	hungry	голодный	reuse:1454
Module 10: Holidays	10b Let's have fun! · чувства и описание	Module 10	10b	relaxed	расслабленный	reuse:3018
Module 10: Holidays	10b Let's have fun! · чувства и описание	Module 10	10b	relaxing	расслабляющий	reuse:3028
Module 10: Holidays	10b Let's have fun! · чувства и описание	Module 10	10b	tiring	утомительный	reuse:3030
Module 10: Holidays	10b Let's have fun! · чувства и описание	Module 10	10b	tired	уставший	reuse:708
Module 10: Holidays	10b Let's have fun! · виды отдыха	Module 10	10b	canoeing	гребля на каноэ	reuse:2215
Module 10: Holidays	10b Let's have fun! · виды отдыха	Module 10	10b	fishing	рыбалка	reuse:2441
Module 10: Holidays	10b Let's have fun! · виды отдыха	Module 10	10b	hiking	поход	reuse:4682
Module 10: Holidays	10b Let's have fun! · виды отдыха	Module 10	10b	jet skiing	катание на гидроцикле	new
Module 10: Holidays	10b Let's have fun! · виды отдыха	Module 10	10b	sailing	хождение на яхте	reuse:669
Module 10: Holidays	10b Let's have fun! · виды отдыха	Module 10	10b	scuba diving	подводное плавание, погружение с аквалангом	new
Module 10: Holidays	10b Let's have fun! · виды отдыха	Module 10	10b	sunbathing	приём солнечных ванн	new
Module 10: Holidays	10b Let's have fun! · виды отдыха	Module 10	10b	white water rafting	сплав (на плотах) по горным рекам	new
Module 10: Holidays	10b Let's have fun! · виды отдыха	Module 10	10b	windsurfing	виндсёрфинг	reuse:677
Module 10: Holidays	10c Just a note…	Module 10	10c	abbreviation	аббревиатура, сокращение	new
Module 10: Holidays	10c Just a note…	Module 10	10c	dentist	стоматолог	reuse:1354
Module 10: Holidays	10c Just a note…	Module 10	10c	headache	головная боль	reuse:366
Module 10: Holidays	10c Just a note…	Module 10	10c	health matters	вопросы здоровья	new
Module 10: Holidays	10c Just a note…	Module 10	10c	note	записка	reuse:3142
Module 10: Holidays	10c Just a note…	Module 10	10c	pharmacy	аптека	reuse:873
Module 10: Holidays	10c Just a note…	Module 10	10c	reception	стойка администратора	new
Module 10: Holidays	10c Just a note…	Module 10	10c	stomachache	боль в животе	reuse:368
Module 10: Holidays	10c Just a note…	Module 10	10c	sunburn	ожог от солнца	new
Module 10: Holidays	10c Just a note…	Module 10	10c	temperature	температура	reuse:925
Module 10: Holidays	10c Just a note…	Module 10	10c	toothache	зубная боль	reuse:369
Module 10: Holidays	10c Just a note…	Module 10	10c	put lotion	наносить мазь, лосьон	new
Module 10: Holidays	10c Just a note…	Module 10	10c	see a doctor	посещать доктора	new
Module 10: Holidays	10c Just a note…	Module 10	10c	stay out of the sun	не выходить на солнце	new
Module 10: Holidays	10d Culture Corner: Hello from…	Module 10	10d - Culture Corner	aboard	на борту	reuse:3362
Module 10: Holidays	10d Culture Corner: Hello from…	Module 10	10d - Culture Corner	castle	замок	reuse:1933
Module 10: Holidays	10d Culture Corner: Hello from…	Module 10	10d - Culture Corner	cathedral	собор	reuse:1934
Module 10: Holidays	10d Culture Corner: Hello from…	Module 10	10d - Culture Corner	flat tyre	спущенная шина	new
Module 10: Holidays	10d Culture Corner: Hello from…	Module 10	10d - Culture Corner	scenic	живописный, красивый	new
Module 10: Holidays	10d Culture Corner: Hello from…	Module 10	10d - Culture Corner	sit back	откидываться (на спинку сиденья)	new
Module 10: Holidays	10d Culture Corner: Hello from…	Module 10	10d - Culture Corner	square	квадрат (зд.)	reuse:4171
Module 10: Holidays	10d Culture Corner: Hello from…	Module 10	10d - Culture Corner	team	команда	reuse:4426
Module 10: Holidays	10d Culture Corner: Hello from…	Module 10	10d - Culture Corner	win	выигрывать	reuse:1154
Module 10: Holidays	10d Culture Corner: Hello from…	Module 10	10d - Culture Corner	miss a turn	пропускать ход	new
Module 10: Holidays	English in Use 10	Module 10	English in Use 10	kind	вид, тип	new
Module 10: Holidays	English in Use 10	Module 10	English in Use 10	ordinary	обычный	new
Module 10: Holidays	English in Use 10	Module 10	English in Use 10	reasonable	справедливый, разумный	new
Module 10: Holidays	English in Use 10	Module 10	English in Use 10	rent	брать напрокат	new
Module 10: Holidays	English in Use 10	Module 10	English in Use 10	sign	подписывать(ся), ставить подпись	new
Module 10: Holidays	English in Use 10	Module 10	English in Use 10	per day	в день	new
Module 10: Holidays	Across the Curriculum 10: Geography	Module 10	Across the Curriculum 10: Geography	bottled water	бутилированная вода	new
Module 10: Holidays	Across the Curriculum 10: Geography	Module 10	Across the Curriculum 10: Geography	cartoon strip	комикс	reuse:2209
Module 10: Holidays	Across the Curriculum 10: Geography	Module 10	Across the Curriculum 10: Geography	leaflet	листовка	new
Module 10: Holidays	Across the Curriculum 10: Geography	Module 10	Across the Curriculum 10: Geography	point	пункт	new
Module 10: Holidays	Across the Curriculum 10: Geography	Module 10	Across the Curriculum 10: Geography	reason	причина	new
Module 10: Holidays	Across the Curriculum 10: Geography	Module 10	Across the Curriculum 10: Geography	shut up	замолчать	new
Module 10: Holidays	Across the Curriculum 10: Geography	Module 10	Across the Curriculum 10: Geography	stream	ручей	new
Module 10: Holidays	Across the Curriculum 10: Geography	Module 10	Across the Curriculum 10: Geography	tent	палатка	reuse:811
Module 10: Holidays	Across the Curriculum 10: Geography	Module 10	Across the Curriculum 10: Geography	whistle	свисток	new
Module 10: Holidays	Across the Curriculum 10: Geography	Module 10	Across the Curriculum 10: Geography	get lost	потеряться	reuse:895
Module 10: Holidays	Across the Curriculum 10: Geography	Module 10	Across the Curriculum 10: Geography	Let's have some fun!	Давайте повеселимся!	new
Module 10: Holidays	Across the Curriculum 10: Geography	Module 10	Across the Curriculum 10: Geography	start a fire	разводить костёр	new
Другие разделы	Geographical Names · части света	Geographical Names		Africa	Африка	new
Другие разделы	Geographical Names · части света	Geographical Names		America	Америка	new
Другие разделы	Geographical Names · части света	Geographical Names		Antarctica	Антарктида	new
Другие разделы	Geographical Names · части света	Geographical Names		Asia	Азия	new
Другие разделы	Geographical Names · части света	Geographical Names		Australia	Австралия	reuse:372
Другие разделы	Geographical Names · части света	Geographical Names		Europe	Европа	new
Другие разделы	Geographical Names · части света	Geographical Names		North America	Северная Америка	new
Другие разделы	Geographical Names · части света	Geographical Names		South America	Южная Америка	new
Другие разделы	Geographical Names · части света	Geographical Names		South Asia	Южная Азия	none
Другие разделы	Geographical Names · города	Geographical Names		Agra	г. Агра (Индия)	none
Другие разделы	Geographical Names · города	Geographical Names		Ballater	г. Баллатер (Великобритания)	none
Другие разделы	Geographical Names · города	Geographical Names		Barranquilla	г. Барранкилья (Колумбия)	none
Другие разделы	Geographical Names · города	Geographical Names		Belfast	Белфаст (Северная Ирландия)	new
Другие разделы	Geographical Names · города	Geographical Names		Canberra	Канберра	new
Другие разделы	Geographical Names · города	Geographical Names		Cork	г. Корк (Ирландия)	none
Другие разделы	Geographical Names · города	Geographical Names		Dublin	г. Дублин (Ирландия)	new
Другие разделы	Geographical Names · города	Geographical Names		Edinburgh	г. Эдинбург (Шотландия)	new
Другие разделы	Geographical Names · города	Geographical Names		Glasgow	г. Глазго (Шотландия)	new
Другие разделы	Geographical Names · города	Geographical Names		London	Лондон	reuse:4318
Другие разделы	Geographical Names · города	Geographical Names		New York City	Нью-Йорк	new
Другие разделы	Geographical Names · города	Geographical Names		Oban	г. Обан (Великобритания)	none
Другие разделы	Geographical Names · города	Geographical Names		Ottawa	г. Оттава (Канада)	new
Другие разделы	Geographical Names · города	Geographical Names		Springfield	г. Спрингфилд (США)	none
Другие разделы	Geographical Names · города	Geographical Names		St Andrews	г. Сент-Эндрюс (Шотландия)	new
Другие разделы	Geographical Names · города	Geographical Names		Stirling	г. Стерлинг (Шотландия)	none
Другие разделы	Geographical Names · города	Geographical Names		Washington DC	Вашингтон (округ Колумбия)	new
Другие разделы	Geographical Names · города	Geographical Names		Wellington	г. Веллингтон (Новая Зеландия)	new
Другие разделы	Geographical Names · города	Geographical Names		York	г. Йорк (Великобритания)	new
Другие разделы	Geographical Names · страны A–I	Geographical Names		Alaska	Аляска	new
Другие разделы	Geographical Names · страны A–I	Geographical Names		Brazil	Бразилия	reuse:373
Другие разделы	Geographical Names · страны A–I	Geographical Names		Canada	Канада	reuse:4794
Другие разделы	Geographical Names · страны A–I	Geographical Names		China	Китай	reuse:375
Другие разделы	Geographical Names · страны A–I	Geographical Names		Colombia	Колумбия	new
Другие разделы	Geographical Names · страны A–I	Geographical Names		Egypt	Египет	reuse:376
Другие разделы	Geographical Names · страны A–I	Geographical Names		England	Англия	reuse:4796
Другие разделы	Geographical Names · страны A–I	Geographical Names		France	Франция	reuse:4798
Другие разделы	Geographical Names · страны A–I	Geographical Names		Germany	Германия	reuse:4799
Другие разделы	Geographical Names · страны A–I	Geographical Names		(Great) Britain	Великобритания	new
Другие разделы	Geographical Names · страны A–I	Geographical Names		Greece	Греция	reuse:4800
Другие разделы	Geographical Names · страны A–I	Geographical Names		India	Индия	reuse:377
Другие разделы	Geographical Names · страны A–I	Geographical Names		Ireland	Ирландия	reuse:4801
Другие разделы	Geographical Names · страны A–I	Geographical Names		Italy	Италия	reuse:1424
Другие разделы	Geographical Names · острова, реки, горы	Geographical Names		Aleutian Islands	Алеутские острова	none
Другие разделы	Geographical Names · острова, реки, горы	Geographical Names		Bering Sea	Берингово море	new
Другие разделы	Geographical Names · острова, реки, горы	Geographical Names		Dona Lola	Дона Лола (курорт в Испании)	none
Другие разделы	Geographical Names · острова, реки, горы	Geographical Names		Forth	Форт (река в Шотландии)	none
Другие разделы	Geographical Names · острова, реки, горы	Geographical Names		Kiska Island	о. Киска (Аляска)	none
Другие разделы	Geographical Names · острова, реки, горы	Geographical Names		Kodiak Island	о. Кадьяк (Аляска)	none
Другие разделы	Geographical Names · острова, реки, горы	Geographical Names		Loch Ness	оз. Лохнесс	new
Другие разделы	Geographical Names · острова, реки, горы	Geographical Names		Mallorca	о. Майорка (Испания)	new
Другие разделы	Geographical Names · острова, реки, горы	Geographical Names		Mount Kilimanjaro	гора Килиманджаро	new
Другие разделы	Geographical Names · острова, реки, горы	Geographical Names		Northern India	север Индии	none
Другие разделы	Geographical Names · острова, реки, горы	Geographical Names		Nunivak Island	о. Нунивак (Аляска)	none
Другие разделы	Geographical Names · острова, реки, горы	Geographical Names		Pacific Ocean	Тихий океан	new
Другие разделы	Geographical Names · острова, реки, горы	Geographical Names		Pribilof Islands	острова Прибылова	none
Другие разделы	Geographical Names · острова, реки, горы	Geographical Names		the River Nile	р. Нил	new
Другие разделы	Geographical Names · острова, реки, горы	Geographical Names		the River Stirling	р. Стерлинг (Шотландия)	none
Другие разделы	Geographical Names · острова, реки, горы	Geographical Names		Southwest Alaska	юго-запад Аляски	none
Другие разделы	Geographical Names · острова, реки, горы	Geographical Names		St George Island	остров Святого Георгия	none
Другие разделы	Geographical Names · острова, реки, горы	Geographical Names		St Lawrence Island	остров Святого Лаврентия	none
Другие разделы	Geographical Names · острова, реки, горы	Geographical Names		St Matthew Island	остров Святого Матвея	none
Другие разделы	Geographical Names · острова, реки, горы	Geographical Names		St Paul Island	остров Святого Павла	none
Другие разделы	Geographical Names · острова, реки, горы	Geographical Names		Surrey	графство Суррей	none
Другие разделы	Geographical Names · острова, реки, горы	Geographical Names		the Thames	р. Темза (Великобритания)	new
Другие разделы	Geographical Names · острова, реки, горы	Geographical Names		the Himalayas	Гималаи	new
Другие разделы	Geographical Names · острова, реки, горы	Geographical Names		Valley of the Kings	Долина Королей	new
Другие разделы	Geographical Names · страны J–W	Geographical Names		Japan	Япония	reuse:4803
Другие разделы	Geographical Names · страны J–W	Geographical Names		Korea	Корея	new
Другие разделы	Geographical Names · страны J–W	Geographical Names		Mexico	Мексика	reuse:378
Другие разделы	Geographical Names · страны J–W	Geographical Names		Nepal	Непал	new
Другие разделы	Geographical Names · страны J–W	Geographical Names		New Zealand	Новая Зеландия	reuse:4805
Другие разделы	Geographical Names · страны J–W	Geographical Names		Northern Ireland	Северная Ирландия	new
Другие разделы	Geographical Names · страны J–W	Geographical Names		Pakistan	Пакистан	new
Другие разделы	Geographical Names · страны J–W	Geographical Names		Russia	Россия	reuse:1428
Другие разделы	Geographical Names · страны J–W	Geographical Names		Scotland	Шотландия	reuse:4808
Другие разделы	Geographical Names · страны J–W	Geographical Names		Spain	Испания	reuse:379
Другие разделы	Geographical Names · страны J–W	Geographical Names		Switzerland	Швейцария	new
Другие разделы	Geographical Names · страны J–W	Geographical Names		Turkey	Турция	reuse:380
Другие разделы	Geographical Names · страны J–W	Geographical Names		the Philippines	Филиппины	new
Другие разделы	Geographical Names · страны J–W	Geographical Names		the UK (the United Kingdom)	Соединённое Королевство (Великобритании и Северной Ирландии)	new
Другие разделы	Geographical Names · страны J–W	Geographical Names		the USA (the United States of America)	Соединенные Штаты Америки	new
Другие разделы	Geographical Names · страны J–W	Geographical Names		Wales	Уэльс	new
